{"stats":{"minecraft:dropped":{"minecraft:bread":41,"butcher:villager_head_brain_remove":1,"minecraft:mangrove_propagule":1,"minecraft:poppy":1,"iammusicplayer:cassette_tape":1},"minecraft:killed":{"minecraft:husk":1,"minecraft:rabbit":1,"minecraft:spider":1,"minecraft:iron_golem":3,"minecraft:skeleton":1,"minecraft:pillager":2,"minecraft:zombie":2,"minecraft:villager":2},"minecraft:custom":{"minecraft:interact_with_smithing_table":1,"minecraft:interact_with_furnace":4,"minecraft:mob_kills":14,"minecraft:interact_with_crafting_table":6,"minecraft:damage_dealt_resisted":22,"minecraft:leave_game":9,"minecraft:time_since_death":29586,"minecraft:sleep_in_bed":1,"minecraft:climb_one_cm":4182,"minecraft:time_since_rest":29690,"minecraft:sprint_one_cm":279916,"minecraft:damage_taken":1454,"minecraft:walk_one_cm":207974,"minecraft:drop":6,"minecraft:damage_dealt":4549,"minecraft:damage_dealt_absorbed":33,"minecraft:swim_one_cm":6184,"minecraft:fly_one_cm":320992,"minecraft:open_chest":13,"minecraft:crouch_one_cm":517,"minecraft:play_time":38163,"minecraft:deaths":4,"minecraft:sneak_time":188,"minecraft:walk_under_water_one_cm":502,"minecraft:jump":829,"minecraft:walk_on_water_one_cm":4336,"minecraft:total_world_time":38163,"minecraft:fall_one_cm":20869},"minecraft:used":{"butcher:villager_corpse_item":2,"butcher:butchers_knife":8,"minecraft:torch":2,"minecraft:lime_bed":1,"butcher:villager_head":2,"minecraft:dripstone_block":1,"minecraft:dark_oak_log":3,"minecraft:iron_axe":38,"minecraft:bread":14,"minecraft:iron_pickaxe":20,"minecraft:gravel":2,"minecraft:cobblestone":9,"minecraft:hay_block":10,"minecraft:mangrove_roots":1,"minecraft:oak_sapling":12,"minecraft:chain":5,"butcher:villagerbrain":4,"minecraft:cobbled_deepslate":2,"epicfight:uchigatana":55,"minecraft:pointed_dripstone":1},"minecraft:crafted":{"minecraft:iron_nugget":18,"minecraft:chain":2,"minecraft:iron_sword":1,"minecraft:bread":75,"minecraft:air":0,"minecraft:iron_axe":1,"butcher:hook":3,"minecraft:iron_ingot":2,"minecraft:iron_pickaxe":1,"butcher:butchers_knife":1,"minecraft:torch":4,"minecraft:wheat":225},"minecraft:killed_by":{"minecraft:player":1,"minecraft:creeper":1,"minecraft:iron_golem":1},"minecraft:mined":{"minecraft:deepslate_diamond_ore":1,"minecraft:dark_oak_log":9,"minecraft:mangrove_roots":1,"minecraft:dark_oak_fence":10,"minecraft:dead_bush":32,"minecraft:tall_grass":2,"minecraft:cobblestone":11,"minecraft:wall_torch":2,"minecraft:hay_block":35,"minecraft:tall_seagrass":2,"minecraft:chain":3,"treechop:chopped_log":3,"minecraft:grass":2,"minecraft:pointed_dripstone":1,"minecraft:gravel":2,"minecraft:dripstone_block":1,"minecraft:deepslate":3},"minecraft:picked_up":{"butcher:villager_meat":8,"butcher:villager_head":2,"butcher:villagerbrain":4,"minecraft:oak_log":17,"minecraft:chain":3,"minecraft:string":1,"minecraft:bone":1,"minecraft:apple":1,"minecraft:wheat_seeds":1,"minecraft:cobbled_deepslate":2,"minecraft:iron_ingot":13,"butcher:villager_corpse_item":2,"minecraft:poppy":1,"minecraft:rabbit":1,"minecraft:stick":31,"minecraft:torch":2,"minecraft:dandelion":1,"minecraft:dripstone_block":1,"minecraft:gravel":2,"minecraft:pointed_dripstone":1,"minecraft:dark_oak_log":9,"minecraft:spider_eye":1,"minecraft:arrow":1,"minecraft:rotten_flesh":3,"minecraft:diamond":1,"minecraft:hay_block":35,"minecraft:mangrove_roots":1,"butcher:villager_head_brain_remove":2,"minecraft:oak_sapling":12,"minecraft:dark_oak_fence":9,"minecraft:mangrove_propagule":1,"minecraft:cobblestone":9}},"DataVersion":3465}