{"stats":{"minecraft:dropped":{"butcher:rope":1,"minecraft:oak_log":16,"minecraft:baked_potato":32,"minecraft:golden_pickaxe":1,"minecraft:glass_bottle":5,"minecraft:cracked_stone_bricks":3,"minecraft:dirt":1,"minecraft:cornflower":2,"butcher:pork_leg":4,"minecraft:bone_block":2,"minecraft:sand":4,"butcher:pig_skin":2,"iammusicplayer:parabolic_antenna":1,"minecraft:white_wool":3,"minecraft:bone":5,"minecraft:gravel":1,"minecraft:polished_blackstone_wall":3,"minecraft:rotten_flesh":14,"iammusicplayer:boombox":2,"minecraft:poppy":1,"minecraft:tipped_arrow":3,"minecraft:gunpowder":4,"minecraft:leather_leggings":1,"minecraft:blackstone_slab":4,"minecraft:iron_bars":2,"minecraft:arrow":6,"iammusicplayer:cassette_tape":1,"butcher:ham":1,"minecraft:netherrack":63,"minecraft:iron_ingot":25,"minecraft:bread":41,"minecraft:wheat_seeds":1,"butcher:villager_meat":1,"minecraft:mossy_cobblestone":1,"minecraft:polished_blackstone":1,"butcher:sheep_skin":4,"minecraft:diamond_leggings":1,"minecraft:mangrove_propagule":1,"minecraft:iron_helmet":2,"minecraft:book":12,"minecraft:copper_ingot":1,"minecraft:blackstone_wall":2,"minecraft:rabbit":1,"minecraft:zombie_head":1,"minecraft:oak_stairs":8,"minecraft:polished_andesite_stairs":2,"butcher:butcherstable":2,"minecraft:string":14,"minecraft:smooth_sandstone":8,"minecraft:chiseled_sandstone":1,"minecraft:dandelion":1,"butcher:villagerbrain":1,"butcher:villager_head_brain_remove":1,"butcher:spitroast":1,"minecraft:diamond_sword":1,"minecraft:diamond_chestplate":1,"minecraft:orange_terracotta":10,"minecraft:iron_chestplate":1,"minecraft:mossy_stone_bricks":3,"minecraft:spider_eye":2,"minecraft:diamond_boots":1,"wom:diamond_crown":3,"epicfight:skillbook":1,"butcher:pork_belly":1,"minecraft:terracotta":1},"minecraft:used":{"butcher:skinned_drained_sheep_corpse_item":3,"minecraft:smooth_sandstone_stairs":5,"minecraft:nether_bricks":56,"minecraft:warden_spawn_egg":3,"butcher:pork_loin":1,"minecraft:stone_bricks":1,"minecraft:hay_block":10,"minecraft:mangrove_roots":2,"minecraft:oak_sapling":12,"minecraft:egg":14,"butcher:villagerbrain":7,"minecraft:bamboo_trapdoor":1,"epicfight:skillbook":6,"minecraft:blackstone":2,"minecraft:sandstone":22,"iammusicplayer:music_manager":1,"minecraft:white_wool":1,"butcher:rope":1,"minecraft:golden_apple":12,"minecraft:sand":53,"minecraft:dripstone_block":1,"butcher:villager_head":5,"butcher:drained_villager_corpse_item":5,"minecraft:dark_oak_log":4,"minecraft:bread":37,"minecraft:gravel":20,"createdieselgenerators:pumpjack_bearing":1,"minecraft:diamond_sword":187,"minecraft:chain":7,"minecraft:iron_bars":114,"minecraft:flint_and_steel":4,"minecraft:sandstone_wall":1,"minecraft:torch":19,"minecraft:dirt":5,"butcher:sheep_corpse_item":3,"minecraft:nether_brick_stairs":1,"minecraft:iron_axe":73,"minecraft:smooth_sandstone":4,"minecraft:red_candle":4,"butcher:bloodgrate":3,"minecraft:cooked_beef":6,"minecraft:cobbled_deepslate":2,"minecraft:orange_terracotta":7,"minecraft:pointed_dripstone":1,"butcher:villager_corpse_skeleton_item":3,"butcher:villager_corpse_item":10,"minecraft:cooked_mutton":4,"minecraft:water_bucket":6,"minecraft:sandstone_stairs":1,"minecraft:polished_andesite":1,"butcher:butchers_knife":49,"minecraft:baked_potato":34,"butcher:villager_meat":16,"butcher:cooked_villager_meat":8,"minecraft:cut_sandstone":2,"wom:ruine":54,"minecraft:green_bed":1,"minecraft:cracked_stone_bricks":38,"farmersdelight:onion":1,"minecraft:crafting_table":1,"minecraft:tnt":1,"minecraft:lime_bed":1,"minecraft:red_bed":1,"minecraft:campfire":2,"butcher:pig_corpse_item":1,"minecraft:oak_log":1,"wom:diamond_crown":1,"minecraft:diamond_pickaxe":135,"minecraft:apple":1,"minecraft:pig_spawn_egg":1,"minecraft:iron_pickaxe":59,"butcher:villager_head_brain_remove":2,"butcher:butcherstable":2,"minecraft:stone_axe":4,"butcher:skinned_pig_corpse":1,"minecraft:cobblestone":9,"minecraft:potion":5,"minecraft:porkchop":2,"minecraft:bucket":5,"create:hand_crank":1,"minecraft:polished_blackstone_button":1,"butcher:pork_shoulder":1,"minecraft:sculk_catalyst":1,"epicfight:uchigatana":132},"minecraft:mined":{"butcher:villager_skeleton":1,"minecraft:grass_block":3,"butcher:hanging_skinned_drained_sheep":1,"minecraft:spawner":57,"minecraft:tall_seagrass":2,"minecraft:sculk_catalyst":1,"butcher:villagerbrain":1,"minecraft:nether_brick_stairs":3,"minecraft:pointed_dripstone":1,"minecraft:iron_bars":40,"minecraft:smooth_sandstone_stairs":3,"iammusicplayer:music_manager":1,"minecraft:green_bed":1,"minecraft:jungle_door":1,"minecraft:blackstone":2,"minecraft:orange_terracotta":7,"minecraft:torch":2,"minecraft:polished_andesite_stairs":2,"minecraft:dead_bush":34,"minecraft:cobblestone":11,"minecraft:wall_torch":6,"minecraft:chain":3,"butcher:hanging_skinned_sheep_corpse":1,"minecraft:grass":2,"minecraft:oak_log":1,"minecraft:sand":9,"minecraft:dirt":2,"minecraft:ancient_debris":2,"minecraft:deepslate":3,"butcher:hanging_drained_villager":1,"minecraft:mossy_cobblestone":4,"butcher:bloodgrate":1,"minecraft:deepslate_diamond_ore":1,"minecraft:dark_oak_log":36,"minecraft:mangrove_roots":2,"minecraft:nether_bricks":5,"minecraft:dark_oak_fence":10,"minecraft:sandstone":22,"minecraft:hay_block":35,"treechop:chopped_log":3,"minecraft:gold_block":1,"minecraft:bookshelf":4,"minecraft:vine":2,"minecraft:smooth_sandstone":4,"minecraft:crafting_table":1,"minecraft:blackstone_slab":2,"butcher:villager_head_brain_remove":1,"minecraft:tall_grass":2,"minecraft:lime_bed":1,"butcher:drained_skinned_hanging_pig":1,"minecraft:mangrove_leaves":2,"minecraft:gravel":21,"minecraft:dripstone_block":1,"minecraft:cracked_stone_bricks":7,"minecraft:polished_andesite":1,"minecraft:stone_bricks":1},"minecraft:killed":{"minecraft:cave_spider":1,"minecraft:zombified_piglin":1,"minecraft:spider":17,"minecraft:skeleton":13,"minecraft:piglin":1,"minecraft:zombie_villager":1,"minecraft:iron_golem":3,"minecraft:creeper":3,"minecraft:sheep":3,"minecraft:pillager":3,"minecraft:zombie":18,"minecraft:stray":4,"minecraft:drowned":2,"minecraft:warden":2,"minecraft:husk":1,"minecraft:rabbit":1,"minecraft:wither_skeleton":2,"minecraft:villager":6},"minecraft:custom":{"minecraft:interact_with_crafting_table":15,"minecraft:bell_ring":3,"minecraft:leave_game":13,"minecraft:time_since_death":20260,"minecraft:sprint_one_cm":1558716,"minecraft:drop":101,"minecraft:talked_to_villager":1,"minecraft:play_time":357597,"minecraft:deaths":20,"minecraft:jump":4306,"minecraft:interact_with_brewingstand":1,"minecraft:walk_on_water_one_cm":48730,"minecraft:interact_with_furnace":4,"minecraft:interact_with_loom":1,"minecraft:sleep_in_bed":1,"minecraft:damage_dealt":27160,"minecraft:player_kills":2,"minecraft:crouch_one_cm":6815,"minecraft:interact_with_smoker":3,"minecraft:horse_one_cm":2808,"minecraft:interact_with_smithing_table":1,"minecraft:mob_kills":87,"minecraft:interact_with_anvil":3,"minecraft:damage_dealt_resisted":22,"minecraft:climb_one_cm":13242,"minecraft:walk_one_cm":1711477,"minecraft:damage_dealt_absorbed":33,"minecraft:sneak_time":3652,"minecraft:walk_under_water_one_cm":6738,"minecraft:total_world_time":357597,"minecraft:time_since_rest":20291,"minecraft:damage_taken":17330,"minecraft:damage_absorbed":595,"minecraft:swim_one_cm":27644,"minecraft:fly_one_cm":2472834,"minecraft:open_chest":160,"minecraft:fall_one_cm":177168},"minecraft:killed_by":{"minecraft:creeper":1,"minecraft:zombie":2,"minecraft:player":2,"minecraft:stray":1,"minecraft:iron_golem":1,"minecraft:warden":5,"minecraft:skeleton":2,"cataclysm:netherite_monstrosity":1},"minecraft:crafted":{"minecraft:chain":4,"minecraft:cooked_mutton":3,"minecraft:iron_bars":16,"butcher:skinning_knife":1,"minecraft:iron_pickaxe":1,"minecraft:iron_ingot":2,"butcher:butchers_knife":1,"butcher:bloodgrate":2,"minecraft:iron_nugget":45,"minecraft:flint_and_steel":1,"minecraft:iron_axe":1,"minecraft:diamond_boots":1,"minecraft:wheat":225,"minecraft:iron_sword":1,"minecraft:bread":75,"minecraft:air":0,"butcher:hook":5,"minecraft:torch":4},"minecraft:broken":{"minecraft:iron_helmet":1},"minecraft:picked_up":{"minecraft:diamond_sword":1,"minecraft:oak_stairs":8,"minecraft:enchanted_book":1,"butcher:rope":1,"minecraft:string":26,"minecraft:zombie_head":1,"minecraft:diamond_leggings":1,"minecraft:cobbled_deepslate":2,"minecraft:golden_helmet":1,"minecraft:tipped_arrow":3,"minecraft:stick":33,"minecraft:jungle_door":1,"minecraft:torch":9,"minecraft:green_bed":1,"epicfight:skillbook":3,"minecraft:sandstone_wall":1,"minecraft:porkchop":2,"butcher:pork_shoulder":1,"minecraft:pointed_dripstone":1,"butcher:villager_corpse_skeleton_item":1,"minecraft:rotten_flesh":17,"minecraft:blackstone_wall":2,"minecraft:mangrove_roots":2,"butcher:spitroast":1,"minecraft:netherite_chestplate":1,"iammusicplayer:boombox":1,"minecraft:iron_bars":40,"minecraft:cobblestone":57,"butcher:butcherstable":1,"butcher:pig_corpse_item":1,"butcher:villager_head":5,"paraglider:spirit_orb":112,"minecraft:flint":3,"minecraft:smooth_sandstone_stairs":5,"butcher:pork_belly":1,"butcher:ham":1,"minecraft:dirt":6,"minecraft:bone":22,"minecraft:wheat_seeds":2,"minecraft:mossy_stone_bricks":3,"minecraft:rabbit":1,"minecraft:oak_planks":3,"minecraft:sand":57,"minecraft:nether_brick_stairs":3,"minecraft:chiseled_sandstone":3,"minecraft:dark_oak_log":37,"minecraft:mossy_cobblestone":1,"minecraft:polished_andesite":1,"minecraft:diamond":1,"minecraft:polished_blackstone_button":1,"minecraft:golden_apple":1,"minecraft:chainmail_helmet":1,"minecraft:oak_sapling":12,"minecraft:netherrack":63,"butcher:pork_loin":1,"minecraft:dark_oak_fence":9,"minecraft:crafting_table":1,"minecraft:leather_leggings":1,"minecraft:gold_block":1,"butcher:villagerbrain":8,"minecraft:chain":3,"butcher:skinned_drained_sheep_corpse_item":2,"minecraft:cornflower":2,"minecraft:compass":1,"minecraft:polished_blackstone_wall":3,"minecraft:blackstone":18,"wom:diamond_crown":1,"minecraft:cracked_stone_bricks":9,"butcher:sheep_skin":4,"minecraft:poppy":1,"minecraft:sandstone":30,"butcher:bloodgrate":1,"minecraft:copper_ingot":1,"butcher:sheep_corpse_item":3,"create:hand_crank":1,"minecraft:warden_spawn_egg":1,"minecraft:tnt":1,"minecraft:arrow":15,"minecraft:nether_bricks":5,"minecraft:hay_block":35,"minecraft:sandstone_stairs":1,"butcher:villager_head_brain_remove":3,"minecraft:polished_blackstone":1,"minecraft:mutton":3,"minecraft:white_wool":4,"minecraft:bone_block":2,"butcher:pig_skin":2,"minecraft:lime_bed":1,"butcher:villager_meat":25,"butcher:pork_leg":4,"butcher:cooked_villager_meat":8,"minecraft:cut_sandstone":4,"minecraft:blackstone_slab":4,"minecraft:oak_log":33,"minecraft:ancient_debris":2,"minecraft:jungle_button":3,"minecraft:gunpowder":4,"minecraft:orange_terracotta":17,"minecraft:smooth_sandstone":10,"minecraft:apple":1,"minecraft:stone_bricks":1,"butcher:villager_corpse_item":6,"minecraft:iron_ingot":13,"butcher:drained_villager_corpse_item":2,"minecraft:book":12,"minecraft:sculk_catalyst":1,"minecraft:polished_andesite_stairs":2,"minecraft:dandelion":1,"minecraft:dripstone_block":1,"minecraft:gravel":21,"minecraft:spider_eye":5,"minecraft:stone_axe":1,"minecraft:chainmail_leggings":1,"minecraft:iron_helmet":2,"createdieselgenerators:pumpjack_bearing":1,"minecraft:terracotta":1,"minecraft:baked_potato":32,"minecraft:mangrove_propagule":1,"minecraft:ender_pearl":1}},"DataVersion":3465}