{"stats":{"minecraft:dropped":{"butcher:rope":1,"minecraft:birch_planks":1,"minecraft:oak_log":16,"minecraft:baked_potato":32,"minecraft:golden_pickaxe":1,"minecraft:glass_bottle":5,"minecraft:cracked_stone_bricks":5,"paraglider:spirit_orb":16,"minecraft:dirt":1,"minecraft:cornflower":2,"butcher:pork_leg":4,"minecraft:bone_block":2,"minecraft:sand":39,"butcher:pig_skin":2,"iammusicplayer:parabolic_antenna":1,"minecraft:white_wool":9,"minecraft:bone":6,"minecraft:gravel":1,"minecraft:polished_blackstone_wall":3,"minecraft:rotten_flesh":14,"iammusicplayer:boombox":3,"minecraft:acacia_button":133,"minecraft:sandstone_wall":1,"minecraft:poppy":1,"minecraft:tipped_arrow":5,"minecraft:gunpowder":4,"minecraft:birch_trapdoor":1,"minecraft:quartz_block":1,"minecraft:leather_leggings":1,"minecraft:blackstone_slab":4,"minecraft:iron_bars":2,"minecraft:arrow":6,"butcher:ham":1,"iammusicplayer:cassette_tape":1,"minecraft:acacia_pressure_plate":1,"minecraft:netherrack":63,"minecraft:iron_ingot":53,"minecraft:bread":41,"minecraft:wheat_seeds":1,"butcher:villager_meat":6,"minecraft:tnt":10,"minecraft:mossy_cobblestone":1,"minecraft:polished_blackstone":1,"butcher:sheep_skin":4,"minecraft:diamond_leggings":1,"minecraft:mangrove_propagule":1,"minecraft:iron_helmet":2,"minecraft:book":12,"minecraft:copper_ingot":1,"minecraft:blackstone_wall":2,"minecraft:rabbit":1,"minecraft:zombie_head":1,"minecraft:oak_stairs":8,"minecraft:polished_andesite_stairs":2,"butcher:butcherstable":2,"minecraft:string":14,"minecraft:smooth_sandstone":8,"minecraft:bucket":1,"epicfight:stray_pants":1,"minecraft:chiseled_sandstone":1,"minecraft:dandelion":1,"butcher:villagerbrain":1,"butcher:villager_head_brain_remove":1,"minecraft:ender_eye":64,"butcher:spitroast":1,"minecraft:diamond_sword":1,"minecraft:diamond_chestplate":1,"minecraft:orange_terracotta":19,"minecraft:iron_chestplate":1,"minecraft:mossy_stone_bricks":3,"minecraft:spider_eye":6,"minecraft:diamond_boots":1,"minecraft:sandstone":16,"minecraft:bow":1,"wom:diamond_crown":3,"epicfight:skillbook":1,"minecraft:brick":62,"butcher:pork_belly":1,"minecraft:terracotta":1},"minecraft:used":{"butcher:skinned_drained_sheep_corpse_item":3,"minecraft:stone":2,"minecraft:smooth_sandstone_stairs":5,"minecraft:nether_bricks":56,"minecraft:warden_spawn_egg":3,"butcher:pork_loin":1,"minecraft:stone_bricks":1,"minecraft:bow":2,"minecraft:hay_block":10,"minecraft:mangrove_roots":2,"minecraft:oak_sapling":12,"minecraft:gold_block":28,"minecraft:egg":14,"butcher:villagerbrain":8,"minecraft:bamboo_trapdoor":1,"epicfight:skillbook":7,"minecraft:oak_planks":9,"minecraft:blackstone":2,"minecraft:sandstone":22,"iammusicplayer:music_manager":1,"minecraft:golden_apple":14,"minecraft:white_wool":1,"butcher:rope":1,"minecraft:sand":115,"minecraft:sponge":5,"butcher:villager_head":6,"minecraft:dripstone_block":1,"butcher:drained_villager_corpse_item":5,"minecraft:dark_oak_log":4,"minecraft:bread":37,"minecraft:gravel":20,"createdieselgenerators:pumpjack_bearing":1,"minecraft:diamond_sword":292,"minecraft:chain":7,"minecraft:iron_bars":114,"minecraft:enchanting_table":1,"minecraft:flint_and_steel":4,"minecraft:sandstone_wall":2,"minecraft:torch":36,"minecraft:dirt":6,"butcher:sheep_corpse_item":5,"minecraft:nether_brick_stairs":1,"wom:ender_blaster":19,"minecraft:iron_axe":151,"minecraft:smooth_sandstone":4,"minecraft:red_candle":4,"butcher:bloodgrate":3,"minecraft:emerald_block":2,"minecraft:deepslate_tile_stairs":2,"minecraft:cooked_beef":6,"minecraft:cobbled_deepslate":2,"minecraft:orange_terracotta":17,"minecraft:pointed_dripstone":1,"butcher:villager_corpse_skeleton_item":3,"butcher:villager_corpse_item":14,"minecraft:cooked_mutton":4,"minecraft:water_bucket":6,"minecraft:sandstone_stairs":1,"minecraft:polished_andesite":1,"minecraft:baked_potato":59,"butcher:butchers_knife":75,"butcher:villager_meat":16,"butcher:cooked_villager_meat":8,"minecraft:cut_sandstone":2,"wom:ruine":54,"minecraft:green_bed":1,"minecraft:cracked_stone_bricks":38,"farmersdelight:onion":1,"minecraft:lime_bed":1,"minecraft:tnt":4,"minecraft:crafting_table":1,"minecraft:red_bed":1,"minecraft:campfire":2,"butcher:skinning_knife":1,"butcher:pig_corpse_item":1,"minecraft:oak_log":1,"wom:diamond_crown":1,"minecraft:ender_eye":102,"minecraft:diamond_pickaxe":174,"minecraft:apple":1,"minecraft:diamond_shovel":2,"minecraft:iron_pickaxe":59,"minecraft:pig_spawn_egg":1,"butcher:villager_head_brain_remove":2,"minecraft:stone_axe":4,"butcher:butcherstable":2,"butcher:skinned_pig_corpse":1,"minecraft:cobblestone":9,"minecraft:potion":5,"minecraft:porkchop":2,"butcher:pliers":1,"minecraft:bucket":5,"create:hand_crank":1,"minecraft:polished_blackstone_button":1,"butcher:pork_shoulder":1,"epicfight:uchigatana":132,"minecraft:sculk_catalyst":1},"minecraft:mined":{"butcher:villager_skeleton":1,"minecraft:grass_block":4,"butcher:hanging_skinned_drained_sheep":1,"minecraft:spawner":72,"minecraft:tall_seagrass":2,"minecraft:sculk_catalyst":1,"butcher:villagerbrain":2,"minecraft:nether_brick_stairs":3,"minecraft:pointed_dripstone":1,"minecraft:iron_bars":52,"minecraft:smooth_sandstone_stairs":3,"iammusicplayer:music_manager":1,"minecraft:green_bed":1,"minecraft:jungle_door":1,"minecraft:quartz_block":2,"minecraft:blackstone":2,"minecraft:orange_terracotta":7,"minecraft:torch":5,"minecraft:polished_andesite_stairs":2,"minecraft:dead_bush":34,"minecraft:cobblestone":11,"minecraft:iron_door":2,"minecraft:wall_torch":7,"minecraft:chain":3,"butcher:hanging_skinned_sheep_corpse":1,"minecraft:tnt":36,"minecraft:stone_brick_stairs":1,"minecraft:grass":12,"minecraft:oak_log":1,"minecraft:sand":14,"minecraft:dirt":2,"minecraft:sandstone_wall":2,"minecraft:ancient_debris":2,"minecraft:deepslate":3,"butcher:hanging_drained_villager":1,"minecraft:mossy_cobblestone":4,"butcher:bloodgrate":1,"minecraft:deepslate_diamond_ore":1,"minecraft:dark_oak_log":36,"minecraft:mangrove_roots":2,"minecraft:nether_bricks":5,"minecraft:dark_oak_fence":10,"minecraft:acacia_button":77,"minecraft:sandstone":22,"minecraft:hay_block":35,"treechop:chopped_log":3,"minecraft:gold_block":1,"minecraft:bookshelf":4,"minecraft:vine":4,"minecraft:smooth_sandstone":4,"minecraft:crafting_table":1,"minecraft:blackstone_slab":2,"butcher:villager_head_brain_remove":1,"minecraft:tall_grass":2,"minecraft:lime_bed":1,"butcher:drained_skinned_hanging_pig":1,"minecraft:mangrove_leaves":2,"minecraft:gravel":21,"minecraft:dripstone_block":1,"minecraft:cracked_stone_bricks":7,"minecraft:polished_andesite":1,"minecraft:stone_bricks":1,"minecraft:mossy_stone_bricks":1},"minecraft:killed":{"minecraft:cave_spider":6,"minecraft:zombified_piglin":1,"minecraft:spider":18,"minecraft:skeleton":17,"minecraft:silverfish":1,"minecraft:piglin":1,"minecraft:zombie_villager":1,"minecraft:iron_golem":3,"minecraft:creeper":4,"minecraft:sheep":10,"minecraft:pillager":3,"minecraft:zombie":20,"minecraft:stray":7,"minecraft:drowned":2,"minecraft:warden":2,"minecraft:husk":2,"minecraft:rabbit":1,"minecraft:wither_skeleton":3,"minecraft:villager":11},"minecraft:custom":{"minecraft:interact_with_crafting_table":17,"minecraft:bell_ring":3,"minecraft:leave_game":15,"minecraft:time_since_death":4837,"minecraft:sprint_one_cm":1913482,"minecraft:drop":129,"minecraft:talked_to_villager":1,"minecraft:play_time":441249,"minecraft:deaths":21,"minecraft:jump":5118,"minecraft:interact_with_brewingstand":1,"minecraft:walk_on_water_one_cm":64511,"minecraft:interact_with_furnace":8,"minecraft:interact_with_loom":1,"minecraft:sleep_in_bed":1,"minecraft:damage_dealt":33126,"minecraft:player_kills":4,"minecraft:crouch_one_cm":8378,"minecraft:interact_with_smoker":4,"minecraft:horse_one_cm":2808,"minecraft:interact_with_smithing_table":1,"minecraft:mob_kills":121,"minecraft:interact_with_anvil":4,"minecraft:damage_dealt_resisted":22,"minecraft:climb_one_cm":16524,"minecraft:walk_one_cm":2156513,"minecraft:damage_dealt_absorbed":33,"minecraft:sneak_time":5094,"minecraft:walk_under_water_one_cm":9898,"minecraft:total_world_time":441249,"minecraft:time_since_rest":4865,"minecraft:damage_taken":18793,"minecraft:damage_absorbed":668,"minecraft:swim_one_cm":29762,"minecraft:fly_one_cm":3364877,"minecraft:open_chest":210,"minecraft:fall_one_cm":199238},"minecraft:killed_by":{"minecraft:creeper":1,"minecraft:zombie":2,"minecraft:player":3,"minecraft:stray":1,"minecraft:iron_golem":1,"minecraft:warden":5,"minecraft:skeleton":2,"cataclysm:netherite_monstrosity":1},"minecraft:crafted":{"minecraft:chain":4,"minecraft:cooked_mutton":3,"minecraft:iron_bars":16,"butcher:skinning_knife":1,"minecraft:gold_block":27,"minecraft:iron_pickaxe":1,"minecraft:iron_ingot":6,"butcher:butchers_knife":1,"butcher:bloodgrate":2,"minecraft:iron_nugget":45,"minecraft:flint_and_steel":1,"minecraft:iron_axe":1,"minecraft:diamond_boots":1,"minecraft:netherite_scrap":2,"minecraft:wheat":225,"minecraft:iron_sword":1,"minecraft:bread":75,"minecraft:air":0,"butcher:hook":5,"minecraft:torch":4},"minecraft:broken":{"minecraft:iron_helmet":1},"minecraft:picked_up":{"minecraft:diamond_sword":1,"minecraft:oak_stairs":8,"minecraft:acacia_pressure_plate":1,"minecraft:enchanted_book":1,"butcher:rope":1,"minecraft:string":38,"minecraft:zombie_head":1,"minecraft:diamond_leggings":1,"minecraft:cobbled_deepslate":2,"minecraft:bucket":1,"minecraft:tipped_arrow":5,"minecraft:golden_helmet":1,"minecraft:stick":33,"minecraft:jungle_door":1,"minecraft:birch_trapdoor":1,"minecraft:torch":16,"minecraft:green_bed":1,"epicfight:skillbook":3,"minecraft:sandstone_wall":3,"minecraft:porkchop":2,"butcher:pork_shoulder":1,"minecraft:pointed_dripstone":1,"butcher:villager_corpse_skeleton_item":1,"minecraft:quartz_block":1,"minecraft:rotten_flesh":19,"minecraft:blackstone_wall":2,"minecraft:mangrove_roots":2,"butcher:spitroast":1,"minecraft:netherite_chestplate":1,"iammusicplayer:boombox":1,"minecraft:iron_bars":49,"minecraft:cobblestone":57,"minecraft:enchanting_table":1,"butcher:butcherstable":1,"butcher:pig_corpse_item":1,"butcher:villager_head":6,"paraglider:spirit_orb":138,"minecraft:flint":3,"minecraft:smooth_sandstone_stairs":5,"butcher:pork_belly":1,"butcher:ham":1,"minecraft:dirt":7,"minecraft:bone":33,"minecraft:bow":1,"minecraft:wheat_seeds":2,"minecraft:mossy_stone_bricks":3,"minecraft:rabbit":1,"minecraft:oak_planks":3,"minecraft:sand":150,"minecraft:nether_brick_stairs":3,"minecraft:chiseled_sandstone":3,"minecraft:dark_oak_log":37,"minecraft:mossy_cobblestone":1,"minecraft:polished_andesite":1,"minecraft:diamond":1,"minecraft:polished_blackstone_button":1,"minecraft:golden_apple":1,"minecraft:emerald":24,"minecraft:chainmail_helmet":1,"minecraft:oak_sapling":12,"minecraft:netherrack":63,"butcher:pork_loin":1,"minecraft:dark_oak_fence":9,"minecraft:crafting_table":1,"minecraft:leather_leggings":1,"minecraft:gold_block":1,"minecraft:acacia_button":133,"butcher:villagerbrain":9,"minecraft:chain":3,"butcher:skinned_drained_sheep_corpse_item":2,"epicfight:stray_pants":1,"minecraft:cornflower":2,"minecraft:compass":1,"minecraft:polished_blackstone_wall":3,"minecraft:blackstone":18,"wom:diamond_crown":1,"minecraft:cracked_stone_bricks":11,"butcher:sheep_skin":4,"minecraft:poppy":1,"minecraft:sandstone":46,"minecraft:copper_ingot":1,"butcher:bloodgrate":1,"butcher:sheep_corpse_item":4,"create:hand_crank":1,"minecraft:warden_spawn_egg":1,"minecraft:tnt":33,"minecraft:arrow":20,"minecraft:nether_bricks":5,"minecraft:hay_block":35,"minecraft:sandstone_stairs":1,"butcher:villager_head_brain_remove":3,"minecraft:polished_blackstone":1,"minecraft:mutton":3,"minecraft:white_wool":11,"minecraft:bone_block":2,"butcher:pig_skin":2,"minecraft:lime_bed":1,"butcher:villager_meat":30,"butcher:pork_leg":4,"butcher:cooked_villager_meat":8,"minecraft:cut_sandstone":4,"minecraft:blackstone_slab":4,"minecraft:birch_planks":1,"minecraft:oak_log":36,"minecraft:ancient_debris":2,"minecraft:jungle_button":3,"minecraft:gunpowder":4,"minecraft:orange_terracotta":36,"minecraft:cooked_mutton":9,"minecraft:smooth_sandstone":10,"minecraft:apple":1,"minecraft:stone_bricks":1,"butcher:villager_corpse_item":11,"minecraft:iron_ingot":13,"butcher:drained_villager_corpse_item":2,"minecraft:book":12,"minecraft:sculk_catalyst":1,"minecraft:polished_andesite_stairs":2,"minecraft:emerald_block":2,"minecraft:dandelion":1,"minecraft:dripstone_block":1,"minecraft:gravel":21,"minecraft:spider_eye":6,"minecraft:stone_axe":1,"minecraft:chainmail_leggings":1,"minecraft:iron_helmet":2,"createdieselgenerators:pumpjack_bearing":1,"minecraft:baked_potato":33,"minecraft:terracotta":1,"minecraft:mangrove_propagule":1,"minecraft:ender_pearl":1}},"DataVersion":3465}