{"stats":{"minecraft:dropped":{"minecraft:bread":41,"butcher:rope":1,"minecraft:wheat_seeds":1,"minecraft:oak_log":16,"minecraft:glass_bottle":5,"butcher:sheep_skin":4,"minecraft:diamond_leggings":1,"minecraft:mangrove_propagule":1,"minecraft:iron_helmet":2,"minecraft:dirt":1,"minecraft:cornflower":2,"minecraft:rabbit":1,"butcher:pork_leg":4,"minecraft:sand":2,"butcher:butcherstable":2,"butcher:pig_skin":2,"minecraft:string":1,"minecraft:smooth_sandstone":2,"minecraft:white_wool":3,"minecraft:dandelion":1,"minecraft:bone":4,"butcher:villager_head_brain_remove":1,"minecraft:rotten_flesh":12,"butcher:spitroast":1,"minecraft:poppy":1,"minecraft:tipped_arrow":2,"minecraft:iron_chestplate":1,"minecraft:leather_leggings":1,"minecraft:spider_eye":2,"minecraft:arrow":6,"butcher:ham":1,"iammusicplayer:cassette_tape":1,"wom:diamond_crown":3,"epicfight:skillbook":1,"butcher:pork_belly":1},"minecraft:killed":{"minecraft:cave_spider":1,"minecraft:zombified_piglin":1,"minecraft:spider":8,"minecraft:skeleton":8,"minecraft:drowned":2,"minecraft:husk":1,"minecraft:rabbit":1,"minecraft:iron_golem":3,"minecraft:creeper":1,"minecraft:sheep":3,"minecraft:pillager":3,"minecraft:zombie":16,"minecraft:stray":2,"minecraft:wither_skeleton":2,"minecraft:villager":4},"minecraft:custom":{"minecraft:interact_with_smithing_table":1,"minecraft:interact_with_anvil":1,"minecraft:mob_kills":58,"minecraft:interact_with_crafting_table":12,"minecraft:bell_ring":3,"minecraft:damage_dealt_resisted":22,"minecraft:leave_game":9,"minecraft:time_since_death":90279,"minecraft:climb_one_cm":8584,"minecraft:sprint_one_cm":879668,"minecraft:walk_one_cm":887251,"minecraft:drop":58,"minecraft:damage_dealt_absorbed":33,"minecraft:talked_to_villager":1,"minecraft:play_time":200163,"minecraft:deaths":9,"minecraft:sneak_time":1624,"minecraft:walk_under_water_one_cm":775,"minecraft:jump":2161,"minecraft:walk_on_water_one_cm":19064,"minecraft:total_world_time":200163,"minecraft:interact_with_furnace":4,"minecraft:interact_with_loom":1,"minecraft:sleep_in_bed":1,"minecraft:time_since_rest":90385,"minecraft:damage_taken":4156,"minecraft:damage_absorbed":435,"minecraft:damage_dealt":12346,"minecraft:fly_one_cm":1014821,"minecraft:swim_one_cm":7177,"minecraft:open_chest":91,"minecraft:crouch_one_cm":5205,"minecraft:fall_one_cm":37449},"minecraft:used":{"minecraft:iron_bars":99,"butcher:skinned_drained_sheep_corpse_item":3,"minecraft:smooth_sandstone_stairs":1,"minecraft:torch":13,"minecraft:dirt":1,"butcher:sheep_corpse_item":3,"minecraft:iron_axe":73,"minecraft:smooth_sandstone":4,"minecraft:red_candle":4,"butcher:bloodgrate":2,"minecraft:hay_block":10,"minecraft:mangrove_roots":2,"minecraft:oak_sapling":12,"minecraft:cooked_beef":6,"butcher:villagerbrain":6,"minecraft:cobbled_deepslate":2,"minecraft:pointed_dripstone":1,"butcher:villager_corpse_skeleton_item":2,"butcher:villager_corpse_item":7,"minecraft:bamboo_trapdoor":1,"minecraft:water_bucket":1,"epicfight:skillbook":6,"minecraft:sandstone_stairs":1,"minecraft:baked_potato":3,"butcher:butchers_knife":43,"butcher:villager_meat":2,"butcher:cooked_villager_meat":8,"wom:ruine":54,"minecraft:green_bed":1,"minecraft:cracked_stone_bricks":22,"minecraft:white_wool":1,"iammusicplayer:music_manager":1,"butcher:rope":1,"minecraft:golden_apple":3,"farmersdelight:onion":1,"minecraft:sand":10,"minecraft:crafting_table":1,"minecraft:lime_bed":1,"minecraft:red_bed":1,"minecraft:campfire":2,"minecraft:dripstone_block":1,"butcher:villager_head":4,"butcher:pig_corpse_item":1,"minecraft:oak_log":1,"wom:diamond_crown":1,"minecraft:diamond_pickaxe":24,"minecraft:apple":1,"butcher:drained_villager_corpse_item":3,"minecraft:dark_oak_log":4,"minecraft:bread":37,"minecraft:pig_spawn_egg":1,"minecraft:iron_pickaxe":59,"minecraft:gravel":2,"butcher:villager_head_brain_remove":2,"butcher:butcherstable":2,"minecraft:stone_axe":4,"minecraft:diamond_sword":11,"butcher:skinned_pig_corpse":1,"minecraft:cobblestone":9,"minecraft:potion":5,"minecraft:porkchop":2,"minecraft:chain":7,"butcher:pork_shoulder":1,"epicfight:uchigatana":132},"minecraft:crafted":{"butcher:bloodgrate":2,"minecraft:iron_nugget":45,"minecraft:chain":4,"minecraft:iron_bars":16,"minecraft:iron_axe":1,"minecraft:diamond_boots":1,"minecraft:wheat":225,"minecraft:iron_sword":1,"butcher:skinning_knife":1,"minecraft:bread":75,"minecraft:air":0,"butcher:hook":5,"minecraft:iron_ingot":2,"minecraft:iron_pickaxe":1,"butcher:butchers_knife":1,"minecraft:torch":4},"minecraft:killed_by":{"minecraft:player":2,"minecraft:stray":1,"minecraft:creeper":1,"minecraft:iron_golem":1,"minecraft:skeleton":1},"minecraft:picked_up":{"minecraft:crafting_table":1,"minecraft:leather_leggings":1,"butcher:villagerbrain":7,"butcher:rope":1,"butcher:skinned_drained_sheep_corpse_item":2,"minecraft:chain":3,"minecraft:cornflower":2,"minecraft:string":11,"wom:diamond_crown":1,"minecraft:cracked_stone_bricks":3,"minecraft:diamond_leggings":1,"minecraft:cobbled_deepslate":2,"butcher:sheep_skin":4,"minecraft:poppy":1,"minecraft:golden_helmet":1,"minecraft:tipped_arrow":2,"minecraft:stick":31,"minecraft:sandstone":8,"minecraft:jungle_door":1,"minecraft:copper_ingot":1,"minecraft:torch":6,"minecraft:green_bed":1,"epicfight:skillbook":2,"butcher:sheep_corpse_item":3,"minecraft:porkchop":2,"butcher:pork_shoulder":1,"minecraft:pointed_dripstone":1,"butcher:villager_corpse_skeleton_item":1,"minecraft:arrow":8,"minecraft:rotten_flesh":14,"minecraft:hay_block":35,"minecraft:sandstone_stairs":1,"minecraft:mangrove_roots":2,"butcher:spitroast":1,"butcher:villager_head_brain_remove":3,"minecraft:mutton":3,"minecraft:white_wool":4,"minecraft:iron_bars":22,"minecraft:cobblestone":9,"butcher:pig_skin":2,"minecraft:lime_bed":1,"butcher:butcherstable":1,"butcher:villager_meat":21,"butcher:pork_leg":4,"butcher:cooked_villager_meat":8,"butcher:pig_corpse_item":1,"minecraft:cut_sandstone":2,"butcher:villager_head":4,"paraglider:spirit_orb":54,"minecraft:smooth_sandstone_stairs":1,"minecraft:oak_log":33,"minecraft:jungle_button":3,"butcher:pork_belly":1,"butcher:ham":1,"minecraft:dirt":2,"minecraft:smooth_sandstone":4,"minecraft:bone":13,"minecraft:apple":1,"minecraft:wheat_seeds":2,"butcher:villager_corpse_item":4,"minecraft:iron_ingot":13,"minecraft:rabbit":1,"butcher:drained_villager_corpse_item":2,"minecraft:book":12,"minecraft:dandelion":1,"minecraft:dripstone_block":1,"minecraft:gravel":2,"minecraft:sand":12,"minecraft:dark_oak_log":37,"minecraft:chiseled_sandstone":2,"minecraft:spider_eye":2,"minecraft:diamond":1,"minecraft:stone_axe":1,"minecraft:chainmail_leggings":1,"minecraft:iron_helmet":2,"minecraft:chainmail_helmet":1,"butcher:pork_loin":1,"minecraft:oak_sapling":12,"minecraft:mangrove_propagule":1,"minecraft:dark_oak_fence":9},"minecraft:mined":{"butcher:hanging_drained_villager":1,"butcher:villager_skeleton":1,"minecraft:deepslate_diamond_ore":1,"minecraft:dark_oak_log":36,"minecraft:mangrove_roots":2,"minecraft:dark_oak_fence":10,"minecraft:grass_block":1,"butcher:hanging_skinned_drained_sheep":1,"minecraft:spawner":28,"minecraft:hay_block":35,"minecraft:tall_seagrass":2,"treechop:chopped_log":3,"butcher:villagerbrain":1,"minecraft:bookshelf":4,"minecraft:pointed_dripstone":1,"minecraft:vine":2,"minecraft:iron_bars":22,"minecraft:green_bed":1,"iammusicplayer:music_manager":1,"minecraft:jungle_door":1,"minecraft:smooth_sandstone":3,"minecraft:crafting_table":1,"butcher:villager_head_brain_remove":1,"minecraft:dead_bush":32,"minecraft:tall_grass":2,"minecraft:cobblestone":11,"minecraft:wall_torch":6,"minecraft:chain":3,"minecraft:lime_bed":1,"butcher:drained_skinned_hanging_pig":1,"minecraft:mangrove_leaves":2,"butcher:hanging_skinned_sheep_corpse":1,"minecraft:grass":2,"minecraft:oak_log":1,"minecraft:dripstone_block":1,"minecraft:gravel":2,"minecraft:sand":8,"minecraft:cracked_stone_bricks":3,"minecraft:deepslate":3}},"DataVersion":3465}