{"stats":{"minecraft:dropped":{"minecraft:bread":41,"minecraft:oak_log":16,"butcher:villager_head_brain_remove":1,"minecraft:glass_bottle":2,"minecraft:mangrove_propagule":1,"minecraft:rotten_flesh":9,"minecraft:poppy":1,"minecraft:tipped_arrow":1,"minecraft:rabbit":1,"minecraft:arrow":2,"minecraft:spider_eye":2,"minecraft:sand":1,"iammusicplayer:cassette_tape":1,"wom:diamond_crown":1,"minecraft:string":1,"epicfight:skillbook":1,"minecraft:dandelion":1},"minecraft:killed":{"minecraft:husk":1,"minecraft:rabbit":1,"minecraft:spider":7,"minecraft:iron_golem":3,"minecraft:creeper":1,"minecraft:skeleton":4,"minecraft:pillager":3,"minecraft:zombie":16,"minecraft:stray":1,"minecraft:villager":2},"minecraft:custom":{"minecraft:interact_with_smithing_table":1,"minecraft:interact_with_furnace":4,"minecraft:mob_kills":40,"minecraft:interact_with_crafting_table":6,"minecraft:damage_dealt_resisted":22,"minecraft:leave_game":9,"minecraft:time_since_death":1902,"minecraft:sleep_in_bed":1,"minecraft:climb_one_cm":4557,"minecraft:time_since_rest":1924,"minecraft:sprint_one_cm":478169,"minecraft:damage_absorbed":114,"minecraft:damage_taken":3304,"minecraft:walk_one_cm":429115,"minecraft:drop":22,"minecraft:damage_dealt":9412,"minecraft:damage_dealt_absorbed":33,"minecraft:swim_one_cm":6184,"minecraft:fly_one_cm":446078,"minecraft:open_chest":55,"minecraft:crouch_one_cm":975,"minecraft:play_time":68163,"minecraft:deaths":7,"minecraft:sneak_time":425,"minecraft:walk_under_water_one_cm":502,"minecraft:jump":1057,"minecraft:walk_on_water_one_cm":6378,"minecraft:total_world_time":68163,"minecraft:fall_one_cm":24163},"minecraft:used":{"butcher:villager_corpse_item":2,"epicfight:skillbook":6,"minecraft:iron_bars":4,"minecraft:sandstone_stairs":1,"butcher:butchers_knife":8,"wom:ruine":9,"iammusicplayer:music_manager":1,"minecraft:golden_apple":3,"minecraft:torch":8,"farmersdelight:onion":1,"minecraft:sand":10,"minecraft:lime_bed":1,"butcher:villager_head":2,"minecraft:dripstone_block":1,"wom:diamond_crown":1,"minecraft:oak_log":1,"minecraft:apple":1,"minecraft:dark_oak_log":4,"minecraft:iron_axe":71,"minecraft:bread":25,"minecraft:iron_pickaxe":49,"butcher:villager_head_brain_remove":1,"minecraft:gravel":2,"minecraft:stone_axe":4,"minecraft:potion":2,"minecraft:cobblestone":9,"minecraft:hay_block":10,"minecraft:mangrove_roots":1,"minecraft:oak_sapling":12,"minecraft:chain":5,"minecraft:cooked_beef":6,"butcher:villagerbrain":4,"minecraft:cobbled_deepslate":2,"epicfight:uchigatana":132,"minecraft:pointed_dripstone":1},"minecraft:crafted":{"minecraft:iron_nugget":18,"minecraft:chain":2,"minecraft:iron_sword":1,"minecraft:bread":75,"minecraft:air":0,"minecraft:iron_axe":1,"butcher:hook":3,"minecraft:iron_ingot":2,"minecraft:iron_pickaxe":1,"butcher:butchers_knife":1,"minecraft:torch":4,"minecraft:wheat":225},"minecraft:killed_by":{"minecraft:player":1,"minecraft:skeleton":1,"minecraft:stray":1,"minecraft:creeper":1,"minecraft:iron_golem":1},"minecraft:mined":{"minecraft:deepslate_diamond_ore":1,"minecraft:dark_oak_log":36,"minecraft:mangrove_roots":1,"minecraft:dark_oak_fence":10,"minecraft:dead_bush":32,"minecraft:tall_grass":2,"minecraft:cobblestone":11,"minecraft:wall_torch":3,"minecraft:spawner":22,"minecraft:hay_block":35,"minecraft:tall_seagrass":2,"minecraft:chain":3,"treechop:chopped_log":3,"minecraft:iron_bars":6,"minecraft:grass":2,"minecraft:bookshelf":4,"minecraft:pointed_dripstone":1,"minecraft:oak_log":1,"minecraft:vine":1,"minecraft:sand":7,"minecraft:gravel":2,"minecraft:dripstone_block":1,"iammusicplayer:music_manager":1,"minecraft:deepslate":3},"minecraft:picked_up":{"butcher:villager_meat":8,"minecraft:cut_sandstone":2,"butcher:villager_head":2,"paraglider:spirit_orb":42,"butcher:villagerbrain":4,"minecraft:oak_log":33,"minecraft:chain":3,"minecraft:string":11,"minecraft:bone":4,"minecraft:apple":1,"wom:diamond_crown":1,"minecraft:wheat_seeds":1,"minecraft:cobbled_deepslate":2,"minecraft:iron_ingot":13,"butcher:villager_corpse_item":2,"minecraft:poppy":1,"minecraft:rabbit":1,"minecraft:tipped_arrow":1,"minecraft:sandstone":8,"minecraft:golden_helmet":1,"minecraft:book":12,"minecraft:stick":31,"minecraft:torch":3,"minecraft:dandelion":1,"minecraft:dripstone_block":1,"minecraft:gravel":2,"epicfight:skillbook":2,"minecraft:sand":11,"minecraft:pointed_dripstone":1,"minecraft:chiseled_sandstone":2,"minecraft:dark_oak_log":37,"minecraft:spider_eye":2,"minecraft:arrow":4,"minecraft:rotten_flesh":11,"minecraft:diamond":1,"minecraft:stone_axe":1,"minecraft:chainmail_leggings":1,"minecraft:hay_block":35,"minecraft:sandstone_stairs":1,"minecraft:chainmail_helmet":1,"minecraft:mangrove_roots":1,"butcher:villager_head_brain_remove":2,"minecraft:iron_bars":6,"minecraft:oak_sapling":12,"minecraft:dark_oak_fence":9,"minecraft:mangrove_propagule":1,"minecraft:cobblestone":9}},"DataVersion":3465}