{"stats":{"minecraft:custom":{"minecraft:interact_with_crafting_table":63,"minecraft:open_barrel":19,"minecraft:leave_game":11,"minecraft:time_since_death":6267,"minecraft:sprint_one_cm":822004,"minecraft:drop":155,"minecraft:talked_to_villager":29,"minecraft:play_time":396172,"minecraft:deaths":67,"minecraft:jump":4841,"minecraft:walk_on_water_one_cm":40178,"minecraft:interact_with_furnace":91,"minecraft:traded_with_villager":33,"minecraft:sleep_in_bed":7,"minecraft:waystone_activated":1,"minecraft:damage_dealt":23617,"minecraft:player_kills":5,"minecraft:crouch_one_cm":10797,"minecraft:interact_with_smoker":17,"minecraft:interact_with_smithing_table":3,"minecraft:mob_kills":132,"minecraft:damage_dealt_resisted":125,"minecraft:climb_one_cm":9872,"minecraft:walk_one_cm":967348,"minecraft:sneak_time":6325,"minecraft:walk_under_water_one_cm":44406,"minecraft:total_world_time":396172,"minecraft:time_since_rest":6297,"minecraft:damage_taken":19003,"minecraft:swim_one_cm":94055,"minecraft:fly_one_cm":898631,"minecraft:open_chest":45,"minecraft:aviate_one_cm":3506915,"minecraft:fall_one_cm":199953},"minecraft:dropped":{"minecraft:moss_block":2,"minecraft:glass_bottle":1,"minecraft:leather":5,"dynamictrees:spruce_seed":41,"minecraft:leather_helmet":1,"minecraft:flint":1,"scpo:gas_mask_helmet":1,"minecraft:dirt":57,"minecraft:packed_ice":2,"minecraft:dark_oak_fence":4,"minecraft:mutton":2,"scpo:raw_cobalt":4,"minecraft:snowball":80,"minecraft:writable_book":2,"minecraft:bone_block":3,"minecraft:polished_blackstone_bricks":1,"minecraft:white_wool":1,"minecraft:bone":7,"minecraft:gravel":4,"minecraft:stone_axe":1,"minecraft:blackstone":1,"minecraft:ancient_debris":3,"dynamictrees:oak_seed":20,"minecraft:iron_nugget":8,"minecraft:cooked_chicken":1,"minecraft:cobbled_deepslate":57,"minecraft:deepslate_brick_slab":6,"minecraft:rotten_flesh":10,"minecraft:carrot":3,"boh:ovamorph":1,"minecraft:deepslate_tiles":3,"minecraft:gunpowder":7,"edible_monsters:cooked_flesh":11,"minecraft:azalea":4,"minecraft:ladder":5,"minecraft:leather_leggings":1,"minecraft:arrow":8,"minecraft:egg":1,"minecraft:stripped_spruce_log":5,"minecraft:wheat_seeds":3,"boh:spinel":1,"dynamictrees:birch_seed":5,"minecraft:polished_blackstone":2,"minecraft:mossy_cobblestone":1,"minecraft:deepslate_brick_wall":2,"minecraft:feather":3,"minecraft:cobblestone":136,"minecraft:granite":36,"dynamictrees:mangrove_seed":2,"minecraft:deepslate_tile_slab":3,"minecraft:coal":1,"minecraft:spruce_fence_gate":1,"minecraft:blue_dye":1,"minecraft:golden_carrot":12,"minecraft:torch":1,"minecraft:white_concrete":6,"minecraft:iron_door":1,"minecraft:pumpkin":7,"minecraft:flowering_azalea":1,"minecraft:polished_basalt":13,"spore:mutated_heart":3,"minecraft:string":1,"create:raw_zinc":21,"minecraft:polished_deepslate":11,"scpo:hand_cuff":4,"minecraft:moss_carpet":3,"minecraft:kelp":2,"minecraft:stone_sword":1,"minecraft:cobblestone_wall":1,"minecraft:raw_copper":61,"minecraft:tuff":7,"minecraft:raw_iron":1,"minecraft:iron_boots":1,"spore:cerebrum":11,"spore:mutated_fiber":32,"minecraft:oak_sign":10,"minecraft:stone":3,"minecraft:shield":1,"minecraft:spruce_trapdoor":1,"minecraft:andesite":225,"minecraft:blue_ice":4,"easy_villagers:villager":1,"minecraft:stone_bricks":3,"minecraft:spruce_log":4,"minecraft:stone_pickaxe":2,"minecraft:wooden_pickaxe":1,"minecraft:calcite":5,"minecraft:amethyst_cluster":3},"minecraft:mined":{"create:deepslate_zinc_ore":7,"minecraft:white_bed":1,"scpo:cobalt_ore":3,"minecraft:spruce_trapdoor":1,"minecraft:granite":36,"minecraft:grass_block":3,"boh:ovamorph_open":2,"minecraft:white_concrete":15,"minecraft:oak_wall_sign":1,"minecraft:polished_blackstone_bricks":14,"minecraft:magma_block":3,"minecraft:barrel":3,"minecraft:iron_ore":50,"minecraft:cobbled_deepslate":14,"minecraft:fire":8,"minecraft:pumpkin":7,"minecraft:moss_carpet":1,"minecraft:deepslate_lapis_ore":3,"minecraft:azalea":2,"minecraft:brown_mushroom":13,"minecraft:red_bed":1,"minecraft:blackstone":1,"minecraft:deepslate_tile_slab":2,"minecraft:clay":11,"minecraft:torch":6,"minecraft:calcite":1,"minecraft:glass":1,"minecraft:nether_quartz_ore":6,"minecraft:cobblestone":7,"minecraft:oak_planks":8,"minecraft:iron_door":1,"minecraft:wall_torch":5,"farmersdelight:sandy_shrub":1,"boh:spinel_ore_ore":1,"minecraft:lapis_block":1,"minecraft:grass":29,"minecraft:oak_log":2,"the_silence:tele":1,"minecraft:sand":17,"minecraft:dirt":35,"minecraft:netherrack":17,"minecraft:oak_leaves":5,"minecraft:deepslate":83,"spore:remains":4,"boh:xenomorph_blood":1,"create:zinc_ore":12,"boh:ovamorph":3,"minecraft:deepslate_tiles":3,"minecraft:tuff":3,"minecraft:mossy_cobblestone":1,"minecraft:deepslate_diamond_ore":10,"minecraft:moss_block":1,"minecraft:kelp":2,"minecraft:large_fern":3,"minecraft:furnace":3,"minecraft:carrots":1,"minecraft:andesite":227,"minecraft:stripped_spruce_log":5,"minecraft:gold_block":1,"minecraft:polished_deepslate":2,"minecraft:bookshelf":11,"minecraft:deepslate_iron_ore":14,"minecraft:vine":3,"minecraft:packed_ice":987,"minecraft:stone":344,"minecraft:soul_sand":3,"minecraft:crafting_table":3,"minecraft:lectern":8,"minecraft:tall_grass":18,"minecraft:copper_ore":2,"minecraft:lapis_ore":2,"minecraft:deepslate_gold_ore":3,"minecraft:blue_bed":3,"farmersdelight:wild_beetroots":1,"minecraft:stripped_spruce_wood":1,"minecraft:cobblestone_wall":1,"minecraft:spruce_log":1,"minecraft:coal_ore":159,"minecraft:gravel":10,"minecraft:polished_blackstone":2,"paraglider:goddess_statue":4},"minecraft:broken":{"minecraft:golden_boots":1,"minecraft:iron_boots":2,"minecraft:iron_chestplate":2,"minecraft:iron_leggings":1,"minecraft:stone_pickaxe":2,"minecraft:wooden_axe":1,"minecraft:golden_chestplate":1,"minecraft:leather_helmet":1,"minecraft:chainmail_leggings":1,"minecraft:iron_pickaxe":5,"minecraft:iron_helmet":2},"minecraft:killed":{"boh:raatma":1,"minecraft:cave_spider":4,"minecraft:witch":1,"minecraft:spider":1,"minecraft:skeleton":3,"minecraft:chicken":4,"minecraft:piglin_brute":2,"minecraft:piglin":11,"minecraft:pig":4,"spore:inf_player":4,"minecraft:creeper":5,"boh:deer":3,"minecraft:sheep":1,"spore:inf_villager":10,"spore:inf_human":18,"minecraft:zombie":19,"minecraft:cow":5,"boh:goji":1,"boh:wendigo":1,"minecraft:drowned":1,"boh:souichi":1,"minecraft:hoglin":3,"minecraft:squid":4,"minecraft:polar_bear":2,"spore:inf_pillager":15,"spore:inf_witch":1},"minecraft:used":{"the_silence:tele":1,"minecraft:ladder":2,"minecraft:black_carpet":1,"minecraft:chest":2,"minecraft:stone":2,"minecraft:iron_sword":47,"paraglider:goddess_statue":4,"minecraft:soul_sand":3,"minecraft:snowball":37,"minecraft:glass":1,"minecraft:packed_ice":17,"minecraft:lantern":1,"boh:venison":6,"minecraft:stone_bricks":2,"minecraft:magma_block":3,"minecraft:furnace":10,"minecraft:egg":1,"minecraft:stripped_spruce_wood":1,"minecraft:oak_chest_boat":1,"minecraft:oak_planks":9,"minecraft:stone_pickaxe":294,"minecraft:wooden_pickaxe":6,"minecraft:blue_bed":3,"farmersdelight:organic_compost":1,"minecraft:white_wool":1,"minecraft:sand":16,"waystones:waystone":1,"easy_villagers:villager":5,"minecraft:lectern":7,"boh:ovamorph":1,"minecraft:gravel":5,"farmersdelight:ham":9,"minecraft:diamond_sword":250,"minecraft:andesite":1,"minecraft:oak_boat":1,"minecraft:white_concrete":8,"minecraft:stone_sword":32,"minecraft:spruce_planks":7,"boh:xenomorph_blood":1,"minecraft:cooked_chicken":1,"minecraft:netherrack":12,"minecraft:torch":72,"minecraft:dirt":35,"minecraft:spruce_stairs":1,"minecraft:wooden_axe":33,"minecraft:iron_axe":98,"minecraft:iron_boots":1,"minecraft:cooked_beef":11,"minecraft:cobbled_deepslate":43,"minecraft:cooked_mutton":3,"edible_monsters:cooked_flesh":9,"boh:cooked_venison":3,"minecraft:fletching_table":1,"minecraft:polished_blackstone_bricks":9,"minecraft:gilded_blackstone":1,"minecraft:mossy_cobblestone":1,"minecraft:crafting_table":11,"minecraft:red_bed":2,"minecraft:white_bed":1,"minecraft:diamond_pickaxe":354,"minecraft:chicken":2,"minecraft:iron_pickaxe":1355,"minecraft:spruce_trapdoor":3,"minecraft:cobblestone":124,"minecraft:porkchop":1,"minecraft:cooked_porkchop":12,"minecraft:lapis_block":1,"minecraft:chainmail_leggings":1},"minecraft:killed_by":{"minecraft:piglin_brute":2,"minecraft:creeper":4,"minecraft:polar_bear":1,"spore:inf_human":1,"scpo:scp_0871":2,"spore:inf_pillager":1,"siren_head:siren_head":1,"spore:inf_player":3,"minecraft:piglin":3,"minecraft:cave_spider":7,"spore:inf_villager":2,"minecraft:zombie":3,"spore:inf_hazmat":1,"minecraft:player":4,"minecraft:stray":1,"boh:wendigo":2,"apollyon:the_damned":3,"minecraft:hoglin":1,"minecraft:skeleton":3},"minecraft:crafted":{"minecraft:black_dye":6,"minecraft:oak_planks":92,"minecraft:cooked_chicken":2,"edible_monsters:cooked_flesh":20,"minecraft:cooked_mutton":3,"minecraft:glass":3,"minecraft:iron_boots":1,"minecraft:chest":3,"minecraft:emerald":32,"minecraft:cooked_porkchop":14,"minecraft:crafting_table":8,"minecraft:spruce_planks":500,"minecraft:wooden_pickaxe":1,"minecraft:iron_helmet":3,"boh:cooked_venison":3,"minecraft:fletching_table":1,"minecraft:birch_planks":4,"minecraft:spruce_trapdoor":2,"minecraft:iron_chestplate":2,"minecraft:charcoal":1,"minecraft:shield":1,"minecraft:stick":968,"minecraft:iron_ingot":62,"minecraft:iron_pickaxe":5,"minecraft:stone_sword":1,"minecraft:gold_ingot":18,"minecraft:golden_chestplate":1,"minecraft:iron_nugget":9,"scpo:hand_cuff":4,"minecraft:furnace":7,"minecraft:stone_pickaxe":4,"minecraft:cooked_beef":11,"minecraft:diamond_sword":1,"scpo:gas_mask_helmet":1,"minecraft:stone_axe":1,"minecraft:enchanted_book":1,"minecraft:air":0,"minecraft:blue_dye":1,"minecraft:oak_boat":1,"minecraft:oak_chest_boat":1,"minecraft:wooden_axe":1,"minecraft:iron_leggings":2,"minecraft:white_bed":1,"minecraft:torch":60,"minecraft:lapis_block":1},"minecraft:picked_up":{"minecraft:wooden_axe":1,"spore:mutated_heart":3,"minecraft:black_carpet":1,"boh:spinel":1,"minecraft:enchanted_book":1,"minecraft:gilded_blackstone":1,"minecraft:golden_sword":1,"minecraft:lapis_block":1,"minecraft:polished_deepslate":11,"paraglider:goddess_statue":4,"minecraft:string":1,"minecraft:raw_copper":61,"minecraft:oak_sign":10,"minecraft:deepslate_tiles":3,"minecraft:cobbled_deepslate":100,"minecraft:spruce_planks":2,"minecraft:calcite":5,"minecraft:azalea":4,"dynamictrees:oak_seed":25,"minecraft:furnace":3,"dynamictrees:mangrove_seed":2,"minecraft:stick":333,"minecraft:deepslate_brick_wall":2,"minecraft:torch":13,"minecraft:spruce_stairs":1,"minecraft:porkchop":15,"minecraft:rotten_flesh":39,"minecraft:polished_basalt":13,"minecraft:cod":4,"minecraft:snowball":119,"minecraft:cobblestone":350,"minecraft:birch_log":2,"minecraft:magma_block":3,"minecraft:feather":6,"minecraft:magma_cream":5,"minecraft:iron_door":1,"minecraft:andesite":226,"paraglider:spirit_orb":3,"minecraft:flint":3,"minecraft:stripped_spruce_wood":2,"minecraft:tuff":7,"create:raw_zinc":21,"minecraft:lapis_lazuli":21,"minecraft:dirt":103,"minecraft:lantern":1,"minecraft:bone":4,"minecraft:wheat_seeds":3,"minecraft:deepslate_brick_slab":6,"minecraft:raw_gold":3,"minecraft:moss_block":2,"minecraft:oak_planks":8,"spore:cerebrum":11,"minecraft:sand":16,"minecraft:stripped_spruce_log":5,"minecraft:ink_sac":6,"minecraft:barrel":3,"minecraft:mossy_cobblestone":2,"minecraft:spruce_fence_gate":1,"minecraft:diamond":3,"boh:xenomorph_blood":1,"waystones:waystone":1,"minecraft:writable_book":2,"minecraft:granite":36,"minecraft:white_concrete":14,"spore:spine_fragment":1,"minecraft:netherrack":17,"minecraft:dark_oak_fence":4,"minecraft:crafting_table":3,"boh:venison":9,"minecraft:chicken":4,"minecraft:ladder":7,"minecraft:clay_ball":43,"minecraft:leather_leggings":1,"minecraft:packed_ice":267,"minecraft:brown_mushroom":13,"dynamictrees:spruce_seed":44,"minecraft:gold_block":1,"scpo:money":4,"the_silence:tele":1,"minecraft:red_bed":2,"minecraft:moss_carpet":3,"minecraft:iron_axe":1,"minecraft:blackstone":1,"minecraft:deepslate_diamond_ore":7,"minecraft:beef":10,"minecraft:oak_boat":1,"minecraft:lectern":8,"minecraft:spruce_trapdoor":2,"minecraft:egg":2,"minecraft:raw_iron":56,"minecraft:stone":5,"minecraft:polished_blackstone_bricks":10,"minecraft:carrot":3,"boh:ovamorph":3,"minecraft:arrow":19,"minecraft:oak_chest_boat":1,"minecraft:polished_blackstone":2,"minecraft:mutton":5,"minecraft:white_wool":5,"minecraft:leather":6,"minecraft:oak_log":41,"minecraft:ancient_debris":3,"minecraft:golden_boots":1,"minecraft:cobblestone_wall":1,"minecraft:gunpowder":7,"minecraft:deepslate_tile_slab":3,"minecraft:blue_bed":3,"farmersdelight:organic_compost":8,"minecraft:stone_bricks":5,"minecraft:kelp":2,"minecraft:iron_ingot":12,"dynamictrees:birch_seed":10,"minecraft:iron_ore":9,"spore:mutated_fiber":53,"minecraft:glass_bottle":1,"minecraft:flowering_azalea":1,"minecraft:soul_sand":3,"minecraft:book":33,"minecraft:pumpkin":7,"minecraft:quartz":6,"minecraft:gravel":9,"minecraft:white_bed":1,"minecraft:spruce_log":149,"minecraft:leather_helmet":1,"minecraft:coal_ore":62,"minecraft:chainmail_leggings":1,"scpo:raw_cobalt":4,"minecraft:coal":117}},"DataVersion":3465}