{"stats":{"minecraft:killed_by":{"sanitydim:sneaking_terror":1,"minecraft:warden":2,"minecraft:creeper":1,"sanitydim:rotting_stalker":1},"minecraft:crafted":{"minecraft:cooked_beef":1,"minecraft:diamond_sword":1,"minecraft:cooked_porkchop":2,"minecraft:crafting_table":1,"minecraft:spruce_planks":56,"minecraft:wooden_pickaxe":1,"minecraft:cooked_chicken":5,"minecraft:iron_helmet":1,"edible_monsters:cooked_flesh":10,"minecraft:stone_axe":1,"minecraft:air":0,"minecraft:book":1,"minecraft:paper":3,"minecraft:iron_chestplate":1,"minecraft:diamond_pickaxe":1,"minecraft:golden_leggings":1,"minecraft:shield":1,"minecraft:iron_axe":1,"minecraft:stick":12,"minecraft:iron_ingot":39,"minecraft:iron_pickaxe":1,"minecraft:stone_pickaxe":1,"minecraft:wooden_axe":1,"minecraft:writable_book":1,"farmersdelight:diamond_knife":1,"minecraft:torch":24,"minecraft:golden_boots":1},"minecraft:picked_up":{"minecraft:crafting_table":2,"minecraft:feather":4,"minecraft:chicken":6,"minecraft:ladder":1,"minecraft:leather":1,"dynamictrees:spruce_seed":4,"minecraft:dirt":9,"sanitydim:garland":1,"minecraft:lapis_lazuli":6,"minecraft:string":6,"boh:simons_book":1,"minecraft:bone":1,"minecraft:wheat_seeds":1,"minecraft:cobbled_deepslate":109,"minecraft:raw_gold":1,"minecraft:spruce_planks":1,"minecraft:beef":3,"minecraft:rose_bush":1,"minecraft:polished_andesite_slab":1,"minecraft:sugar_cane":3,"farmersdelight:cabbage_seeds":1,"minecraft:book":33,"minecraft:stick":13,"minecraft:raw_iron":33,"minecraft:smooth_basalt":1,"minecraft:note_block":5,"minecraft:torch":18,"minecraft:gravel":1,"minecraft:red_banner":1,"minecraft:ink_sac":2,"minecraft:spruce_log":14,"minecraft:spider_eye":1,"minecraft:arrow":2,"minecraft:rotten_flesh":15,"minecraft:cooked_cod":2,"minecraft:diamond":5,"minecraft:granite":1,"minecraft:mutton":4,"minecraft:coal":19,"minecraft:white_wool":3,"minecraft:cobblestone":11},"minecraft:custom":{"minecraft:interact_with_furnace":21,"minecraft:mob_kills":21,"minecraft:interact_with_anvil":2,"minecraft:tune_noteblock":4,"minecraft:interact_with_crafting_table":11,"minecraft:open_barrel":36,"minecraft:interact_with_loom":1,"minecraft:interact_with_campfire":3,"minecraft:time_since_death":16986,"minecraft:climb_one_cm":7068,"minecraft:time_since_rest":17045,"minecraft:sprint_one_cm":152495,"minecraft:damage_taken":4121,"minecraft:walk_one_cm":226258,"minecraft:drop":16,"minecraft:damage_dealt":4923,"minecraft:play_noteblock":2,"minecraft:swim_one_cm":14966,"minecraft:fly_one_cm":173540,"minecraft:damage_dealt_absorbed":7,"minecraft:open_chest":6,"minecraft:crouch_one_cm":4981,"minecraft:play_time":85641,"minecraft:deaths":11,"minecraft:sneak_time":2224,"minecraft:walk_under_water_one_cm":3148,"minecraft:jump":1482,"minecraft:interact_with_blast_furnace":3,"minecraft:walk_on_water_one_cm":3050,"minecraft:interact_with_smoker":8,"minecraft:total_world_time":85641,"minecraft:fall_one_cm":36797},"minecraft:broken":{"sanitydim:garland":1},"minecraft:dropped":{"minecraft:gravel":1,"minecraft:iron_ingot":12,"minecraft:note_block":1,"minecraft:stone_axe":1,"minecraft:lapis_lazuli":6,"farmersdelight:cabbage_seeds":1,"minecraft:feather":3,"minecraft:cobblestone":4,"dynamictrees:spruce_seed":1,"minecraft:dirt":5,"minecraft:ink_sac":1,"minecraft:stone_pickaxe":1,"minecraft:iron_pickaxe":1,"minecraft:string":3,"farmersdelight:diamond_knife":1},"minecraft:killed":{"minecraft:spider":4,"minecraft:creeper":1,"minecraft:squid":1,"minecraft:sheep":3,"minecraft:horse":1,"minecraft:skeleton":4,"minecraft:zombie":2,"minecraft:chicken":2,"minecraft:silverfish":2,"minecraft:cow":1},"minecraft:used":{"edible_monsters:cooked_flesh":5,"minecraft:writable_book":1,"minecraft:stone_pickaxe":25,"minecraft:wooden_pickaxe":9,"minecraft:cooked_chicken":5,"minecraft:rotten_flesh":4,"minecraft:iron_chestplate":1,"minecraft:torch":36,"minecraft:dirt":4,"sanitydim:garland":1,"minecraft:crafting_table":3,"minecraft:wooden_axe":7,"minecraft:diamond_pickaxe":136,"minecraft:iron_axe":19,"minecraft:chicken":1,"minecraft:iron_pickaxe":21,"minecraft:smooth_basalt":1,"minecraft:stone_axe":8,"minecraft:diamond_sword":84,"minecraft:cobblestone":1,"minecraft:beef":2,"minecraft:cooked_cod":1,"minecraft:cooked_porkchop":2,"minecraft:cooked_beef":1,"minecraft:cobbled_deepslate":19},"minecraft:mined":{"minecraft:spruce_planks":1,"minecraft:deepslate_diamond_ore":5,"minecraft:soul_fire":1,"minecraft:amethyst_cluster":1,"minecraft:gray_stained_glass_pane":2,"minecraft:chiseled_bookshelf":1,"minecraft:note_block":1,"minecraft:crafting_table":2,"minecraft:torch":2,"minecraft:granite":1,"minecraft:grass_block":8,"minecraft:white_stained_glass_pane":2,"minecraft:rose_bush":1,"minecraft:polished_andesite_slab":1,"minecraft:tall_grass":9,"minecraft:cobblestone":1,"minecraft:deepslate_gold_ore":1,"minecraft:lapis_ore":1,"minecraft:wall_torch":3,"minecraft:large_fern":1,"minecraft:fire":3,"minecraft:cobbled_deepslate":15,"minecraft:iron_ore":14,"minecraft:blue_ice":1,"minecraft:red_wall_banner":1,"dynamictrees:spruce_leaves":4,"minecraft:grass":18,"minecraft:bookshelf":11,"minecraft:coal_ore":19,"minecraft:deepslate_iron_ore":19,"minecraft:dirt":4,"minecraft:stone":10,"minecraft:deepslate":96}},"DataVersion":3465}