{"stats":{"minecraft:used":{"minecraft:cooked_mutton":1,"minecraft:oak_planks":5,"minecraft:stone_pickaxe":66,"minecraft:shield":3,"minecraft:wooden_pickaxe":9,"minecraft:iron_sword":11,"minecraft:rotten_flesh":7,"minecraft:torch":3,"minecraft:glow_berries":3,"minecraft:crafting_table":7,"minecraft:jungle_planks":12,"minecraft:granite":1,"tombstone:bag_of_seeds":2,"minecraft:jungle_sapling":1,"minecraft:wooden_axe":22,"easy_villagers:villager":1,"minecraft:apple":1,"minecraft:iron_axe":3,"minecraft:iron_pickaxe":249,"minecraft:bread":2,"minecraft:iron_door":1,"minecraft:stone_axe":79,"minecraft:cobblestone":2,"minecraft:furnace":2,"minecraft:cooked_porkchop":2,"minecraft:minecart":1,"minecraft:andesite":1,"tombstone:gift":4,"minecraft:cobbled_deepslate":1},"minecraft:custom":{"minecraft:interact_with_furnace":54,"minecraft:mob_kills":31,"dimdoors:times_sent_to_limbo":2,"minecraft:interact_with_crafting_table":25,"dimdoors:times_been_to_dungeon":2,"minecraft:leave_game":6,"minecraft:time_since_death":10405,"minecraft:climb_one_cm":6142,"minecraft:time_since_rest":9626,"minecraft:sprint_one_cm":153106,"minecraft:damage_taken":1634,"minecraft:walk_one_cm":208432,"minecraft:damage_blocked_by_shield":90,"minecraft:drop":29,"minecraft:damage_dealt":4459,"minecraft:minecart_one_cm":2963,"tombstone:cast_on_ally":0,"minecraft:talked_to_villager":1,"minecraft:swim_one_cm":20127,"minecraft:fly_one_cm":116243,"minecraft:player_kills":1,"minecraft:open_chest":3,"minecraft:crouch_one_cm":2457,"minecraft:play_time":82258,"tombstone:undead_killed":17,"minecraft:deaths":3,"minecraft:sneak_time":1428,"minecraft:walk_under_water_one_cm":11514,"dimdoors:deaths_in_pocket":2,"minecraft:jump":1066,"minecraft:walk_on_water_one_cm":5339,"minecraft:total_world_time":82258,"minecraft:fall_one_cm":17155},"minecraft:picked_up":{"minecraft:wooden_axe":1,"minecraft:birch_log":10,"minecraft:crafting_table":1,"minecraft:cocoa_beans":1,"minecraft:feather":6,"minecraft:chicken":4,"minecraft:jungle_log":25,"minecraft:iron_door":3,"minecraft:salmon":6,"minecraft:andesite":19,"minecraft:wooden_pickaxe":1,"create:raw_zinc":18,"minecraft:tuff":9,"tombstone:grave_key":1,"minecraft:oak_log":26,"minecraft:string":7,"minecraft:bone":3,"minecraft:apple":1,"minecraft:wheat_seeds":5,"minecraft:cobbled_deepslate":164,"minecraft:stone_pickaxe":1,"minecraft:jungle_sapling":1,"minecraft:pitcher_pod":4,"minecraft:birch_sapling":1,"minecraft:oak_planks":43,"minecraft:furnace":2,"minecraft:stick":10,"minecraft:raw_iron":28,"minecraft:torch":4,"minecraft:torchflower_seeds":3,"minecraft:porkchop":9,"minecraft:jungle_planks":15,"minecraft:amethyst_shard":8,"minecraft:diorite":1,"minecraft:redstone":17,"easy_villagers:villager":1,"minecraft:bundle":1,"minecraft:arrow":2,"minecraft:rotten_flesh":17,"minecraft:beetroot_seeds":3,"minecraft:stone_axe":2,"minecraft:granite":10,"minecraft:melon_seeds":1,"minecraft:oak_sapling":12,"minecraft:white_wool":8,"minecraft:glow_berries":2,"minecraft:mutton":12,"minecraft:coal":18,"minecraft:rail":6,"minecraft:cobblestone":93},"minecraft:killed_by":{"minecraft:player":2},"minecraft:mined":{"create:zinc_ore":13,"minecraft:deepslate_redstone_ore":4,"create:deepslate_zinc_ore":5,"minecraft:tuff":11,"minecraft:amethyst_cluster":1,"minecraft:jungle_leaves":8,"minecraft:crafting_table":1,"minecraft:torch":1,"minecraft:granite":10,"minecraft:jungle_planks":8,"minecraft:tall_grass":1,"minecraft:diorite":1,"minecraft:wall_torch":1,"minecraft:furnace":2,"minecraft:cobbled_deepslate":1,"minecraft:birch_log":1,"minecraft:iron_ore":7,"minecraft:andesite":17,"minecraft:birch_leaves":1,"treechop:chopped_log":5,"minecraft:grass":26,"minecraft:coal_ore":18,"minecraft:deepslate_iron_ore":20,"minecraft:vine":9,"minecraft:stone":95,"minecraft:oak_leaves":3,"minecraft:deepslate":105,"minecraft:fern":8},"minecraft:broken":{"minecraft:stone_axe":1,"minecraft:iron_pickaxe":1},"minecraft:killed":{"minecraft:pig":3,"minecraft:zombie_villager":1,"minecraft:salmon":3,"minecraft:spider":2,"minecraft:skeleton":5,"minecraft:sheep":4,"minecraft:zombie":11,"minecraft:chicken":2},"minecraft:crafted":{"minecraft:oak_planks":52,"sophisticatedbackpacks:backpack":1,"minecraft:cooked_porkchop":2,"minecraft:crafting_table":6,"minecraft:iron_helmet":1,"minecraft:wooden_pickaxe":1,"minecraft:cooked_chicken":2,"minecraft:iron_sword":1,"minecraft:furnace":1,"minecraft:birch_planks":20,"minecraft:stone_axe":1,"minecraft:cooked_mutton":1,"minecraft:air":0,"minecraft:jungle_planks":72,"minecraft:leather":6,"minecraft:shield":1,"minecraft:iron_axe":1,"minecraft:stick":16,"minecraft:iron_ingot":20,"minecraft:iron_pickaxe":1,"minecraft:stone_pickaxe":1,"minecraft:wooden_axe":1,"minecraft:chest":1},"minecraft:dropped":{"minecraft:stone_axe":1,"minecraft:cooked_chicken":2,"minecraft:cocoa_beans":1,"minecraft:cobbled_deepslate":58,"minecraft:birch_sapling":1,"minecraft:leather":2,"minecraft:diorite":1,"minecraft:wooden_axe":1,"tombstone:grave_key":1,"minecraft:beetroot_seeds":3,"minecraft:melon_seeds":1,"minecraft:oak_sapling":6,"minecraft:iron_door":1,"minecraft:amethyst_shard":8,"minecraft:stone_pickaxe":1,"minecraft:wooden_pickaxe":1,"minecraft:birch_log":5}},"DataVersion":3465}