{"stats":{"minecraft:crafted":{"minecraft:oak_planks":80,"minecraft:crafting_table":2,"minecraft:stick":4,"minecraft:wooden_axe":1,"minecraft:birch_planks":4},"minecraft:dropped":{"dynamictrees:oak_seed":15},"minecraft:killed":{"spore:inf_villager":1,"minecraft:zombie":2,"minecraft:chicken":2,"boh:goji":1},"minecraft:used":{"minecraft:wooden_axe":25,"minecraft:chicken":2,"minecraft:black_carpet":1,"minecraft:sand":16,"minecraft:crafting_table":1},"minecraft:killed_by":{"spore:inf_player":1,"apollyon:the_damned":1,"minecraft:creeper":2,"minecraft:zombie":1},"minecraft:picked_up":{"minecraft:wooden_axe":1,"minecraft:birch_log":2,"minecraft:black_carpet":1,"minecraft:stick":83,"spore:cerebrum":1,"minecraft:feather":3,"minecraft:chicken":2,"minecraft:sand":16,"minecraft:oak_log":41,"scpo:money":4,"minecraft:dirt":22,"minecraft:rotten_flesh":8,"dynamictrees:birch_seed":10,"spore:mutated_fiber":2,"dynamictrees:oak_seed":20,"minecraft:oak_planks":1},"minecraft:mined":{"minecraft:grass":4,"minecraft:oak_log":2,"minecraft:sand":17,"minecraft:tall_grass":2,"minecraft:oak_planks":1},"minecraft:custom":{"minecraft:time_since_rest":692,"minecraft:sprint_one_cm":44548,"minecraft:damage_taken":1298,"minecraft:walk_one_cm":36762,"minecraft:mob_kills":7,"minecraft:drop":2,"minecraft:damage_dealt":875,"minecraft:swim_one_cm":10420,"minecraft:interact_with_crafting_table":2,"minecraft:fly_one_cm":64477,"minecraft:crouch_one_cm":38,"minecraft:play_time":16724,"minecraft:deaths":5,"minecraft:sneak_time":37,"minecraft:walk_under_water_one_cm":1431,"minecraft:jump":374,"minecraft:time_since_death":628,"minecraft:walk_on_water_one_cm":4441,"minecraft:climb_one_cm":1728,"minecraft:total_world_time":16724,"minecraft:fall_one_cm":5970}},"DataVersion":3465}