{"stats":{"minecraft:killed_by":{"minecraft:player":1,"spore:inf_villager":1,"minecraft:zombie":1,"siren_head:siren_head":1},"minecraft:custom":{"minecraft:interact_with_furnace":21,"minecraft:mob_kills":13,"minecraft:interact_with_crafting_table":17,"minecraft:leave_game":6,"minecraft:time_since_death":5004,"minecraft:climb_one_cm":98,"minecraft:time_since_rest":5032,"minecraft:sprint_one_cm":72882,"minecraft:damage_taken":2048,"minecraft:walk_one_cm":104651,"minecraft:drop":16,"minecraft:damage_dealt":1976,"minecraft:swim_one_cm":783,"minecraft:fly_one_cm":72009,"minecraft:player_kills":1,"minecraft:open_chest":3,"minecraft:crouch_one_cm":499,"minecraft:play_time":50349,"minecraft:deaths":6,"minecraft:sneak_time":175,"minecraft:walk_under_water_one_cm":1569,"minecraft:aviate_one_cm":207129,"minecraft:jump":522,"minecraft:walk_on_water_one_cm":640,"minecraft:total_world_time":50349,"minecraft:fall_one_cm":12273},"minecraft:picked_up":{"minecraft:mud":16,"minecraft:coarse_dirt":1,"minecraft:gold_block":1,"minecraft:dirt":11,"minecraft:string":1,"minecraft:moss_carpet":1,"minecraft:bone":2,"minecraft:wheat_seeds":1,"scpo:raw_iridium":3,"minecraft:iron_ingot":12,"spore:mutated_fiber":2,"minecraft:moss_block":3,"minecraft:mangrove_log":85,"dynamictrees:mangrove_seed":20,"minecraft:stick":136,"minecraft:raw_iron":42,"minecraft:sandstone":29,"minecraft:torch":3,"minecraft:porkchop":7,"minecraft:sand":25,"minecraft:spider_eye":1,"minecraft:arrow":2,"minecraft:rotten_flesh":1,"minecraft:diamond":1,"minecraft:mangrove_roots":32,"minecraft:coal":33,"minecraft:cobblestone":70},"minecraft:crafted":{"minecraft:coal_block":1,"minecraft:coal":9,"minecraft:iron_nugget":9,"minecraft:crafting_table":3,"minecraft:wooden_pickaxe":1,"minecraft:iron_helmet":1,"minecraft:iron_sword":1,"minecraft:furnace":1,"minecraft:mangrove_boat":1,"minecraft:mangrove_planks":32,"minecraft:stone_axe":1,"minecraft:air":0,"minecraft:iron_boots":1,"minecraft:iron_chestplate":1,"minecraft:shield":1,"minecraft:iron_axe":1,"minecraft:iron_pickaxe":1,"minecraft:iron_ingot":28,"minecraft:stone_pickaxe":1,"minecraft:wooden_axe":1,"minecraft:iron_leggings":1,"minecraft:torch":8,"scpo:crowbar":1},"minecraft:used":{"minecraft:mangrove_boat":1,"minecraft:stone_pickaxe":49,"minecraft:wooden_pickaxe":41,"minecraft:sandstone":29,"minecraft:iron_sword":1,"minecraft:torch":4,"minecraft:sand":9,"minecraft:crafting_table":3,"minecraft:mud":5,"minecraft:mangrove_log":1,"minecraft:suspicious_stew":1,"minecraft:iron_axe":2,"minecraft:iron_pickaxe":86,"minecraft:iron_helmet":1,"minecraft:iron_boots":1,"scpo:crowbar":35,"minecraft:stone_axe":14,"minecraft:furnace":1},"minecraft:dropped":{"minecraft:iron_ingot":4,"minecraft:iron_sword":1,"minecraft:stone_axe":1,"minecraft:wheat_seeds":1,"minecraft:mangrove_roots":32,"scpo:raw_iridium":3,"dynamictrees:mangrove_seed":20,"minecraft:mangrove_log":32,"minecraft:wooden_axe":1,"minecraft:sand":16,"minecraft:stone_pickaxe":1,"minecraft:wooden_pickaxe":1,"minecraft:string":1,"minecraft:bone":1},"minecraft:killed":{"minecraft:pig":4,"spore:inf_player":1,"minecraft:spider":2,"spore:inf_drowned":1,"minecraft:zombie":3,"spore:inf_human":1},"minecraft:mined":{"minecraft:torch":2,"minecraft:tall_grass":1,"minecraft:moss_block":2,"minecraft:sandstone":26,"minecraft:wall_torch":1,"minecraft:coarse_dirt":1,"minecraft:iron_ore":42,"minecraft:gold_block":1,"scpo:iridium_ore":3,"minecraft:grass":1,"minecraft:coal_ore":33,"minecraft:sand":20,"minecraft:mangrove_log":1,"minecraft:stone":62}},"DataVersion":3465}