{"stats":{"minecraft:used":{"minecraft:stone_sword":32,"minecraft:ladder":2,"minecraft:black_carpet":1,"minecraft:chest":2,"minecraft:cooked_chicken":1,"minecraft:torch":26,"paraglider:goddess_statue":2,"minecraft:dirt":16,"minecraft:wooden_axe":33,"minecraft:iron_axe":32,"boh:venison":6,"minecraft:iron_boots":1,"minecraft:magma_block":3,"minecraft:furnace":6,"minecraft:cobbled_deepslate":43,"minecraft:oak_chest_boat":1,"minecraft:cooked_mutton":3,"edible_monsters:cooked_flesh":5,"boh:cooked_venison":2,"minecraft:oak_planks":3,"minecraft:stone_pickaxe":230,"minecraft:wooden_pickaxe":6,"farmersdelight:organic_compost":1,"minecraft:white_wool":1,"minecraft:mossy_cobblestone":1,"minecraft:sand":16,"minecraft:crafting_table":7,"minecraft:white_bed":1,"easy_villagers:villager":1,"minecraft:chicken":2,"minecraft:iron_pickaxe":1000,"minecraft:diamond_sword":110,"minecraft:cobblestone":8,"minecraft:porkchop":1,"minecraft:cooked_porkchop":4,"minecraft:lapis_block":1,"minecraft:oak_boat":1,"minecraft:white_concrete":8},"minecraft:killed_by":{"minecraft:player":2,"minecraft:stray":1,"minecraft:creeper":4,"scpo:scp_0871":2,"spore:inf_pillager":1,"siren_head:siren_head":1,"spore:inf_player":3,"sanitydim:sneaking_terror":1,"apollyon:the_damned":2,"minecraft:cave_spider":3,"spore:inf_villager":1,"minecraft:skeleton":3,"minecraft:zombie":1},"minecraft:crafted":{"minecraft:black_dye":6,"minecraft:oak_planks":92,"minecraft:cooked_chicken":2,"minecraft:furnace":3,"edible_monsters:cooked_flesh":8,"minecraft:cooked_mutton":3,"minecraft:iron_boots":1,"minecraft:stone_pickaxe":3,"minecraft:chest":3,"minecraft:cooked_beef":9,"minecraft:diamond_sword":1,"minecraft:cooked_porkchop":8,"minecraft:crafting_table":4,"minecraft:wooden_pickaxe":1,"minecraft:iron_helmet":1,"boh:cooked_venison":2,"minecraft:birch_planks":4,"minecraft:stone_axe":1,"minecraft:air":0,"minecraft:oak_boat":1,"minecraft:oak_chest_boat":1,"minecraft:iron_chestplate":1,"minecraft:shield":1,"minecraft:stick":4,"minecraft:iron_ingot":26,"minecraft:iron_pickaxe":4,"minecraft:wooden_axe":1,"minecraft:stone_sword":1,"minecraft:iron_leggings":1,"minecraft:white_bed":1,"minecraft:torch":32,"minecraft:lapis_block":1},"minecraft:killed":{"minecraft:spider":1,"boh:goji":1,"minecraft:skeleton":2,"minecraft:chicken":4,"minecraft:pig":4,"spore:inf_player":3,"boh:souichi":1,"minecraft:squid":4,"minecraft:creeper":4,"boh:deer":2,"spore:inf_pillager":2,"minecraft:sheep":1,"spore:inf_villager":5,"spore:inf_human":6,"minecraft:zombie":10,"spore:inf_witch":1,"minecraft:cow":5},"minecraft:custom":{"minecraft:mob_kills":57,"minecraft:interact_with_crafting_table":31,"minecraft:leave_game":5,"minecraft:time_since_death":415,"minecraft:climb_one_cm":5430,"minecraft:sprint_one_cm":328213,"minecraft:walk_one_cm":372742,"minecraft:drop":67,"minecraft:play_time":166443,"minecraft:sneak_time":2352,"minecraft:deaths":32,"minecraft:walk_under_water_one_cm":31803,"minecraft:jump":2585,"minecraft:walk_on_water_one_cm":28141,"minecraft:total_world_time":166443,"minecraft:interact_with_furnace":35,"minecraft:sleep_in_bed":1,"minecraft:time_since_rest":441,"minecraft:damage_taken":8224,"minecraft:damage_dealt":9423,"minecraft:player_kills":1,"minecraft:swim_one_cm":81300,"minecraft:fly_one_cm":436167,"minecraft:open_chest":5,"minecraft:crouch_one_cm":3103,"minecraft:interact_with_smoker":12,"minecraft:fall_one_cm":58414},"minecraft:dropped":{"minecraft:moss_block":2,"minecraft:wheat_seeds":2,"boh:spinel":1,"dynamictrees:birch_seed":5,"minecraft:polished_blackstone":2,"minecraft:mossy_cobblestone":1,"minecraft:deepslate_brick_wall":2,"minecraft:feather":3,"minecraft:cobblestone":136,"minecraft:leather":2,"minecraft:deepslate_tile_slab":3,"minecraft:leather_helmet":1,"minecraft:dirt":16,"minecraft:dark_oak_fence":4,"minecraft:mutton":2,"minecraft:white_concrete":6,"scpo:raw_cobalt":2,"minecraft:iron_door":1,"minecraft:writable_book":2,"minecraft:polished_basalt":13,"minecraft:string":1,"minecraft:white_wool":1,"minecraft:polished_deepslate":11,"minecraft:bone":1,"minecraft:stone_axe":1,"minecraft:kelp":2,"dynamictrees:oak_seed":20,"minecraft:cooked_chicken":1,"minecraft:stone_sword":1,"minecraft:cobbled_deepslate":11,"minecraft:raw_copper":6,"minecraft:tuff":6,"minecraft:raw_iron":1,"minecraft:deepslate_brick_slab":6,"minecraft:rotten_flesh":9,"spore:cerebrum":5,"spore:mutated_fiber":12,"minecraft:oak_sign":10,"minecraft:gunpowder":4,"edible_monsters:cooked_flesh":2,"minecraft:andesite":160,"minecraft:azalea":1,"minecraft:ladder":5,"easy_villagers:villager":1,"minecraft:stone_bricks":3,"minecraft:spruce_log":4,"minecraft:wooden_pickaxe":1,"minecraft:stone_pickaxe":1},"minecraft:picked_up":{"minecraft:wooden_axe":1,"minecraft:crafting_table":3,"minecraft:black_carpet":1,"boh:venison":8,"minecraft:chicken":4,"minecraft:ladder":7,"boh:spinel":1,"scpo:money":4,"minecraft:polished_deepslate":11,"paraglider:goddess_statue":3,"minecraft:string":1,"minecraft:raw_copper":6,"minecraft:iron_axe":1,"minecraft:oak_sign":10,"minecraft:cobbled_deepslate":54,"minecraft:beef":10,"minecraft:oak_boat":1,"minecraft:azalea":1,"dynamictrees:oak_seed":25,"minecraft:lectern":2,"minecraft:furnace":3,"minecraft:stick":96,"minecraft:raw_iron":28,"minecraft:deepslate_brick_wall":2,"minecraft:torch":5,"minecraft:porkchop":9,"minecraft:arrow":5,"minecraft:rotten_flesh":26,"minecraft:polished_basalt":13,"minecraft:oak_chest_boat":1,"minecraft:polished_blackstone":2,"minecraft:mutton":5,"minecraft:white_wool":5,"minecraft:cobblestone":230,"minecraft:birch_log":2,"minecraft:magma_block":3,"minecraft:feather":6,"minecraft:iron_door":1,"minecraft:andesite":160,"minecraft:leather":3,"minecraft:tuff":6,"create:raw_zinc":6,"minecraft:oak_log":41,"minecraft:gunpowder":4,"minecraft:lapis_lazuli":16,"minecraft:deepslate_tile_slab":3,"minecraft:dirt":43,"farmersdelight:organic_compost":8,"minecraft:bone":1,"minecraft:stone_bricks":3,"minecraft:kelp":2,"minecraft:wheat_seeds":2,"minecraft:deepslate_brick_slab":6,"minecraft:raw_gold":3,"minecraft:iron_ingot":12,"dynamictrees:birch_seed":10,"spore:mutated_fiber":12,"minecraft:moss_block":2,"minecraft:oak_planks":2,"minecraft:book":33,"spore:cerebrum":5,"minecraft:sand":16,"minecraft:ink_sac":6,"minecraft:spruce_log":4,"minecraft:mossy_cobblestone":2,"minecraft:leather_helmet":1,"minecraft:diamond":2,"minecraft:writable_book":2,"minecraft:chainmail_leggings":1,"minecraft:white_concrete":14,"scpo:raw_cobalt":2,"minecraft:dark_oak_fence":4,"minecraft:coal":86},"minecraft:broken":{"minecraft:stone_pickaxe":1,"minecraft:iron_pickaxe":4,"minecraft:wooden_axe":1},"minecraft:mined":{"create:deepslate_zinc_ore":6,"minecraft:tuff":2,"minecraft:mossy_cobblestone":1,"minecraft:deepslate_diamond_ore":2,"scpo:cobalt_ore":2,"minecraft:grass_block":1,"minecraft:white_concrete":15,"minecraft:moss_block":1,"minecraft:kelp":2,"minecraft:oak_wall_sign":1,"minecraft:magma_block":3,"minecraft:furnace":3,"minecraft:fire":4,"minecraft:iron_ore":23,"minecraft:cobbled_deepslate":13,"minecraft:andesite":161,"minecraft:deepslate_lapis_ore":2,"minecraft:polished_deepslate":2,"minecraft:bookshelf":11,"minecraft:deepslate_iron_ore":4,"minecraft:packed_ice":645,"minecraft:azalea":1,"minecraft:stone":227,"minecraft:deepslate_tile_slab":2,"minecraft:torch":1,"minecraft:crafting_table":3,"minecraft:calcite":1,"minecraft:lectern":2,"minecraft:copper_ore":2,"minecraft:tall_grass":16,"minecraft:cobblestone":1,"minecraft:lapis_ore":2,"minecraft:deepslate_gold_ore":3,"minecraft:oak_planks":2,"minecraft:iron_door":1,"minecraft:wall_torch":4,"farmersdelight:wild_beetroots":1,"farmersdelight:sandy_shrub":1,"boh:spinel_ore_ore":1,"minecraft:spruce_log":1,"minecraft:grass":19,"minecraft:oak_log":2,"minecraft:coal_ore":65,"minecraft:sand":17,"minecraft:dirt":20,"minecraft:polished_blackstone":2,"minecraft:deepslate":38,"paraglider:goddess_statue":3}},"DataVersion":3465}