{"stats":{"minecraft:killed":{"minecraft:cave_spider":1,"minecraft:spider":3,"minecraft:skeleton":5,"minecraft:pig":11,"minecraft:creeper":1,"minecraft:sheep":11,"minecraft:zombie":6,"minecraft:wither_skeleton":1,"minecraft:blaze":4,"minecraft:cow":7},"minecraft:crafted":{"minecraft:oak_planks":208,"minecraft:furnace":6,"minecraft:cooked_mutton":19,"minecraft:glass":4,"minecraft:diamond_helmet":1,"minecraft:iron_boots":1,"minecraft:stone_pickaxe":1,"minecraft:chest":3,"minecraft:diamond_boots":1,"minecraft:wheat":234,"minecraft:cooked_beef":14,"supplementaries:rope_arrow":2,"minecraft:diamond_sword":1,"sophisticatedbackpacks:backpack":1,"minecraft:diamond_axe":1,"minecraft:crafting_table":4,"minecraft:wooden_pickaxe":1,"minecraft:iron_helmet":1,"minecraft:iron_sword":1,"create:goggles":2,"minecraft:bucket":1,"minecraft:birch_planks":24,"minecraft:stone_axe":1,"minecraft:bread":64,"minecraft:air":0,"minecraft:iron_chestplate":1,"minecraft:diamond_pickaxe":1,"minecraft:shield":1,"minecraft:stick":28,"minecraft:iron_ingot":50,"minecraft:iron_pickaxe":1,"minecraft:wooden_axe":1,"minecraft:gold_ingot":2,"minecraft:stone_sword":1,"minecraft:iron_shovel":1,"minecraft:iron_leggings":1,"minecraft:white_bed":3,"minecraft:torch":16,"create:zinc_ingot":7},"minecraft:broken":{"minecraft:iron_shovel":1},"minecraft:picked_up":{"minecraft:crafting_table":3,"minecraft:diamond_sword":2,"minecraft:stone_brick_wall":1,"minecraft:shield":1,"paraglider:goddess_statue":1,"minecraft:string":6,"minecraft:raw_copper":119,"create:limestone":3,"minecraft:iron_shovel":1,"minecraft:gold_nugget":26,"minecraft:cobbled_deepslate":139,"minecraft:beef":14,"minecraft:calcite":1,"minecraft:light_gray_wool":2,"minecraft:birch_sapling":2,"minecraft:furnace":2,"minecraft:raw_iron":83,"minecraft:stick":13,"minecraft:oak_door":2,"create:golden_sheet":3,"minecraft:torch":21,"minecraft:porkchop":22,"minecraft:weeping_vines":1,"minecraft:arrow":7,"minecraft:rotten_flesh":7,"minecraft:hay_block":26,"supplementaries:ash":15,"minecraft:blaze_rod":1,"minecraft:obsidian":10,"minecraft:mutton":21,"minecraft:iron_bars":2,"minecraft:cobblestone":114,"minecraft:rail":1,"minecraft:white_wool":10,"minecraft:birch_log":6,"create:iron_sheet":18,"minecraft:andesite":6,"minecraft:leather":10,"create:andesite_alloy":2,"minecraft:oak_log":52,"minecraft:tuff":11,"create:raw_zinc":81,"minecraft:golden_boots":1,"minecraft:nether_wart_block":2,"minecraft:gunpowder":1,"minecraft:dirt":247,"minecraft:bone":16,"minecraft:apple":4,"minecraft:bow":1,"minecraft:wheat_seeds":6,"minecraft:iron_ingot":26,"create:goggles":3,"minecraft:oak_planks":57,"create:large_water_wheel":1,"minecraft:lava_bucket":1,"minecraft:gravel":4,"minecraft:sand":4,"minecraft:white_bed":3,"minecraft:red_terracotta":1,"minecraft:spider_eye":2,"create:crimsite":10,"minecraft:diamond":19,"minecraft:granite":1,"minecraft:bread":1,"minecraft:netherrack":2,"minecraft:emerald":5,"tombstone:magic_scroll":1,"minecraft:oak_sapling":27,"minecraft:black_wool":1,"minecraft:coal":100},"minecraft:used":{"create:limestone":3,"minecraft:stone_sword":28,"minecraft:iron_shovel":264,"minecraft:chest":2,"minecraft:shield":14,"minecraft:iron_sword":21,"minecraft:oak_door":1,"minecraft:torch":15,"minecraft:dirt":1,"minecraft:tuff":11,"minecraft:wooden_axe":11,"minecraft:lava_bucket":2,"minecraft:birch_sapling":2,"minecraft:bow":4,"minecraft:oak_sapling":14,"minecraft:furnace":8,"tombstone:gift":7,"minecraft:cooked_beef":6,"minecraft:cobbled_deepslate":97,"minecraft:calcite":1,"minecraft:cooked_mutton":8,"minecraft:water_bucket":4,"minecraft:stone_pickaxe":117,"minecraft:oak_planks":1,"create:crimsite":10,"minecraft:wooden_pickaxe":14,"minecraft:diamond_axe":9,"minecraft:crafting_table":7,"minecraft:white_bed":3,"minecraft:diamond_pickaxe":398,"minecraft:apple":4,"minecraft:bread":40,"minecraft:iron_pickaxe":76,"minecraft:gravel":4,"create:large_water_wheel":1,"minecraft:stone_axe":65,"minecraft:nether_wart_block":2,"minecraft:diamond_sword":65,"minecraft:bucket":6,"minecraft:andesite":6},"minecraft:mined":{"create:zinc_ore":43,"minecraft:diamond_ore":2,"create:deepslate_zinc_ore":39,"minecraft:tuff":12,"minecraft:white_bed":3,"minecraft:light_gray_stained_glass_pane":2,"minecraft:deepslate_diamond_ore":17,"minecraft:oak_door":1,"minecraft:obsidian":10,"minecraft:glow_lichen":1,"minecraft:grass_block":217,"minecraft:stone_brick_wall":1,"minecraft:spawner":1,"minecraft:hay_block":26,"minecraft:furnace":2,"minecraft:fire":6,"minecraft:cobbled_deepslate":11,"minecraft:iron_ore":37,"minecraft:andesite":6,"treechop:chopped_log":9,"minecraft:dirt_path":2,"minecraft:deepslate_iron_ore":30,"minecraft:iron_bars":2,"minecraft:stone":105,"create:limestone":3,"minecraft:crafting_table":2,"minecraft:torch":3,"minecraft:calcite":1,"minecraft:cobblestone":1,"minecraft:copper_ore":32,"minecraft:tall_grass":4,"minecraft:oak_planks":11,"minecraft:wall_torch":1,"supplementaries:urn":6,"create:water_wheel_structure":1,"minecraft:red_terracotta":1,"minecraft:nether_wart_block":2,"minecraft:grass":19,"minecraft:coal_ore":91,"minecraft:sand":3,"minecraft:gravel":3,"minecraft:dirt":33,"minecraft:cobweb":2,"minecraft:netherrack":2,"create:crimsite":11,"minecraft:oak_leaves":1,"minecraft:deepslate":130,"paraglider:goddess_statue":1},"minecraft:custom":{"minecraft:mob_kills":50,"minecraft:interact_with_crafting_table":53,"minecraft:time_since_death":27690,"minecraft:climb_one_cm":1948,"minecraft:sprint_one_cm":384819,"minecraft:walk_one_cm":425523,"minecraft:damage_blocked_by_shield":750,"minecraft:drop":157,"minecraft:damage_dealt_absorbed":80,"minecraft:play_time":168399,"minecraft:deaths":5,"minecraft:sneak_time":2539,"minecraft:walk_under_water_one_cm":15475,"minecraft:jump":2769,"minecraft:interact_with_blast_furnace":5,"minecraft:walk_on_water_one_cm":26140,"minecraft:total_world_time":168399,"minecraft:interact_with_furnace":42,"minecraft:interact_with_stonecutter":1,"minecraft:sleep_in_bed":1,"minecraft:time_since_rest":26331,"minecraft:damage_taken":3781,"tombstone:sneak_grave":2,"minecraft:damage_dealt":6720,"minecraft:swim_one_cm":75180,"minecraft:fly_one_cm":495554,"minecraft:open_chest":50,"minecraft:crouch_one_cm":6976,"tombstone:undead_killed":12,"minecraft:interact_with_smoker":1,"minecraft:fall_one_cm":81910},"minecraft:dropped":{"minecraft:golden_boots":1,"minecraft:iron_ingot":42,"minecraft:bread":10,"minecraft:soul_sand":1,"minecraft:wheat_seeds":6,"minecraft:cooked_beef":7,"minecraft:diamond":2,"minecraft:weeping_vines":1,"minecraft:iron_helmet":1,"minecraft:cobblestone":1,"minecraft:book":1,"minecraft:granite":1,"minecraft:copper_ingot":75,"minecraft:rail":4,"minecraft:coal":67,"minecraft:leather_helmet":1,"minecraft:emerald":1,"minecraft:dirt":246,"tombstone:magic_scroll":1,"minecraft:torch":9,"create:goggles":4,"minecraft:gold_nugget":8,"create:iron_sheet":22,"minecraft:iron_pickaxe":1,"minecraft:iron_shovel":1,"minecraft:bucket":1,"create:raw_zinc":62,"minecraft:gold_ingot":6,"minecraft:oak_door":1,"minecraft:stone_axe":1,"minecraft:stone_sword":1,"minecraft:raw_copper":44,"minecraft:wheat":42,"minecraft:obsidian":9,"minecraft:raw_iron":24,"minecraft:rotten_flesh":7,"minecraft:light_gray_wool":2,"minecraft:oak_planks":82,"minecraft:iron_boots":1,"minecraft:cooked_mutton":11,"minecraft:red_terracotta":1,"minecraft:diamond_sword":2,"supplementaries:ash":12,"minecraft:shield":1,"supplementaries:rope_arrow":1,"minecraft:gunpowder":1,"create:zinc_ingot":7,"minecraft:stone_brick_wall":1,"minecraft:oak_sapling":13,"create:brass_ingot":72,"minecraft:iron_bars":2,"minecraft:arrow":2,"minecraft:stone_pickaxe":1,"minecraft:netherrack":2,"create:andesite_alloy":1,"minecraft:black_wool":1}},"DataVersion":3465}