{"stats":{"minecraft:killed":{"minecraft:cave_spider":1,"minecraft:pig":11,"minecraft:skeleton":3,"minecraft:sheep":11,"minecraft:zombie":4,"minecraft:cow":2},"minecraft:crafted":{"minecraft:cooked_beef":3,"supplementaries:rope_arrow":2,"minecraft:oak_planks":208,"minecraft:diamond_sword":1,"minecraft:diamond_axe":1,"minecraft:crafting_table":4,"minecraft:wooden_pickaxe":1,"minecraft:iron_helmet":1,"minecraft:iron_sword":1,"minecraft:furnace":5,"minecraft:birch_planks":24,"minecraft:stone_axe":1,"minecraft:bread":64,"minecraft:cooked_mutton":19,"minecraft:air":0,"minecraft:iron_chestplate":1,"minecraft:iron_boots":1,"minecraft:diamond_pickaxe":1,"minecraft:shield":1,"minecraft:stick":28,"minecraft:iron_ingot":23,"minecraft:iron_pickaxe":1,"minecraft:stone_pickaxe":1,"minecraft:wooden_axe":1,"minecraft:stone_sword":1,"minecraft:chest":1,"minecraft:iron_leggings":1,"minecraft:white_bed":3,"minecraft:wheat":234},"minecraft:picked_up":{"minecraft:birch_log":6,"minecraft:crafting_table":2,"minecraft:andesite":1,"minecraft:leather":4,"minecraft:tuff":10,"create:raw_zinc":19,"minecraft:oak_log":52,"minecraft:string":2,"minecraft:raw_copper":75,"minecraft:bone":4,"minecraft:apple":4,"minecraft:bow":1,"minecraft:cobbled_deepslate":59,"minecraft:beef":3,"minecraft:iron_ingot":8,"minecraft:light_gray_wool":2,"minecraft:birch_sapling":2,"minecraft:oak_planks":56,"minecraft:furnace":1,"minecraft:stick":13,"minecraft:raw_iron":23,"minecraft:torch":1,"minecraft:porkchop":22,"minecraft:spider_eye":1,"minecraft:arrow":6,"minecraft:rotten_flesh":5,"minecraft:diamond":10,"minecraft:hay_block":26,"minecraft:granite":1,"supplementaries:ash":9,"minecraft:oak_sapling":27,"minecraft:mutton":21,"minecraft:black_wool":1,"minecraft:white_wool":10,"minecraft:rail":1,"minecraft:cobblestone":85},"minecraft:used":{"minecraft:cooked_mutton":8,"minecraft:stone_sword":28,"minecraft:stone_pickaxe":117,"minecraft:chest":1,"minecraft:shield":8,"minecraft:wooden_pickaxe":14,"minecraft:iron_sword":21,"minecraft:diamond_axe":1,"minecraft:torch":1,"minecraft:crafting_table":6,"minecraft:tuff":10,"minecraft:wooden_axe":11,"minecraft:diamond_pickaxe":14,"minecraft:apple":4,"minecraft:bread":3,"minecraft:birch_sapling":2,"minecraft:iron_pickaxe":76,"minecraft:stone_axe":65,"minecraft:diamond_sword":6,"minecraft:bow":1,"minecraft:furnace":5,"minecraft:oak_sapling":14,"minecraft:andesite":1,"tombstone:gift":2,"minecraft:cooked_beef":3,"minecraft:cobbled_deepslate":31},"minecraft:mined":{"create:zinc_ore":9,"create:deepslate_zinc_ore":11,"minecraft:tuff":11,"minecraft:deepslate_diamond_ore":10,"minecraft:crafting_table":2,"minecraft:torch":1,"minecraft:glow_lichen":1,"minecraft:copper_ore":20,"minecraft:oak_planks":5,"minecraft:spawner":1,"minecraft:hay_block":26,"minecraft:furnace":1,"minecraft:iron_ore":4,"minecraft:cobbled_deepslate":3,"minecraft:andesite":1,"treechop:chopped_log":9,"minecraft:grass":3,"minecraft:deepslate_iron_ore":19,"minecraft:cobweb":2,"minecraft:stone":76,"minecraft:oak_leaves":1,"minecraft:deepslate":54},"minecraft:dropped":{"minecraft:stone_axe":1,"minecraft:diamond":2,"minecraft:rotten_flesh":5,"minecraft:light_gray_wool":2,"minecraft:granite":1,"minecraft:cooked_mutton":11,"minecraft:rail":4,"supplementaries:ash":12,"minecraft:oak_sapling":13,"minecraft:arrow":2,"minecraft:stone_pickaxe":1,"minecraft:black_wool":1},"minecraft:custom":{"minecraft:interact_with_furnace":29,"minecraft:mob_kills":32,"minecraft:interact_with_crafting_table":35,"minecraft:time_since_death":32246,"minecraft:time_since_rest":32034,"minecraft:sprint_one_cm":159532,"minecraft:damage_taken":1157,"minecraft:walk_one_cm":166741,"minecraft:damage_blocked_by_shield":450,"minecraft:drop":25,"minecraft:damage_dealt":3610,"minecraft:fly_one_cm":127238,"minecraft:open_chest":10,"minecraft:crouch_one_cm":3977,"minecraft:play_time":54399,"tombstone:undead_killed":7,"minecraft:deaths":1,"minecraft:sneak_time":1284,"minecraft:walk_under_water_one_cm":235,"minecraft:jump":887,"minecraft:walk_on_water_one_cm":2107,"minecraft:total_world_time":54399,"minecraft:fall_one_cm":26034}},"DataVersion":3465}