{"stats":{"minecraft:used":{"minecraft:cooked_mutton":1,"minecraft:stone_pickaxe":60,"minecraft:wooden_pickaxe":9,"minecraft:rotten_flesh":2,"minecraft:torch":1,"minecraft:glow_berries":3,"minecraft:crafting_table":4,"minecraft:jungle_planks":8,"minecraft:jungle_sapling":1,"minecraft:wooden_axe":22,"minecraft:apple":1,"minecraft:bread":2,"minecraft:stone_axe":79,"minecraft:cobblestone":1,"minecraft:cooked_porkchop":2,"minecraft:minecart":1,"minecraft:andesite":1,"tombstone:gift":4,"minecraft:cobbled_deepslate":1},"minecraft:custom":{"minecraft:interact_with_furnace":19,"minecraft:mob_kills":27,"dimdoors:times_sent_to_limbo":2,"minecraft:interact_with_crafting_table":9,"dimdoors:times_been_to_dungeon":2,"minecraft:leave_game":5,"minecraft:time_since_death":1927,"minecraft:climb_one_cm":3993,"minecraft:time_since_rest":1,"minecraft:sprint_one_cm":101585,"minecraft:damage_taken":1301,"minecraft:walk_one_cm":146655,"minecraft:drop":8,"minecraft:damage_dealt":3743,"minecraft:minecart_one_cm":2963,"tombstone:cast_on_ally":0,"minecraft:swim_one_cm":8545,"minecraft:fly_one_cm":101008,"minecraft:player_kills":1,"minecraft:open_chest":3,"minecraft:crouch_one_cm":1646,"minecraft:play_time":47141,"tombstone:undead_killed":13,"minecraft:deaths":2,"minecraft:sneak_time":443,"minecraft:walk_under_water_one_cm":4645,"dimdoors:deaths_in_pocket":2,"minecraft:jump":722,"minecraft:walk_on_water_one_cm":3306,"minecraft:total_world_time":47141,"minecraft:fall_one_cm":12942},"minecraft:picked_up":{"minecraft:wooden_axe":1,"minecraft:birch_log":10,"minecraft:feather":6,"minecraft:chicken":4,"minecraft:jungle_log":25,"minecraft:iron_door":2,"minecraft:salmon":6,"minecraft:andesite":5,"minecraft:wooden_pickaxe":1,"tombstone:grave_key":1,"minecraft:oak_log":26,"minecraft:string":4,"minecraft:apple":1,"minecraft:cobbled_deepslate":3,"minecraft:stone_pickaxe":1,"minecraft:jungle_sapling":1,"minecraft:birch_sapling":1,"minecraft:stick":10,"minecraft:raw_iron":12,"minecraft:torch":2,"minecraft:porkchop":9,"minecraft:jungle_planks":5,"minecraft:amethyst_shard":4,"minecraft:rotten_flesh":17,"minecraft:stone_axe":2,"minecraft:oak_sapling":12,"minecraft:white_wool":8,"minecraft:glow_berries":2,"minecraft:mutton":12,"minecraft:coal":4,"minecraft:rail":6,"minecraft:cobblestone":38},"minecraft:killed_by":{"minecraft:player":2},"minecraft:mined":{"minecraft:amethyst_cluster":1,"minecraft:jungle_leaves":8,"minecraft:torch":1,"minecraft:jungle_planks":6,"minecraft:tall_grass":1,"minecraft:birch_log":1,"minecraft:iron_ore":1,"minecraft:andesite":3,"minecraft:birch_leaves":1,"treechop:chopped_log":5,"minecraft:coal_ore":4,"minecraft:deepslate_iron_ore":10,"minecraft:vine":9,"minecraft:stone":40,"minecraft:oak_leaves":1,"minecraft:deepslate":2,"minecraft:fern":1},"minecraft:broken":{"minecraft:stone_axe":1},"minecraft:killed":{"minecraft:pig":3,"minecraft:zombie_villager":1,"minecraft:salmon":3,"minecraft:spider":2,"minecraft:skeleton":2,"minecraft:sheep":4,"minecraft:zombie":10,"minecraft:chicken":2},"minecraft:crafted":{"minecraft:oak_planks":52,"minecraft:cooked_porkchop":2,"minecraft:crafting_table":4,"minecraft:wooden_pickaxe":1,"minecraft:cooked_chicken":2,"minecraft:furnace":1,"minecraft:birch_planks":20,"minecraft:stone_axe":1,"minecraft:cooked_mutton":1,"minecraft:air":0,"minecraft:jungle_planks":72,"minecraft:stick":8,"minecraft:stone_pickaxe":1,"minecraft:wooden_axe":1},"minecraft:dropped":{"minecraft:stone_axe":1,"minecraft:cooked_chicken":2,"minecraft:cobbled_deepslate":2,"minecraft:birch_sapling":1,"tombstone:grave_key":1,"minecraft:birch_log":5}},"DataVersion":3465}