{"stats":{"minecraft:killed_by":{"minecraft:player":1,"minecraft:creeper":1,"sanitydim:rotting_stalker":2,"siren_head:siren_head":2,"sanitydim:sneaking_terror":1,"minecraft:warden":3},"minecraft:crafted":{"minecraft:cooked_chicken":5,"edible_monsters:cooked_flesh":15,"minecraft:iron_axe":1,"minecraft:stone_pickaxe":1,"minecraft:golden_boots":1,"minecraft:cooked_beef":1,"minecraft:diamond_sword":1,"minecraft:cooked_porkchop":6,"minecraft:crafting_table":1,"minecraft:spruce_planks":56,"minecraft:wooden_pickaxe":1,"minecraft:iron_helmet":1,"minecraft:stone_axe":1,"minecraft:air":0,"minecraft:iron_chestplate":1,"minecraft:book":1,"minecraft:paper":3,"minecraft:golden_leggings":1,"minecraft:diamond_pickaxe":1,"minecraft:shield":1,"minecraft:stick":12,"minecraft:iron_ingot":39,"minecraft:iron_pickaxe":1,"minecraft:wooden_axe":1,"minecraft:writable_book":1,"farmersdelight:diamond_knife":1,"minecraft:torch":36},"minecraft:picked_up":{"minecraft:crafting_table":2,"minecraft:ladder":1,"minecraft:chicken":7,"dynamictrees:spruce_seed":4,"boh:spinel":15,"minecraft:raw_copper":5,"minecraft:cornflower":4,"minecraft:string":7,"minecraft:blackstone":5,"minecraft:cobbled_deepslate":130,"minecraft:spruce_planks":1,"minecraft:beef":14,"minecraft:rose_bush":1,"minecraft:sugar_cane":3,"farmersdelight:cabbage_seeds":1,"minecraft:stick":13,"minecraft:raw_iron":58,"minecraft:torch":22,"minecraft:note_block":5,"minecraft:porkchop":7,"dtterralith:moonlight_pine_seed":2,"minecraft:arrow":2,"minecraft:rotten_flesh":18,"minecraft:cooked_cod":2,"minecraft:mutton":6,"minecraft:white_wool":3,"minecraft:cobblestone":64,"minecraft:air":0,"minecraft:feather":4,"minecraft:leather":3,"minecraft:yellow_bed":2,"minecraft:gunpowder":2,"minecraft:dirt":16,"sanitydim:garland":1,"minecraft:lapis_lazuli":11,"boh:simons_book":1,"minecraft:bone":3,"minecraft:wheat_seeds":4,"minecraft:raw_gold":1,"minecraft:polished_andesite_slab":1,"minecraft:book":33,"minecraft:smooth_basalt":1,"minecraft:cooked_porkchop":4,"minecraft:gravel":1,"minecraft:red_banner":1,"minecraft:ink_sac":2,"minecraft:spruce_log":14,"minecraft:spider_eye":1,"minecraft:diamond":5,"minecraft:granite":8,"minecraft:coal":93},"minecraft:custom":{"minecraft:mob_kills":48,"minecraft:interact_with_anvil":2,"minecraft:interact_with_crafting_table":13,"minecraft:open_barrel":42,"minecraft:interact_with_campfire":3,"minecraft:leave_game":2,"minecraft:time_since_death":30842,"minecraft:climb_one_cm":14274,"minecraft:sprint_one_cm":302182,"minecraft:walk_one_cm":394126,"minecraft:drop":35,"minecraft:play_noteblock":2,"minecraft:damage_dealt_absorbed":7,"minecraft:talked_to_villager":6,"minecraft:play_time":158736,"minecraft:deaths":18,"minecraft:sneak_time":2727,"minecraft:walk_under_water_one_cm":4035,"minecraft:jump":3243,"minecraft:interact_with_blast_furnace":3,"minecraft:walk_on_water_one_cm":6969,"minecraft:total_world_time":158736,"minecraft:interact_with_furnace":24,"minecraft:tune_noteblock":4,"minecraft:interact_with_loom":1,"minecraft:sleep_in_bed":4,"minecraft:time_since_rest":172,"minecraft:damage_taken":6974,"minecraft:damage_dealt":9252,"minecraft:swim_one_cm":21367,"minecraft:fly_one_cm":418029,"minecraft:open_chest":13,"minecraft:crouch_one_cm":5949,"minecraft:interact_with_smoker":13,"minecraft:fall_one_cm":79898},"minecraft:broken":{"minecraft:golden_boots":1,"sanitydim:garland":1,"minecraft:golden_leggings":1},"minecraft:dropped":{"minecraft:iron_ingot":12,"minecraft:wheat_seeds":4,"minecraft:lapis_lazuli":6,"boh:spinel":1,"minecraft:cooked_porkchop":4,"minecraft:cobblestone":4,"minecraft:feather":3,"minecraft:leather":2,"dynamictrees:spruce_seed":1,"minecraft:coal":25,"minecraft:dirt":5,"minecraft:ink_sac":1,"minecraft:cornflower":4,"minecraft:mutton":2,"minecraft:cooked_cod":1,"dtterralith:moonlight_pine_seed":2,"minecraft:iron_pickaxe":1,"minecraft:string":5,"minecraft:gravel":1,"minecraft:note_block":4,"minecraft:stone_axe":1,"minecraft:spyglass":1,"farmersdelight:cabbage_seeds":1,"minecraft:gunpowder":2,"minecraft:ladder":1,"minecraft:arrow":2,"minecraft:stone_pickaxe":1,"minecraft:beef":11,"farmersdelight:diamond_knife":1},"minecraft:killed":{"minecraft:spider":4,"minecraft:skeleton":5,"minecraft:horse":1,"minecraft:chicken":3,"minecraft:silverfish":2,"minecraft:pig":4,"minecraft:creeper":3,"minecraft:squid":1,"minecraft:sheep":5,"minecraft:pillager":2,"minecraft:zombie":4,"minecraft:villager":6,"minecraft:cow":6},"minecraft:used":{"minecraft:writable_book":1,"minecraft:cooked_chicken":5,"minecraft:rotten_flesh":4,"minecraft:iron_chestplate":1,"minecraft:torch":58,"minecraft:dirt":4,"sanitydim:garland":1,"minecraft:wooden_axe":7,"minecraft:iron_axe":20,"minecraft:smooth_basalt":1,"minecraft:beef":2,"minecraft:cooked_cod":1,"minecraft:cooked_beef":1,"minecraft:cobbled_deepslate":96,"edible_monsters:cooked_flesh":15,"minecraft:water_bucket":1,"minecraft:stone_pickaxe":25,"farmersdelight:golden_knife":7,"minecraft:blackstone":5,"minecraft:wooden_pickaxe":9,"minecraft:crafting_table":3,"minecraft:diamond_pickaxe":389,"minecraft:chicken":1,"minecraft:iron_pickaxe":21,"minecraft:stone_axe":8,"minecraft:diamond_sword":160,"minecraft:cobblestone":1,"minecraft:porkchop":2,"minecraft:cooked_porkchop":3,"minecraft:bucket":1,"minecraft:yellow_bed":7},"minecraft:mined":{"minecraft:large_amethyst_bud":5,"minecraft:spruce_planks":1,"minecraft:deepslate_diamond_ore":5,"minecraft:gray_stained_glass_pane":4,"minecraft:cave_vines_plant":4,"minecraft:granite":8,"minecraft:chiseled_bookshelf":1,"minecraft:grass_block":9,"minecraft:polished_andesite_slab":1,"minecraft:large_fern":2,"minecraft:iron_ore":35,"minecraft:cobbled_deepslate":17,"minecraft:fire":27,"minecraft:deepslate_lapis_ore":1,"dynamictrees:spruce_leaves":4,"minecraft:bookshelf":11,"minecraft:cave_vines":3,"minecraft:deepslate_iron_ore":23,"minecraft:stone":64,"minecraft:tripwire":1,"minecraft:blackstone":6,"minecraft:soul_fire":2,"minecraft:amethyst_cluster":1,"minecraft:crafting_table":2,"minecraft:torch":4,"minecraft:note_block":1,"minecraft:white_stained_glass_pane":2,"minecraft:rose_bush":1,"minecraft:tall_grass":16,"minecraft:cobblestone":1,"minecraft:lapis_ore":1,"minecraft:deepslate_gold_ore":1,"minecraft:wall_torch":5,"minecraft:deepslate_copper_ore":1,"boh:spinel_ore_ore":15,"minecraft:light_gray_stained_glass":5,"minecraft:blue_ice":1,"minecraft:lilac":1,"minecraft:yellow_bed":2,"minecraft:red_wall_banner":1,"minecraft:grass":29,"minecraft:coal_ore":96,"minecraft:dirt":10,"minecraft:small_dripleaf":1,"minecraft:deepslate":135}},"DataVersion":3465}