{"stats":{"minecraft:crafted":{"minecraft:oak_planks":16,"minecraft:charcoal":2,"minecraft:cooked_porkchop":3,"minecraft:iron_axe":1,"minecraft:crafting_table":1,"minecraft:iron_ingot":3,"minecraft:wooden_pickaxe":1,"minecraft:stone_pickaxe":1,"minecraft:wooden_axe":1,"minecraft:furnace":1,"minecraft:torch":8},"minecraft:used":{"minecraft:wooden_axe":2,"minecraft:stone_pickaxe":78,"minecraft:wooden_pickaxe":52,"minecraft:torch":2,"minecraft:crafting_table":3,"minecraft:furnace":2,"minecraft:cooked_porkchop":1},"minecraft:killed_by":{"minecraft:skeleton":1},"minecraft:picked_up":{"minecraft:raw_iron":18,"minecraft:stick":25,"minecraft:crafting_table":2,"minecraft:porkchop":3,"minecraft:oak_log":9,"minecraft:dirt":24,"minecraft:raw_copper":34,"minecraft:wheat_seeds":1,"dynamictrees:oak_seed":3,"minecraft:coal":20,"minecraft:cobblestone":77,"minecraft:furnace":1},"minecraft:mined":{"minecraft:furnace":1,"minecraft:iron_ore":18,"minecraft:crafting_table":2,"minecraft:grass":2,"minecraft:grass_block":2,"minecraft:coal_ore":23,"minecraft:dirt":5,"minecraft:copper_ore":10,"minecraft:stone":77},"minecraft:custom":{"minecraft:time_since_rest":23762,"minecraft:sprint_one_cm":7876,"minecraft:interact_with_furnace":7,"minecraft:damage_taken":613,"minecraft:walk_one_cm":42018,"minecraft:mob_kills":1,"minecraft:damage_dealt":69,"minecraft:interact_with_crafting_table":7,"minecraft:fly_one_cm":5428,"minecraft:play_time":31921,"minecraft:deaths":1,"minecraft:sneak_time":4,"minecraft:walk_under_water_one_cm":1522,"minecraft:jump":188,"minecraft:time_since_death":23718,"minecraft:climb_one_cm":1400,"minecraft:total_world_time":31921,"minecraft:fall_one_cm":1588}},"DataVersion":3465}