{"stats":{"minecraft:custom":{"minecraft:mob_kills":97,"minecraft:animals_bred":5,"minecraft:interact_with_crafting_table":37,"minecraft:open_barrel":26,"minecraft:leave_game":16,"minecraft:time_since_death":13933,"minecraft:climb_one_cm":180299,"minecraft:sprint_one_cm":323971,"minecraft:walk_one_cm":1697887,"minecraft:drop":260,"minecraft:play_time":531759,"minecraft:sneak_time":852,"minecraft:deaths":47,"minecraft:walk_under_water_one_cm":90595,"minecraft:jump":4402,"minecraft:walk_on_water_one_cm":52976,"minecraft:total_world_time":531759,"minecraft:interact_with_furnace":35,"minecraft:interact_with_grindstone":1,"minecraft:sleep_in_bed":9,"minecraft:time_since_rest":13967,"minecraft:waystone_activated":1,"minecraft:damage_taken":17122,"minecraft:damage_dealt":25923,"minecraft:player_kills":2,"minecraft:swim_one_cm":40087,"minecraft:fly_one_cm":336836,"minecraft:open_chest":56,"minecraft:crouch_one_cm":823,"minecraft:interact_with_smoker":10,"minecraft:fall_one_cm":124583},"minecraft:dropped":{"minecraft:enchanted_book":1,"minecraft:iron_ingot":46,"scpo:money":11,"spore:spine_fragment":12,"minecraft:oak_slab":15,"minecraft:porkchop":1,"minecraft:wheat_seeds":5,"minecraft:diamond_axe":1,"minecraft:polished_blackstone":2,"minecraft:mossy_cobblestone":3,"minecraft:diamond":24,"scpo:raw_iridium":3,"minecraft:feather":3,"minecraft:cobblestone":293,"spore:tendons":6,"minecraft:leather":1,"minecraft:granite":27,"paraglider:spirit_orb":3,"minecraft:stick":1,"minecraft:flint":5,"minecraft:cracked_polished_blackstone_bricks":2,"minecraft:dirt":31,"minecraft:red_bed":1,"minecraft:wooden_axe":1,"minecraft:white_concrete":2,"scpo:raw_cobalt":8,"farmersdelight:organic_compost":1,"minecraft:cooked_salmon":8,"minecraft:snowball":22,"the_silence:sad_satan":4,"minecraft:bone_block":7,"minecraft:iron_axe":2,"minecraft:polished_blackstone_bricks":41,"minecraft:string":6,"minecraft:white_wool":2,"create:raw_zinc":14,"minecraft:redstone":144,"minecraft:smooth_basalt":57,"dynamictrees:crimson_seed":1,"minecraft:gravel":34,"minecraft:moss_carpet":17,"minecraft:ancient_debris":3,"minecraft:soul_soil":1,"minecraft:coarse_dirt":17,"dynamictrees:oak_seed":3,"minecraft:cobbled_deepslate":455,"minecraft:raw_copper":2,"minecraft:tuff":1,"minecraft:wheat":1,"minecraft:obsidian":5,"minecraft:raw_iron":89,"paraglider:goddess_statue":2,"minecraft:rotten_flesh":1,"minecraft:oak_planks":17,"spore:corrosive_sack":1,"spore:cerebrum":4,"spore:mutated_fiber":8,"minecraft:cooked_mutton":1,"sophisticatedbackpacks:diamond_backpack":1,"boh:ovamorph":1,"minecraft:spruce_planks":6,"minecraft:charcoal":4,"minecraft:andesite":105,"minecraft:ladder":2,"minecraft:diamond_boots":2,"minecraft:arrow":3,"minecraft:wooden_pickaxe":1,"minecraft:raw_gold":2,"minecraft:calcite":39,"minecraft:magma_block":12,"minecraft:quartz":8,"minecraft:netherrack":1,"the_silence:tape_monster":2,"minecraft:egg":2},"minecraft:mined":{"minecraft:nether_gold_ore":14,"create:deepslate_zinc_ore":14,"minecraft:tuff":40,"farmersdelight:onions":7,"minecraft:deepslate_diamond_ore":63,"scpo:cobalt_ore_deepslate":7,"farmersdelight:wild_carrots":2,"the_silence:sad_satan":4,"scpo:cobalt_ore":2,"minecraft:spruce_trapdoor":2,"minecraft:budding_amethyst":1,"minecraft:obsidian":5,"minecraft:granite":27,"minecraft:grass_block":9,"minecraft:cracked_polished_blackstone_bricks":1,"minecraft:soul_soil":1,"minecraft:moss_block":1,"minecraft:large_fern":9,"minecraft:polished_blackstone_bricks":30,"minecraft:magma_block":6,"minecraft:furnace":1,"minecraft:carrots":1,"minecraft:iron_ore":94,"minecraft:snow":5,"minecraft:andesite":118,"minecraft:deepslate_lapis_ore":1,"scpo:iridium_ore":3,"minecraft:shroomlight":2,"minecraft:deepslate_iron_ore":54,"minecraft:vine":2,"minecraft:packed_ice":28,"minecraft:stone":430,"minecraft:deepslate_redstone_ore":32,"minecraft:red_bed":2,"farmersdelight:organic_compost":1,"minecraft:blackstone":10,"minecraft:deepslate_tile_slab":2,"minecraft:clay":4,"minecraft:torch":8,"minecraft:crafting_table":4,"minecraft:calcite":41,"minecraft:nether_quartz_ore":15,"minecraft:copper_ore":30,"minecraft:tall_grass":2,"minecraft:cobblestone":98,"minecraft:deepslate_coal_ore":7,"minecraft:deepslate_gold_ore":2,"minecraft:oak_planks":5,"dynamictrees:crimson_sapling":1,"minecraft:wall_torch":9,"minecraft:amethyst_block":4,"minecraft:deepslate_copper_ore":1,"minecraft:coarse_dirt":17,"boh:spinel_ore_ore":8,"minecraft:wheat":4,"minecraft:ice":5,"minecraft:grass":59,"minecraft:coal_ore":83,"minecraft:gravel":40,"minecraft:dirt":33,"minecraft:sand":4,"minecraft:smooth_basalt":19,"minecraft:cracked_stone_bricks":2,"minecraft:spruce_fence_gate":1,"minecraft:polished_blackstone":1,"minecraft:stone_bricks":7,"minecraft:ancient_debris":3,"minecraft:netherrack":105,"minecraft:deepslate":609,"minecraft:infested_stone":1,"minecraft:diamond_ore":1},"minecraft:broken":{"minecraft:diamond_chestplate":1,"minecraft:diamond_helmet":1,"minecraft:iron_boots":1,"minecraft:iron_leggings":1,"minecraft:stone_pickaxe":1,"minecraft:iron_pickaxe":2,"minecraft:iron_helmet":1},"minecraft:killed":{"boh:raatma":1,"minecraft:cave_spider":10,"minecraft:spider":1,"spore:leaper":1,"minecraft:skeleton":1,"minecraft:silverfish":1,"spore:spitter":1,"minecraft:piglin_brute":3,"boh:ratazana":3,"minecraft:piglin":4,"minecraft:pig":1,"spore:inf_player":2,"spore:inf_wanderer":1,"minecraft:salmon":21,"minecraft:hoglin":1,"minecraft:creeper":5,"spore:inf_pillager":4,"spore:inf_villager":11,"minecraft:zombie":7,"spore:inf_human":11,"minecraft:stray":3,"spore:inf_witch":2},"minecraft:used":{"minecraft:iron_shovel":45,"minecraft:oak_sign":3,"minecraft:cooked_salmon":11,"minecraft:cooked_chicken":1,"minecraft:netherrack":64,"minecraft:torch":49,"minecraft:dirt":18,"minecraft:carrot":5,"minecraft:diamond_helmet":1,"minecraft:tuff":1,"minecraft:snowball":44,"minecraft:iron_hoe":72,"minecraft:wooden_axe":32,"minecraft:stone_bricks":1,"minecraft:furnace":3,"minecraft:egg":3,"minecraft:cobbled_deepslate":10,"minecraft:cooked_mutton":1,"minecraft:wheat_seeds":16,"edible_monsters:cooked_flesh":11,"minecraft:water_bucket":5,"minecraft:oak_planks":33,"minecraft:stone_pickaxe":131,"minecraft:wooden_pickaxe":55,"minecraft:diamond_axe":365,"minecraft:crafting_table":7,"minecraft:red_bed":1,"minecraft:diamond_pickaxe":1395,"minecraft:iron_pickaxe":500,"boh:ovamorph":1,"minecraft:cobblestone":304,"minecraft:porkchop":2,"minecraft:bucket":6,"minecraft:cooked_porkchop":4,"minecraft:coarse_dirt":1,"minecraft:oak_boat":1,"the_silence:sad_satan":1},"minecraft:killed_by":{"the_silence:the_silence_principal":2,"minecraft:player":4,"minecraft:piglin_brute":1,"minecraft:stray":1,"minecraft:creeper":1,"the_anomaly:anomaly_attack":1,"apollyon:the_infector":1,"spore:spitter":2,"apollyon:the_damned":3,"minecraft:piglin":1,"spore:inf_villager":1,"minecraft:skeleton":2},"minecraft:crafted":{"minecraft:oak_planks":76,"minecraft:oak_sign":3,"minecraft:furnace":2,"minecraft:cooked_mutton":2,"minecraft:diamond_helmet":2,"minecraft:diamond_leggings":1,"minecraft:iron_boots":1,"minecraft:iron_axe":2,"minecraft:iron_hoe":1,"minecraft:stone_pickaxe":1,"minecraft:diamond_boots":1,"minecraft:netherite_scrap":3,"minecraft:cooked_porkchop":4,"minecraft:diamond_axe":1,"minecraft:crafting_table":3,"minecraft:wooden_pickaxe":1,"minecraft:iron_helmet":1,"minecraft:cooked_salmon":19,"minecraft:bucket":1,"minecraft:oak_boat":1,"minecraft:diamond_pickaxe":1,"minecraft:charcoal":2,"minecraft:stick":20,"minecraft:iron_ingot":60,"minecraft:iron_pickaxe":2,"minecraft:wooden_axe":1,"minecraft:iron_shovel":1,"minecraft:iron_leggings":1,"minecraft:torch":40,"minecraft:diamond_chestplate":2},"minecraft:picked_up":{"minecraft:coarse_dirt":18,"minecraft:charcoal":4,"spore:mutated_heart":2,"minecraft:crafting_table":4,"minecraft:wheat":4,"minecraft:ladder":4,"boh:spinel":8,"minecraft:shield":1,"minecraft:amethyst_block":4,"paraglider:goddess_statue":2,"minecraft:string":9,"minecraft:red_bed":2,"minecraft:moss_carpet":17,"minecraft:soul_soil":1,"minecraft:raw_copper":98,"minecraft:iron_axe":1,"spore:corrosive_sack":1,"minecraft:oak_sign":7,"scpo:raw_iridium":3,"minecraft:gold_nugget":64,"minecraft:cobbled_deepslate":529,"minecraft:spruce_planks":4,"scpo:gas_mask_helmet":1,"minecraft:oak_boat":1,"minecraft:calcite":39,"dynamictrees:oak_seed":3,"minecraft:egg":5,"minecraft:furnace":1,"minecraft:tipped_arrow":1,"minecraft:raw_iron":144,"minecraft:stick":30,"minecraft:torch":22,"the_silence:sad_satan":5,"minecraft:porkchop":7,"minecraft:polished_blackstone_bricks":41,"the_silence:tape_monster":2,"minecraft:carrot":7,"minecraft:redstone":139,"boh:ovamorph":1,"minecraft:arrow":5,"minecraft:rotten_flesh":1,"farmersdelight:onion":30,"dynamictrees:crimson_seed":1,"minecraft:diamond_boots":1,"minecraft:polished_blackstone":2,"minecraft:mutton":2,"spore:tendons":6,"minecraft:obsidian":5,"minecraft:white_wool":2,"minecraft:snowball":56,"minecraft:bone_block":7,"minecraft:cobblestone":644,"minecraft:magma_block":12,"minecraft:feather":3,"minecraft:salmon":19,"minecraft:andesite":117,"minecraft:leather":3,"minecraft:flint":6,"create:raw_zinc":30,"minecraft:tuff":29,"minecraft:oak_log":21,"minecraft:ancient_debris":6,"minecraft:gunpowder":3,"minecraft:deepslate_tile_slab":1,"minecraft:lapis_lazuli":9,"minecraft:dirt":57,"farmersdelight:organic_compost":1,"minecraft:bone":3,"minecraft:stone_bricks":1,"minecraft:wheat_seeds":26,"minecraft:raw_gold":16,"minecraft:iron_ingot":43,"minecraft:cooked_chicken":1,"spore:mutated_fiber":13,"edible_monsters:cooked_flesh":11,"minecraft:diamond_helmet":1,"minecraft:moss_block":1,"minecraft:oak_planks":23,"sophisticatedbackpacks:diamond_backpack":1,"minecraft:oak_slab":10,"minecraft:smooth_basalt":57,"spore:cerebrum":5,"minecraft:quartz":8,"minecraft:gravel":36,"minecraft:amethyst_shard":5,"minecraft:mossy_cobblestone":3,"minecraft:diamond":66,"minecraft:crossbow":1,"minecraft:diamond_axe":2,"minecraft:cracked_polished_blackstone_bricks":2,"minecraft:granite":27,"minecraft:bone_meal":2,"minecraft:white_concrete":2,"spore:spine_fragment":12,"scpo:raw_cobalt":8,"minecraft:netherrack":65,"minecraft:coal":83}},"DataVersion":3465}