{"stats":{"minecraft:picked_up":{"minecraft:crafting_table":4,"minecraft:stick":2,"minecraft:raw_iron":10,"minecraft:gravel":1,"create:raw_zinc":3,"minecraft:oak_log":6,"minecraft:dirt":4,"minecraft:tnt":14,"minecraft:diamond":19,"minecraft:cobbled_deepslate":87,"minecraft:raw_gold":4,"minecraft:iron_ingot":1,"minecraft:emerald":1,"minecraft:oak_sapling":2,"minecraft:coal":27,"minecraft:cobblestone":227,"minecraft:furnace":1},"minecraft:used":{"minecraft:diamond_pickaxe":29,"minecraft:stone_pickaxe":129,"minecraft:iron_pickaxe":227,"minecraft:wooden_pickaxe":5,"minecraft:gravel":1,"minecraft:stone_axe":1,"minecraft:cobblestone":6,"minecraft:crafting_table":4,"minecraft:furnace":1},"minecraft:killed_by":{"minecraft:player":1},"minecraft:mined":{"create:zinc_ore":3,"minecraft:furnace":1,"minecraft:deepslate_diamond_ore":20,"minecraft:iron_ore":10,"minecraft:tnt":14,"treechop:chopped_log":1,"minecraft:crafting_table":4,"minecraft:emerald_ore":1,"minecraft:grass_block":1,"minecraft:coal_ore":18,"minecraft:gravel":1,"minecraft:dirt":3,"minecraft:deepslate_gold_ore":4,"minecraft:stone":228,"minecraft:deepslate":87},"minecraft:custom":{"minecraft:time_since_rest":8242,"minecraft:interact_with_furnace":3,"minecraft:sprint_one_cm":20135,"minecraft:damage_taken":307,"minecraft:walk_one_cm":59875,"minecraft:damage_dealt":109,"minecraft:player_kills":1,"minecraft:interact_with_crafting_table":8,"minecraft:swim_one_cm":24999,"minecraft:fly_one_cm":28149,"minecraft:play_time":22474,"minecraft:deaths":1,"minecraft:sneak_time":118,"minecraft:walk_under_water_one_cm":7726,"minecraft:jump":109,"minecraft:leave_game":6,"minecraft:walk_on_water_one_cm":7199,"minecraft:time_since_death":8217,"minecraft:total_world_time":22474,"minecraft:fall_one_cm":4109},"minecraft:crafted":{"minecraft:oak_planks":24,"minecraft:diamond_pickaxe":1,"minecraft:crafting_table":1,"minecraft:stick":8,"minecraft:wooden_pickaxe":1,"minecraft:iron_ingot":3,"minecraft:iron_pickaxe":1,"minecraft:stone_pickaxe":1,"minecraft:furnace":1,"minecraft:stone_axe":1,"minecraft:diamond_chestplate":1}},"DataVersion":3465}