{"stats":{"minecraft:killed_by":{"minecraft:player":1,"cave_dweller:cave_dweller":1},"minecraft:custom":{"minecraft:time_since_rest":15326,"minecraft:sprint_one_cm":164,"minecraft:interact_with_furnace":12,"minecraft:damage_taken":849,"minecraft:walk_one_cm":125174,"minecraft:mob_kills":4,"minecraft:drop":5,"minecraft:damage_dealt":1088,"minecraft:swim_one_cm":1646,"minecraft:interact_with_crafting_table":13,"minecraft:fly_one_cm":9220,"minecraft:play_time":53965,"minecraft:deaths":2,"minecraft:sneak_time":6,"minecraft:walk_under_water_one_cm":3340,"minecraft:jump":323,"minecraft:leave_game":3,"minecraft:time_since_death":15296,"minecraft:walk_on_water_one_cm":244,"minecraft:total_world_time":53965,"minecraft:climb_one_cm":466,"minecraft:fall_one_cm":3461},"minecraft:picked_up":{"minecraft:crafting_table":2,"dynamictrees:mangrove_seed":5,"minecraft:stick":24,"minecraft:raw_iron":65,"minecraft:feather":1,"minecraft:clay_ball":100,"boh:spinel":2,"minecraft:porkchop":4,"minecraft:sand":3,"create:raw_zinc":11,"minecraft:raw_copper":22,"minecraft:arrow":1,"minecraft:rotten_flesh":1,"minecraft:diamond":12,"scpo:raw_iridium":2,"minecraft:cobbled_deepslate":83,"minecraft:granite":6,"minecraft:mangrove_roots":8,"minecraft:cobblestone":165,"minecraft:coal":37,"minecraft:mangrove_log":47,"minecraft:raw_copper_block":1},"minecraft:broken":{"minecraft:iron_pickaxe":1},"minecraft:crafted":{"minecraft:iron_chestplate":1,"minecraft:iron_axe":1,"minecraft:crafting_table":1,"minecraft:wooden_pickaxe":1,"minecraft:iron_ingot":49,"minecraft:iron_pickaxe":2,"minecraft:stone_pickaxe":1,"minecraft:iron_leggings":1,"minecraft:furnace":1,"minecraft:mangrove_planks":60},"minecraft:used":{"minecraft:iron_axe":5,"minecraft:stone_pickaxe":100,"minecraft:iron_pickaxe":312,"minecraft:wooden_pickaxe":12,"minecraft:sand":2,"minecraft:crafting_table":3,"minecraft:furnace":1},"minecraft:dropped":{"minecraft:iron_ingot":19,"minecraft:diamond":2,"minecraft:feather":1},"minecraft:killed":{"minecraft:pig":2,"minecraft:zombie":1,"spore:inf_drowned":1},"minecraft:mined":{"create:deepslate_zinc_ore":12,"minecraft:coarse_dirt":1,"boh:spinel_ore_ore":2,"minecraft:deepslate_diamond_ore":12,"minecraft:iron_ore":57,"minecraft:clay":25,"minecraft:crafting_table":2,"minecraft:granite":6,"scpo:iridium_ore":2,"minecraft:grass":5,"minecraft:coal_ore":37,"minecraft:deepslate_iron_ore":8,"minecraft:sand":2,"minecraft:copper_ore":7,"minecraft:raw_copper_block":1,"minecraft:stone":165,"minecraft:oak_planks":1,"minecraft:deepslate":83}},"DataVersion":3465}