{"stats":{"minecraft:killed_by":{"minecraft:evoker":1,"minecraft:player":3,"minecraft:creeper":3,"minecraft:pillager":1,"sanitydim:rotting_stalker":1,"siren_head:siren_head":2,"minecraft:warden":1,"siren_head:siren_head_crawl_had_to_make_seprate_entity_for_this_ver":2,"minecraft:skeleton":1,"minecraft:zombie":5,"cave_dweller:cave_dweller":1,"minecraft:vex":1},"minecraft:crafted":{"minecraft:oak_planks":108,"minecraft:furnace":2,"sanitydim:garland":7,"minecraft:cooked_mutton":1,"minecraft:iron_boots":1,"minecraft:iron_axe":2,"minecraft:stone_pickaxe":1,"minecraft:cooked_porkchop":2,"minecraft:crafting_table":1,"minecraft:spruce_planks":72,"minecraft:iron_helmet":1,"minecraft:stone_axe":1,"minecraft:iron_chestplate":2,"minecraft:stick":12,"minecraft:iron_ingot":24,"minecraft:iron_pickaxe":2,"minecraft:iron_leggings":1,"minecraft:torch":16},"minecraft:picked_up":{"minecraft:crafting_table":2,"minecraft:allium":3,"minecraft:azure_bluet":12,"minecraft:chicken":4,"minecraft:stone_slab":5,"dynamictrees:spruce_seed":2,"farmersdelight:diamond_knife":1,"minecraft:cornflower":23,"minecraft:string":7,"minecraft:red_bed":1,"minecraft:moss_carpet":1,"minecraft:raw_copper":17,"minecraft:cat_spawn_egg":1,"minecraft:cyan_carpet":3,"minecraft:blue_orchid":8,"minecraft:cobbled_deepslate":245,"minecraft:beef":17,"minecraft:andesite_stairs":1,"minecraft:white_tulip":17,"dynamictrees:oak_seed":11,"minecraft:furnace":1,"minecraft:golden_helmet":1,"minecraft:stick":34,"minecraft:raw_iron":116,"minecraft:torch":8,"minecraft:porkchop":2,"minecraft:redstone":11,"dtterralith:moonlight_pine_seed":1,"minecraft:arrow":11,"minecraft:rotten_flesh":14,"minecraft:cooked_cod":1,"minecraft:peony":1,"minecraft:deepslate_bricks":3,"minecraft:totem_of_undying":1,"minecraft:glow_berries":5,"minecraft:mutton":4,"minecraft:white_wool":1,"minecraft:cobblestone":195,"minecraft:air":0,"minecraft:feather":2,"minecraft:lilac":1,"minecraft:andesite":71,"minecraft:flint":2,"minecraft:tuff":90,"minecraft:oak_log":27,"minecraft:gunpowder":1,"minecraft:dirt":18,"minecraft:lantern":3,"minecraft:purple_carpet":9,"minecraft:bone":9,"minecraft:stone_bricks":4,"minecraft:wheat_seeds":27,"minecraft:orange_tulip":23,"minecraft:raw_gold":3,"minecraft:stone_pickaxe":2,"minecraft:glass_bottle":1,"minecraft:moss_block":2,"minecraft:flowering_azalea":1,"minecraft:oak_planks":16,"minecraft:smooth_basalt":4,"minecraft:cooked_porkchop":4,"minecraft:dandelion":29,"minecraft:gravel":16,"minecraft:sand":1,"minecraft:amethyst_shard":8,"minecraft:spruce_log":18,"minecraft:mossy_cobblestone":1,"minecraft:polished_andesite":1,"minecraft:diamond":4,"minecraft:stone_axe":1,"minecraft:warped_roots":4,"minecraft:rooted_dirt":1,"minecraft:coal":73,"minecraft:ender_pearl":1},"minecraft:custom":{"minecraft:mob_kills":44,"minecraft:interact_with_crafting_table":43,"minecraft:open_barrel":2,"minecraft:leave_game":8,"minecraft:time_since_death":11549,"minecraft:climb_one_cm":6337,"minecraft:sprint_one_cm":384593,"minecraft:walk_one_cm":698647,"minecraft:drop":105,"minecraft:talked_to_villager":6,"minecraft:play_time":249367,"minecraft:deaths":32,"minecraft:sneak_time":3842,"minecraft:walk_under_water_one_cm":21465,"minecraft:jump":1846,"minecraft:interact_with_blast_furnace":3,"minecraft:walk_on_water_one_cm":20032,"minecraft:total_world_time":249367,"minecraft:interact_with_furnace":25,"minecraft:time_since_rest":11622,"minecraft:damage_taken":13210,"minecraft:damage_dealt":10794,"minecraft:player_kills":1,"minecraft:swim_one_cm":8973,"minecraft:fly_one_cm":257095,"minecraft:open_chest":19,"minecraft:crouch_one_cm":7488,"minecraft:interact_with_smoker":2,"minecraft:fall_one_cm":68873},"minecraft:broken":{"minecraft:golden_helmet":1,"sanitydim:garland":4,"minecraft:stone_pickaxe":1,"minecraft:stone_axe":1,"minecraft:iron_pickaxe":1},"minecraft:dropped":{"minecraft:iron_ingot":25,"minecraft:wheat_seeds":27,"minecraft:mossy_cobblestone":1,"minecraft:glass_bottle":1,"minecraft:diamond":8,"minecraft:cobblestone":143,"minecraft:warped_roots":4,"minecraft:lantern":2,"dynamictrees:spruce_seed":2,"minecraft:coal":20,"minecraft:dirt":5,"minecraft:mutton":2,"minecraft:flowering_azalea":1,"minecraft:amethyst_shard":8,"minecraft:string":10,"minecraft:cyan_carpet":2,"minecraft:smooth_basalt":4,"minecraft:bone":4,"minecraft:gravel":14,"minecraft:white_tulip":16,"minecraft:cobbled_deepslate":36,"minecraft:tuff":44,"minecraft:raw_iron":58,"minecraft:chicken":4,"minecraft:rotten_flesh":14,"minecraft:oak_planks":113,"minecraft:stone_slab":5,"minecraft:totem_of_undying":1,"minecraft:deepslate_bricks":2,"minecraft:allium":3,"minecraft:spruce_planks":72,"minecraft:peony":1,"minecraft:iron_chestplate":1,"minecraft:andesite":70,"sanitydim:garland":3,"minecraft:andesite_stairs":1,"minecraft:cat_spawn_egg":1,"minecraft:stone_bricks":4,"minecraft:arrow":3,"minecraft:beef":6,"minecraft:stone_pickaxe":1,"minecraft:purple_carpet":9},"minecraft:killed":{"minecraft:witch":1,"minecraft:spider":4,"minecraft:skeleton":3,"minecraft:chicken":4,"minecraft:pig":1,"minecraft:sheep":1,"minecraft:pillager":3,"minecraft:zombie":12,"boh:gray_alien":10,"minecraft:cow":1,"minecraft:enderman":1},"minecraft:used":{"farmersdelight:diamond_knife":25,"minecraft:torch":14,"minecraft:dirt":4,"minecraft:tuff":2,"minecraft:axolotl_bucket":1,"minecraft:lantern":1,"minecraft:iron_axe":169,"minecraft:furnace":3,"minecraft:cobbled_deepslate":11,"minecraft:cooked_mutton":1,"minecraft:water_bucket":8,"minecraft:stone_pickaxe":128,"minecraft:polished_andesite":1,"minecraft:oak_planks":1,"minecraft:deepslate_bricks":1,"minecraft:sand":1,"minecraft:red_bed":1,"minecraft:crafting_table":3,"minecraft:apple":4,"minecraft:iron_pickaxe":431,"minecraft:stone_axe":101,"minecraft:cobblestone":30,"minecraft:cooked_porkchop":3,"minecraft:bucket":9},"minecraft:mined":{"minecraft:tuff":44,"minecraft:spruce_planks":1,"minecraft:mossy_cobblestone":1,"minecraft:deepslate_diamond_ore":4,"minecraft:andesite_stairs":1,"minecraft:cave_vines_plant":4,"minecraft:grass_block":4,"minecraft:deepslate_bricks":2,"minecraft:moss_block":1,"minecraft:furnace":1,"minecraft:nether_sprouts":6,"minecraft:iron_ore":46,"minecraft:fire":8,"minecraft:andesite":26,"minecraft:azure_bluet":13,"minecraft:peony":1,"minecraft:cave_vines":1,"minecraft:deepslate_iron_ore":12,"minecraft:purple_carpet":8,"minecraft:lantern":1,"minecraft:azalea_leaves":3,"minecraft:white_tulip":17,"minecraft:blue_orchid":9,"minecraft:stone":122,"minecraft:cake":1,"minecraft:deepslate_redstone_ore":2,"minecraft:scaffolding":1,"minecraft:flowering_azalea":1,"minecraft:red_bed":1,"minecraft:blackstone":4,"minecraft:dandelion":32,"minecraft:crafting_table":2,"minecraft:cornflower":26,"minecraft:torch":5,"minecraft:warped_roots":2,"minecraft:andesite_wall":1,"minecraft:stone_slab":2,"minecraft:tall_grass":37,"minecraft:cobblestone":6,"minecraft:deepslate_gold_ore":3,"minecraft:wall_torch":3,"minecraft:amethyst_block":1,"minecraft:deepslate_copper_ore":4,"minecraft:blue_ice":1,"minecraft:orange_tulip":26,"minecraft:grass":108,"minecraft:coal_ore":59,"minecraft:gravel":10,"minecraft:dirt":2,"minecraft:smooth_basalt":4,"minecraft:polished_andesite":3,"minecraft:deepslate":194,"minecraft:fern":13}},"DataVersion":3465}