{"stats":{"minecraft:crafted":{"minecraft:oak_planks":16,"minecraft:stone_pickaxe":1,"minecraft:crafting_table":1,"minecraft:wooden_pickaxe":1,"minecraft:stick":4},"minecraft:killed_by":{"jujutsucraft:max_elephant":1,"jujutsucraft:cursed_spirit_grade_321":2,"jujutsucraft:cursed_spirit_grade_36":3,"jujutsucraft:cursed_spirit_grade_01":9,"jujutsucraft:zenin_naobito":1,"jujutsucraft:itadori_yuji":2,"jujutsucraft:cursed_spirit_grade_15":2,"minecraft:player":105,"jujutsucraft:cursed_spirit_grade_39":1,"jujutsucraft:cursed_spirit_grade_16":6,"jujutsucraft:cursed_spirit_grade_312":1,"jujutsucraft:cursed_spirit_grade_11":2,"jujutsucraft:cursed_spirit_grade_17":1,"jujutsucraft:cursed_spirit_grade_03":2,"jujutsucraft:miyo_rokujushi":1,"jujutsucraft:zenin_naoya_cursed_spirit_1":1,"jujutsucraft:cursed_spirit_grade_110":1,"jujutsucraft:cursed_spirit_grade_19":1,"jujutsucraft:kusakabe_yatsuya":2,"jujutsucraft:fushiguro_toji":12,"jujutsucraft:cursed_spirit_grade_314":1,"jujutsucraft:cursed_spirit_grade_319":2,"jujutsucraft:sukuna":14,"jujutsucraft:hanami":4,"jujutsucraft:cursed_spirit_grade_34":5,"jujutsucraft:gojo_satoru":9,"jujutsucraft:cursed_spirit_grade_23":2,"jujutsucraft:cursed_spirit_grade_212":2,"jujutsucraft:zenin_maki":1,"jujutsucraft:geto_suguru":2,"jujutsucraftaddon:sukuna_fushiguro":1,"jujutsucraft:kurusu_hana":1,"jujutsucraft:zenin_jinichi":1,"jujutsucraft:negi_toshihisa":6,"jujutsucraft:nishimiya_momo":1,"jujutsucraft:jogo":8,"jujutsucraft:larue":4,"jujutsucraft:ino_takuma":4,"jujutsucraft:purple":1,"jujutsucraft:cursed_spirit_grade_317":1,"jujutsucraft:cursed_spirit_grade_316":1,"jujutsucraft:cursed_spirit_grade_21":1,"jujutsucraftaddon:sukuna_no_shirt":3,"jujutsucraft:eight_handled_swrod_divergent_sila_divine_general_mahoraga":1,"jujutsucraft:itadori_yuji_shibuya":2,"jujutsucraft:geto_suguru_curse_user":2,"jujutsucraft:jujutsu_sorcerer":5},"minecraft:used":{"jujutsucraft:clothes_ino_takuma_1_leggings":1,"jujutsucraft:sickle":1,"minecraft:dirt":30,"jujutsucraft:sukuna_finger":9,"jujutsucraft:itadori_yuji_shibuya_spawn_egg":1,"jujutsucraft:hair_fushiguro_megumi_helmet":1,"minecraft:dark_oak_wood":2,"minecraft:stone_pickaxe":116,"minecraft:wooden_pickaxe":12,"minecraft:oak_leaves":1,"minecraft:crafting_table":2,"jujutsucraft:inverted_spear_of_heaven":201,"jujutsucraft:uniform_normal_chestplate":2,"minecraft:stone_axe":2,"jujutsucraft:gojo_satoru_spawn_egg":2,"jujutsucraft:sword_shigemo":37},"minecraft:mined":{"minecraft:granite":1,"minecraft:grass_block":13,"minecraft:white_concrete":2,"minecraft:iron_ore":1,"minecraft:dark_oak_stairs":2,"minecraft:vine":1,"minecraft:spruce_wood":5,"minecraft:stone":79,"minecraft:spruce_slab":2,"minecraft:quartz_block":1,"minecraft:crafting_table":2,"minecraft:dark_oak_wood":3,"minecraft:copper_ore":1,"minecraft:sculk":1,"minecraft:skeleton_skull":1,"minecraft:polished_blackstone_slab":1,"minecraft:birch_leaves":7,"minecraft:grass":1,"minecraft:oak_log":4,"minecraft:dirt":31,"minecraft:stone_bricks":5,"minecraft:oak_leaves":13},"minecraft:dropped":{"minecraft:vine":1,"minecraft:dark_oak_stairs":8,"minecraft:birch_leaves":48,"minecraft:crafting_table":1,"minecraft:dark_oak_sapling":3,"minecraft:feather":24,"minecraft:cobblestone":178,"jujutsucraft:sickle":1,"minecraft:apple":2,"minecraft:grass_block":6,"minecraft:stick":6,"minecraft:dirt":38,"minecraft:grass":2,"minecraft:ink_sac":127,"minecraft:mutton":8,"minecraft:dark_oak_wood":8,"minecraft:white_concrete":1,"jujutsucraftaddon:clan_changer":1,"minecraft:polished_blackstone_bricks":2,"minecraft:polished_blackstone_slab":2,"minecraft:white_wool":2,"minecraft:stone_axe":1,"jujutsucraft:playful_cloud":1,"minecraft:raw_copper":16,"minecraft:birch_sapling":14,"jujutsucraft:clothes_ino_takuma_1_leggings":1,"minecraft:chicken":6,"jujutsucraft:nail":1,"minecraft:salmon":14,"minecraft:stone":4,"minecraft:quartz_block":2,"minecraft:oak_sapling":15,"minecraft:spruce_wood":40,"minecraft:stone_bricks":18,"minecraft:spruce_slab":4,"minecraft:spruce_log":4,"minecraft:iron_bars":2,"minecraft:stone_pickaxe":1,"minecraft:beef":25,"minecraft:wooden_pickaxe":4,"jujutsucraftaddon:race_changer":3,"minecraft:written_book":2,"minecraft:oak_leaves":28},"minecraft:killed":{"jujutsucraft:mimiko":1,"jujutsucraft:cursed_spirit_grade_32":4,"jujutsucraft:transfigured_human_3":3,"jujutsucraft:cursed_spirit_grade_21":4,"jujutsucraft:cursed_spirit_grade_31":4,"jujutsucraft:cursed_spirit_grade_33":19,"jujutsucraft:nue":1,"jujutsucraft:nanako":2,"jujutsucraft:cursed_spirit_grade_11":7,"jujutsucraft:needle":55,"jujutsucraft:liquid_metal":3,"jujutsucraft:zenin_naoya":1,"jujutsucraft:cursed_spirit_grade_24":2,"jujutsucraft:cursed_spirit_grade_12":7,"jujutsucraft:cursed_spirit_grade_37":5,"jujutsucraft:cursed_spirit_grade_35":5,"jujutsucraft:rock_fragment":12,"jujutsucraftaddon:gojo_school":1,"jujutsucraft:cursed_spirit_grade_318":39,"jujutsucraft:cursed_spirit_grade_316":3,"jujutsucraft:cursed_spirit_grade_26":2,"jujutsucraft:geto_suguru":1,"jujutsucraft:cursed_spirit_grade_22":2,"jujutsucraft:transfigured_human_2":3,"jujutsucraft:cursed_spirit_grade_01":1,"jujutsucraft:zenin_naoya_cursed_spirit_1":1,"jujutsucraft:shikigami_pterosaur":1,"jujutsucraft:miwa_kasumi":2,"jujutsucraft:cursed_spirit_grade_39":48,"jujutsucraft:shigemo_haruta":1,"jujutsucraft:cursed_spirit_grade_312":7,"jujutsucraft:cursed_spirit_grade_313":12,"jujutsucraft:cursed_spirit_grade_215":1,"minecraft:bee":10,"jujutsucraft:fushiguro_toji_bug":1,"jujutsucraft:cursed_spirit_grade_15":4,"minecraft:chicken":9,"jujutsucraft:kechizu":1,"jujutsucraft:cursed_spirit_grade_19":5,"jujutsucraft:cursed_spirit_grade_16":6,"jujutsucraft:fushiguro_toji":5,"jujutsucraft:rabbit_escape":9,"jujutsucraft:panda_normal":2,"jujutsucraft:rozetsu_shikigami":4,"jujutsucraft:fist":7,"jujutsucraft:cursed_spirit_grade_08":1,"jujutsucraft:cursed_spirit_grade_23":5,"jujutsucraft:itadori_yuji_shibuya":5,"jujutsucraft:cursed_spirit_grade_317":36,"jujutsucraft:cursed_spirit_grade_38":12,"jujutsucraft:cursed_spirit_grade_34":35,"jujutsucraft:nobara_kugisaki":1,"jujutsucraft:transfigured_human_1":1,"jujutsucraft:kurusu_hana":1,"jujutsucraft:nanami_kento":1,"jujutsucraft:cursed_spirit_grade_27":2,"jujutsucraft:mei_mei":1,"jujutsucraft:hazenoki":1,"jujutsucraft:ember_insect":1,"jujutsucraft:eight_handled_swrod_divergent_sila_divine_general_mahoraga":1,"jujutsucraft:uraume":4,"jujutsucraft:cursed_spirit_grade_210":6,"minecraft:wolf":1,"minecraft:pig":3,"jujutsucraft:dagon_1":1,"jujutsucraft:kukuru":3,"jujutsucraft:ice_spear_2":2,"jujutsucraft:jujutsu_sorcerer":11,"jujutsucraft:nishimiya_momo":2,"minecraft:salmon":13,"jujutsucraft:itadori_yuji_shinjuku":3,"jujutsucraft:cursed_spirit_grade_213":5,"minecraft:bat":19,"jujutsucraft:choso":2,"jujutsucraft:zenin_maki":1,"jujutsucraft:curse_user_1":2,"jujutsucraft:cursed_spirit_grade_211":3,"jujutsucraft:curse_user":4,"jujutsucraft:cursed_spirit_grade_07":1,"jujutsucraft:itadori_yuji":2,"minecraft:squid":499,"jujutsucraft:divine_dog_white":1,"jujutsucraft:cursed_spirit_grade_321":11,"minecraft:sheep":9,"jujutsucraft:panda_gorilla":1,"jujutsucraft:jogo":1,"jujutsucraft:cursed_spirit_grade_29":4,"jujutsucraft:cursed_spirit_grade_28":2,"jujutsucraft:blue":1,"jujutsucraft:cursed_spirit_grade_314":18,"jujutsucraft:entity_scissors":9,"jujutsucraft:crow":2,"jujutsucraft:cursed_spirit_grade_14":5,"jujutsucraft:cockroaches":1,"jujutsucraft:cursed_spirit_grade_311":6,"jujutsucraft:bullet_skull":1,"jujutsucraft:cursed_spirit_grade_310":10,"jujutsucraft:cursed_spirit_grade_13":3,"jujutsucraft:negi_toshihisa":1,"jujutsucraft:cursed_spirit_grade_17":5,"jujutsucraft:cursed_spirit_grade_18":8,"jujutsucraft:cursed_spirit_grade_36":17,"jujutsucraft:todo_aoi":1,"jujutsucraft:cursed_spirit_grade_25":3,"jujutsucraft:cursed_spirit_grade_110":1,"jujutsucraft:moon_dregs":4,"jujutsucraft:kashimo_hajime":1,"jujutsucraft:cursed_spirit_grade_315":39,"jujutsucraft:cursed_spirit_grade_212":10,"jujutsucraft:cursed_spirit_grade_319":17,"jujutsucraft:hoshi_kirara":1,"jujutsucraft:cursed_spirit_grade_02":1,"jujutsucraft:cursed_spirit_grade_322":13,"jujutsucraft:ice_spear":1,"jujutsucraft:ino_takuma":2,"jujutsucraft:entity_tornado":2,"minecraft:cow":18,"jujutsucraft:fushiguro_megumi":1,"jujutsucraft:ogami":1},"minecraft:custom":{"minecraft:mob_kills":1281,"minecraft:interact_with_crafting_table":2,"minecraft:damage_dealt_resisted":1167400,"minecraft:leave_game":6,"minecraft:time_since_death":36645,"minecraft:climb_one_cm":116,"minecraft:damage_resisted":517030,"minecraft:sprint_one_cm":989666,"minecraft:walk_one_cm":5101493,"minecraft:drop":116,"minecraft:play_time":339325,"minecraft:deaths":249,"minecraft:sneak_time":10508,"minecraft:walk_under_water_one_cm":31610,"minecraft:jump":2871,"minecraft:walk_on_water_one_cm":80646,"minecraft:total_world_time":339325,"minecraft:time_since_rest":36668,"minecraft:damage_taken":194198,"minecraft:damage_dealt":16621,"minecraft:player_kills":32,"minecraft:swim_one_cm":5137,"minecraft:fly_one_cm":2859450,"minecraft:open_chest":5,"minecraft:crouch_one_cm":73243,"minecraft:fall_one_cm":174866},"minecraft:picked_up":{"minecraft:crafting_table":2,"minecraft:chicken":6,"jujutsucraft:slaughter_demon":1,"jujutsucraft:nail":1,"minecraft:wooden_pickaxe":6,"minecraft:raw_copper":16,"jujutsucraftaddon:health_scroll":1,"jujutsucraft:clothes_zenin_leggings":1,"jujutsucraft:clothes_ino_takuma_1_leggings":1,"minecraft:beef":25,"minecraft:written_book":4,"minecraft:spruce_slab":4,"minecraft:birch_sapling":14,"minecraft:dark_oak_sapling":3,"minecraft:stick":22,"minecraft:raw_iron":1,"minecraft:stone":6,"jujutsucraft:sickle":1,"jujutsucraft:playful_cloud":3,"minecraft:porkchop":3,"minecraft:polished_blackstone_bricks":2,"minecraft:vine":1,"minecraft:quartz_block":2,"jujutsucraft:naginata":1,"minecraft:mutton":8,"minecraft:white_wool":2,"minecraft:iron_bars":2,"minecraft:skeleton_skull":1,"minecraft:cobblestone":188,"minecraft:birch_leaves":48,"jujutsucraft:uniform_gojo_boots":1,"minecraft:feather":24,"minecraft:salmon":14,"minecraft:flint":1,"jujutsucraft:sukuna_finger":6,"minecraft:oak_log":4,"jujutsucraft:inverted_spear_of_heaven":1,"minecraft:dirt":68,"jujutsucraft:pendant_todo_aoi":1,"jujutsucraft:itadori_arm":1,"minecraft:apple":2,"minecraft:stone_bricks":18,"jujutsucraft:clothes_jogo_chestplate":1,"minecraft:spruce_wood":45,"jujutsucraft:uniform_itadori_chestplate":1,"minecraft:dark_oak_stairs":8,"minecraft:polished_blackstone_slab":2,"jujutsucraft:uniform_normal_chestplate":2,"minecraft:spruce_log":4,"minecraft:ink_sac":127,"minecraft:grass_block":6,"minecraft:stone_axe":2,"minecraft:grass":2,"minecraft:white_concrete":1,"minecraft:oak_sapling":16,"minecraft:dark_oak_wood":10,"minecraft:oak_leaves":29}},"DataVersion":3465}