{"stats":{"minecraft:custom":{"minecraft:time_since_rest":2033,"minecraft:sprint_one_cm":270255,"minecraft:damage_taken":10832,"minecraft:walk_one_cm":153509,"minecraft:mob_kills":39,"minecraft:damage_dealt":496,"minecraft:interact_with_crafting_table":4,"minecraft:fly_one_cm":277516,"minecraft:play_time":27045,"minecraft:deaths":31,"minecraft:jump":406,"minecraft:damage_dealt_resisted":5146,"minecraft:leave_game":1,"minecraft:time_since_death":2002,"minecraft:total_world_time":27045,"minecraft:damage_resisted":1088,"minecraft:fall_one_cm":10787},"minecraft:mined":{"minecraft:iron_ore":7,"minecraft:crafting_table":2,"minecraft:grass_block":4,"minecraft:oak_log":6,"minecraft:dirt":3,"minecraft:stone":18},"minecraft:killed_by":{"jujutsucraft:cursed_spirit_grade_214":2,"jujutsucraft:max_elephant":2,"jujutsucraft:cursed_spirit_grade_36":1,"jujutsucraft:shigemo_haruta":4,"jujutsucraft:cursed_spirit_grade_311":5,"minecraft:player":4,"jujutsucraft:cursed_spirit_grade_14":1,"jujutsucraft:cursed_spirit_grade_310":1,"jujutsucraft:cursed_spirit_grade_312":1,"jujutsucraft:cursed_spirit_grade_319":1,"jujutsucraft:cursed_spirit_grade_314":1,"jujutsucraft:cursed_spirit_grade_315":1,"jujutsucraft:charles_bernard":1,"jujutsucraft:cursed_spirit_grade_32":1,"jujutsucraft:cursed_spirit_grade_33":1,"jujutsucraft:nue":1,"jujutsucraft:jujutsu_sorcerer":1},"minecraft:crafted":{"minecraft:oak_planks":24,"minecraft:crafting_table":1,"minecraft:stick":4,"minecraft:stone_pickaxe":1,"minecraft:wooden_pickaxe":1},"minecraft:used":{"jujutsucraft:sword_black":15,"minecraft:stone_pickaxe":21,"minecraft:wooden_pickaxe":5,"minecraft:crafting_table":2,"jujutsucraft:uniform_normal_chestplate":1},"minecraft:picked_up":{"minecraft:raw_iron":7,"minecraft:crafting_table":2,"minecraft:feather":2,"minecraft:chicken":1,"jujutsucraft:uniform_normal_boots":3,"minecraft:porkchop":10,"minecraft:oak_log":6,"jujutsucraft:uniform_normal_chestplate":4,"jujutsucraftaddon:random_ct_changer":2,"minecraft:dirt":7,"jujutsucraft:uniform_normal_leggings":2,"jujutsucraft:sword_black":2,"minecraft:written_book":3,"jujutsucraftaddon:cellphone":2,"jujutsucraft:uniform_itadori_chestplate":1,"minecraft:cobblestone":16,"minecraft:egg":1},"minecraft:killed":{"jujutsucraft:cursed_spirit_grade_32":2,"jujutsucraft:shigemo_haruta":1,"jujutsucraft:cursed_spirit_grade_33":2,"jujutsucraft:cursed_spirit_grade_314":3,"jujutsucraft:nue":1,"minecraft:pig":3,"jujutsucraft:cursed_spirit_grade_311":1,"jujutsucraft:cursed_spirit_grade_310":1,"jujutsucraft:jujutsu_sorcerer":2,"minecraft:chicken":3,"jujutsucraft:cursed_spirit_grade_36":1,"jujutsucraft:cursed_spirit_grade_34":2,"jujutsucraft:cursed_spirit_grade_318":2,"jujutsucraft:cursed_spirit_grade_38":3,"jujutsucraft:cursed_spirit_grade_315":2,"jujutsucraft:cursed_spirit_grade_316":1,"jujutsucraft:cursed_spirit_grade_319":3,"jujutsucraft:cursed_spirit_grade_322":3,"jujutsucraft:q":1}},"DataVersion":3465}