{"stats":{"minecraft:custom":{"minecraft:mob_kills":93,"minecraft:animals_bred":2,"minecraft:interact_with_crafting_table":36,"minecraft:open_barrel":26,"minecraft:leave_game":12,"minecraft:time_since_death":12094,"minecraft:climb_one_cm":175385,"minecraft:sprint_one_cm":297465,"minecraft:walk_one_cm":1392019,"minecraft:drop":249,"minecraft:play_time":465750,"minecraft:deaths":44,"minecraft:sneak_time":787,"minecraft:walk_under_water_one_cm":90236,"minecraft:jump":4035,"minecraft:walk_on_water_one_cm":51728,"minecraft:total_world_time":465750,"minecraft:interact_with_furnace":33,"minecraft:interact_with_grindstone":1,"minecraft:sleep_in_bed":9,"minecraft:time_since_rest":12124,"minecraft:waystone_activated":1,"minecraft:damage_taken":16189,"minecraft:damage_dealt":24847,"minecraft:player_kills":1,"minecraft:swim_one_cm":40087,"minecraft:fly_one_cm":305952,"minecraft:open_chest":45,"minecraft:crouch_one_cm":354,"minecraft:interact_with_smoker":10,"minecraft:fall_one_cm":109632},"minecraft:dropped":{"minecraft:enchanted_book":1,"minecraft:iron_ingot":46,"scpo:money":11,"spore:spine_fragment":12,"minecraft:oak_slab":15,"minecraft:porkchop":1,"minecraft:wheat_seeds":5,"minecraft:diamond_axe":1,"minecraft:polished_blackstone":2,"minecraft:mossy_cobblestone":3,"minecraft:diamond":24,"scpo:raw_iridium":3,"minecraft:cobblestone":293,"spore:tendons":6,"minecraft:leather":1,"minecraft:granite":27,"paraglider:spirit_orb":3,"minecraft:stick":1,"minecraft:flint":5,"minecraft:cracked_polished_blackstone_bricks":2,"minecraft:dirt":31,"minecraft:red_bed":1,"minecraft:wooden_axe":1,"minecraft:white_concrete":2,"scpo:raw_cobalt":8,"farmersdelight:organic_compost":1,"minecraft:cooked_salmon":8,"the_silence:sad_satan":4,"minecraft:bone_block":7,"minecraft:iron_axe":2,"minecraft:polished_blackstone_bricks":41,"minecraft:string":6,"minecraft:white_wool":2,"create:raw_zinc":14,"minecraft:redstone":144,"minecraft:smooth_basalt":57,"minecraft:gravel":32,"minecraft:moss_carpet":17,"minecraft:soul_soil":1,"minecraft:ancient_debris":3,"dynamictrees:oak_seed":3,"minecraft:cobbled_deepslate":455,"minecraft:raw_copper":2,"minecraft:wheat":1,"minecraft:tuff":1,"minecraft:obsidian":5,"minecraft:raw_iron":89,"minecraft:rotten_flesh":1,"paraglider:goddess_statue":2,"minecraft:oak_planks":17,"spore:corrosive_sack":1,"spore:cerebrum":4,"spore:mutated_fiber":8,"minecraft:cooked_mutton":1,"sophisticatedbackpacks:diamond_backpack":1,"minecraft:spruce_planks":6,"minecraft:charcoal":4,"minecraft:andesite":105,"minecraft:diamond_boots":2,"minecraft:arrow":1,"minecraft:wooden_pickaxe":1,"minecraft:raw_gold":2,"minecraft:calcite":15,"minecraft:magma_block":12,"minecraft:quartz":8,"minecraft:netherrack":1,"the_silence:tape_monster":2},"minecraft:mined":{"minecraft:nether_gold_ore":14,"minecraft:diamond_ore":1,"create:deepslate_zinc_ore":14,"minecraft:tuff":40,"farmersdelight:onions":7,"minecraft:deepslate_diamond_ore":63,"scpo:cobalt_ore_deepslate":7,"farmersdelight:wild_carrots":2,"the_silence:sad_satan":4,"scpo:cobalt_ore":2,"minecraft:granite":27,"minecraft:obsidian":5,"minecraft:spruce_trapdoor":2,"minecraft:budding_amethyst":1,"minecraft:grass_block":5,"minecraft:cracked_polished_blackstone_bricks":1,"minecraft:soul_soil":1,"minecraft:moss_block":1,"minecraft:polished_blackstone_bricks":30,"minecraft:magma_block":6,"minecraft:furnace":1,"minecraft:iron_ore":94,"minecraft:andesite":118,"minecraft:deepslate_lapis_ore":1,"scpo:iridium_ore":3,"minecraft:shroomlight":2,"minecraft:deepslate_iron_ore":54,"minecraft:vine":1,"minecraft:packed_ice":28,"minecraft:stone":427,"minecraft:deepslate_redstone_ore":32,"minecraft:red_bed":2,"farmersdelight:organic_compost":1,"minecraft:blackstone":10,"minecraft:deepslate_tile_slab":2,"minecraft:clay":4,"minecraft:torch":8,"minecraft:crafting_table":4,"minecraft:calcite":41,"minecraft:nether_quartz_ore":15,"minecraft:copper_ore":30,"minecraft:tall_grass":2,"minecraft:cobblestone":98,"minecraft:deepslate_coal_ore":7,"minecraft:oak_planks":5,"minecraft:deepslate_gold_ore":2,"dynamictrees:crimson_sapling":1,"minecraft:wall_torch":8,"minecraft:amethyst_block":4,"minecraft:deepslate_copper_ore":1,"minecraft:coarse_dirt":16,"boh:spinel_ore_ore":8,"minecraft:wheat":4,"minecraft:ice":3,"minecraft:grass":26,"minecraft:coal_ore":83,"minecraft:gravel":40,"minecraft:dirt":13,"minecraft:sand":4,"minecraft:smooth_basalt":19,"minecraft:cracked_stone_bricks":2,"minecraft:spruce_fence_gate":1,"minecraft:polished_blackstone":1,"minecraft:stone_bricks":7,"minecraft:ancient_debris":3,"minecraft:netherrack":105,"minecraft:deepslate":609,"minecraft:infested_stone":1},"minecraft:broken":{"minecraft:diamond_chestplate":1,"minecraft:diamond_helmet":1,"minecraft:iron_boots":1,"minecraft:iron_leggings":1,"minecraft:stone_pickaxe":1,"minecraft:iron_pickaxe":2,"minecraft:iron_helmet":1},"minecraft:killed":{"boh:raatma":1,"minecraft:cave_spider":10,"minecraft:spider":1,"spore:leaper":1,"minecraft:skeleton":1,"minecraft:silverfish":1,"spore:spitter":1,"minecraft:piglin_brute":3,"boh:ratazana":3,"minecraft:piglin":4,"minecraft:pig":1,"spore:inf_player":2,"spore:inf_wanderer":1,"minecraft:salmon":21,"minecraft:hoglin":1,"minecraft:creeper":5,"spore:inf_pillager":3,"spore:inf_villager":9,"minecraft:zombie":7,"spore:inf_human":11,"minecraft:stray":2,"spore:inf_witch":2},"minecraft:used":{"minecraft:iron_shovel":16,"minecraft:oak_sign":3,"minecraft:cooked_salmon":11,"minecraft:cooked_chicken":1,"minecraft:netherrack":64,"minecraft:torch":29,"minecraft:diamond_helmet":1,"minecraft:tuff":1,"minecraft:snowball":23,"minecraft:wooden_axe":32,"minecraft:stone_bricks":1,"minecraft:furnace":3,"minecraft:cobbled_deepslate":10,"minecraft:cooked_mutton":1,"edible_monsters:cooked_flesh":11,"minecraft:oak_planks":33,"minecraft:stone_pickaxe":131,"minecraft:wooden_pickaxe":55,"minecraft:diamond_axe":322,"minecraft:crafting_table":7,"minecraft:red_bed":1,"minecraft:diamond_pickaxe":1389,"minecraft:iron_pickaxe":500,"boh:ovamorph":1,"minecraft:cobblestone":303,"minecraft:porkchop":2,"minecraft:cooked_porkchop":4,"minecraft:coarse_dirt":1,"minecraft:oak_boat":1,"the_silence:sad_satan":1},"minecraft:killed_by":{"the_silence:the_silence_principal":1,"minecraft:player":4,"minecraft:piglin_brute":1,"minecraft:creeper":1,"the_anomaly:anomaly_attack":1,"apollyon:the_infector":1,"spore:spitter":2,"apollyon:the_damned":3,"minecraft:piglin":1,"spore:inf_villager":1,"minecraft:skeleton":2},"minecraft:crafted":{"minecraft:oak_planks":76,"minecraft:oak_sign":3,"minecraft:furnace":2,"minecraft:cooked_mutton":2,"minecraft:diamond_helmet":2,"minecraft:diamond_leggings":1,"minecraft:iron_boots":1,"minecraft:iron_axe":2,"minecraft:iron_hoe":1,"minecraft:stone_pickaxe":1,"minecraft:diamond_boots":1,"minecraft:netherite_scrap":3,"minecraft:diamond_axe":1,"minecraft:cooked_porkchop":4,"minecraft:crafting_table":3,"minecraft:wooden_pickaxe":1,"minecraft:iron_helmet":1,"minecraft:cooked_salmon":19,"minecraft:bucket":1,"minecraft:oak_boat":1,"minecraft:diamond_pickaxe":1,"minecraft:charcoal":2,"minecraft:stick":4,"minecraft:iron_ingot":60,"minecraft:iron_pickaxe":2,"minecraft:wooden_axe":1,"minecraft:iron_shovel":1,"minecraft:iron_leggings":1,"minecraft:torch":8,"minecraft:diamond_chestplate":2},"minecraft:picked_up":{"spore:mutated_heart":2,"minecraft:charcoal":4,"minecraft:coarse_dirt":14,"minecraft:crafting_table":4,"minecraft:ladder":2,"boh:spinel":8,"minecraft:shield":1,"minecraft:amethyst_block":4,"paraglider:goddess_statue":2,"minecraft:string":9,"minecraft:red_bed":2,"minecraft:moss_carpet":17,"minecraft:soul_soil":1,"minecraft:raw_copper":98,"minecraft:iron_axe":1,"spore:corrosive_sack":1,"minecraft:oak_sign":7,"scpo:raw_iridium":3,"minecraft:gold_nugget":64,"minecraft:cobbled_deepslate":529,"minecraft:spruce_planks":4,"scpo:gas_mask_helmet":1,"minecraft:oak_boat":1,"minecraft:calcite":39,"dynamictrees:oak_seed":3,"minecraft:furnace":1,"minecraft:raw_iron":144,"minecraft:stick":29,"minecraft:torch":21,"the_silence:sad_satan":5,"minecraft:porkchop":7,"minecraft:polished_blackstone_bricks":41,"the_silence:tape_monster":2,"minecraft:carrot":3,"minecraft:redstone":139,"boh:ovamorph":1,"minecraft:rotten_flesh":1,"minecraft:arrow":3,"farmersdelight:onion":30,"dynamictrees:crimson_seed":1,"minecraft:diamond_boots":1,"minecraft:polished_blackstone":2,"spore:tendons":6,"minecraft:obsidian":5,"minecraft:mutton":2,"minecraft:white_wool":2,"minecraft:snowball":29,"minecraft:bone_block":7,"minecraft:cobblestone":639,"minecraft:magma_block":12,"minecraft:feather":3,"minecraft:andesite":117,"minecraft:salmon":19,"minecraft:leather":3,"minecraft:flint":6,"minecraft:tuff":29,"create:raw_zinc":14,"minecraft:oak_log":21,"minecraft:ancient_debris":6,"minecraft:gunpowder":3,"minecraft:deepslate_tile_slab":1,"minecraft:lapis_lazuli":9,"minecraft:dirt":33,"farmersdelight:organic_compost":1,"minecraft:bone":2,"minecraft:stone_bricks":1,"minecraft:wheat_seeds":20,"minecraft:raw_gold":2,"minecraft:iron_ingot":34,"minecraft:cooked_chicken":1,"spore:mutated_fiber":13,"edible_monsters:cooked_flesh":11,"minecraft:diamond_helmet":1,"minecraft:moss_block":1,"minecraft:oak_planks":23,"sophisticatedbackpacks:diamond_backpack":1,"minecraft:oak_slab":10,"minecraft:smooth_basalt":57,"spore:cerebrum":4,"minecraft:quartz":8,"minecraft:gravel":34,"minecraft:mossy_cobblestone":3,"minecraft:diamond":66,"minecraft:granite":27,"minecraft:cracked_polished_blackstone_bricks":2,"minecraft:crossbow":1,"minecraft:diamond_axe":2,"minecraft:bone_meal":2,"minecraft:white_concrete":2,"spore:spine_fragment":12,"scpo:raw_cobalt":8,"minecraft:netherrack":65,"minecraft:coal":83,"minecraft:wheat":4}},"DataVersion":3465}