{"stats":{"minecraft:killed":{"jujutsucraft:cursed_spirit_grade_33":1,"minecraft:pig":1,"jujutsucraft:nue":1,"minecraft:salmon":5,"jujutsucraft:cursed_spirit_grade_318":1,"jujutsucraft:cursed_spirit_grade_316":1,"jujutsucraft:curse_user_1":1,"jujutsucraft:transfigured_human_2":1,"jujutsucraft:cursed_spirit_grade_321":1,"minecraft:sheep":2,"jujutsucraft:cursed_spirit_grade_39":2,"jujutsucraft:blue":1,"jujutsucraft:cursed_spirit_grade_314":1,"minecraft:bee":4,"jujutsucraft:cursed_spirit_grade_16":1,"jujutsucraft:cursed_spirit_grade_36":4,"jujutsucraft:cursed_spirit_grade_317":4,"jujutsucraft:cursed_spirit_grade_315":2,"jujutsucraft:cursed_spirit_grade_34":5,"jujutsucraft:cursed_spirit_grade_319":1,"jujutsucraft:cursed_spirit_grade_322":1,"minecraft:cow":1},"minecraft:custom":{"minecraft:mob_kills":45,"minecraft:interact_with_crafting_table":2,"minecraft:damage_dealt_resisted":9526,"minecraft:time_since_death":849,"minecraft:damage_resisted":331,"minecraft:time_since_rest":882,"minecraft:sprint_one_cm":12208,"minecraft:damage_taken":13130,"minecraft:walk_one_cm":732334,"minecraft:drop":1,"minecraft:damage_dealt":403,"minecraft:swim_one_cm":2132,"minecraft:fly_one_cm":97821,"minecraft:player_kills":4,"minecraft:open_chest":1,"minecraft:play_time":35862,"minecraft:deaths":28,"minecraft:sneak_time":47,"minecraft:walk_under_water_one_cm":15527,"minecraft:jump":325,"minecraft:walk_on_water_one_cm":46185,"minecraft:total_world_time":35862,"minecraft:fall_one_cm":12521},"minecraft:used":{"minecraft:stone_pickaxe":45,"jujutsucraft:sickle":1,"minecraft:wooden_pickaxe":8,"minecraft:dirt":7,"minecraft:crafting_table":2,"jujutsucraft:uniform_normal_chestplate":2,"jujutsucraft:hair_fushiguro_megumi_helmet":1,"jujutsucraft:sword_shigemo":5},"minecraft:picked_up":{"minecraft:crafting_table":2,"minecraft:salmon":1,"minecraft:wooden_pickaxe":2,"minecraft:oak_log":4,"minecraft:dirt":27,"minecraft:apple":1,"minecraft:stone_bricks":4,"minecraft:written_book":3,"minecraft:stick":5,"minecraft:raw_iron":1,"jujutsucraft:sickle":1,"jujutsucraft:uniform_normal_chestplate":2,"minecraft:vine":1,"minecraft:grass_block":1,"minecraft:white_concrete":1,"minecraft:oak_sapling":1,"minecraft:oak_leaves":4,"minecraft:skeleton_skull":1,"minecraft:cobblestone":17},"minecraft:killed_by":{"jujutsucraft:cursed_spirit_grade_01":2,"jujutsucraft:cursed_spirit_grade_36":2,"jujutsucraft:cursed_spirit_grade_15":1,"jujutsucraft:cursed_spirit_grade_39":1,"minecraft:player":8,"jujutsucraft:cursed_spirit_grade_16":5,"jujutsucraft:cursed_spirit_grade_312":1,"jujutsucraft:cursed_spirit_grade_319":1,"jujutsucraft:cursed_spirit_grade_317":1,"jujutsucraft:cursed_spirit_grade_34":3,"jujutsucraft:cursed_spirit_grade_23":1,"jujutsucraft:jujutsu_sorcerer":1},"minecraft:mined":{"minecraft:crafting_table":2,"minecraft:grass_block":9,"minecraft:white_concrete":2,"minecraft:skeleton_skull":1,"minecraft:iron_ore":1,"minecraft:birch_leaves":7,"minecraft:grass":1,"minecraft:oak_log":4,"minecraft:dirt":18,"minecraft:stone":17,"minecraft:stone_bricks":3,"minecraft:oak_leaves":12},"minecraft:dropped":{"minecraft:written_book":1},"minecraft:crafted":{"minecraft:oak_planks":16,"minecraft:crafting_table":1,"minecraft:wooden_pickaxe":1,"minecraft:stick":4,"minecraft:stone_pickaxe":1}},"DataVersion":3465}