{"stats":{"minecraft:killed":{"minecraft:pig":4,"minecraft:skeleton":2,"minecraft:sheep":4,"minecraft:enderman":1},"minecraft:crafted":{"minecraft:oak_planks":120,"minecraft:cooked_porkchop":12,"minecraft:crafting_table":3,"minecraft:wooden_pickaxe":1,"minecraft:iron_helmet":1,"minecraft:iron_sword":1,"minecraft:furnace":1,"minecraft:cooked_mutton":2,"minecraft:iron_boots":1,"minecraft:iron_chestplate":2,"minecraft:iron_axe":1,"minecraft:stick":8,"minecraft:iron_ingot":66,"minecraft:iron_pickaxe":2,"minecraft:stone_pickaxe":1,"minecraft:iron_leggings":1},"minecraft:picked_up":{"minecraft:crafting_table":2,"minecraft:andesite":106,"minecraft:flint":1,"minecraft:oak_log":30,"minecraft:lapis_lazuli":7,"minecraft:dirt":9,"minecraft:raw_copper":65,"minecraft:bone":4,"minecraft:apple":1,"minecraft:cobbled_deepslate":8,"minecraft:iron_sword":1,"minecraft:oak_planks":3,"minecraft:furnace":6,"minecraft:stick":6,"minecraft:raw_iron":66,"minecraft:stone":1,"minecraft:torch":1,"minecraft:gravel":7,"minecraft:dripstone_block":4,"minecraft:porkchop":12,"minecraft:pointed_dripstone":2,"minecraft:bundle":1,"minecraft:arrow":4,"minecraft:diamond":2,"minecraft:granite":53,"minecraft:oak_sapling":10,"minecraft:mutton":7,"minecraft:coal":2,"minecraft:white_wool":2,"minecraft:cobblestone":330,"minecraft:ender_pearl":1},"minecraft:broken":{"minecraft:stone_pickaxe":1,"minecraft:iron_pickaxe":1},"minecraft:used":{"minecraft:cooked_mutton":2,"minecraft:stone_pickaxe":131,"minecraft:wooden_pickaxe":23,"minecraft:iron_sword":2,"minecraft:dirt":7,"minecraft:crafting_table":4,"minecraft:dripstone_block":3,"minecraft:iron_axe":60,"minecraft:iron_pickaxe":456,"minecraft:gravel":7,"minecraft:cobblestone":1,"minecraft:furnace":6,"minecraft:cooked_porkchop":2,"tombstone:gift":1,"minecraft:cobbled_deepslate":7},"minecraft:mined":{"minecraft:crafting_table":2,"minecraft:granite":54,"minecraft:grass_block":5,"minecraft:copper_ore":20,"minecraft:lapis_ore":1,"minecraft:furnace":6,"minecraft:iron_ore":66,"minecraft:cobbled_deepslate":2,"minecraft:andesite":107,"treechop:chopped_log":3,"minecraft:grass":6,"minecraft:pointed_dripstone":2,"minecraft:coal_ore":2,"minecraft:gravel":8,"minecraft:dripstone_block":4,"minecraft:dirt":4,"minecraft:stone":344,"minecraft:deepslate":1},"minecraft:killed_by":{"minecraft:player":3,"minecraft:skeleton":1,"minecraft:creeper":1,"minecraft:enderman":1},"minecraft:custom":{"minecraft:interact_with_furnace":31,"minecraft:mob_kills":11,"minecraft:interact_with_crafting_table":19,"minecraft:leave_game":3,"minecraft:time_since_death":1812,"minecraft:time_since_rest":1461,"minecraft:sprint_one_cm":68143,"minecraft:damage_taken":1934,"minecraft:walk_one_cm":187991,"minecraft:drop":78,"minecraft:damage_dealt":2104,"minecraft:swim_one_cm":8387,"minecraft:fly_one_cm":69327,"minecraft:open_chest":3,"minecraft:crouch_one_cm":150,"minecraft:play_time":65337,"tombstone:undead_killed":2,"minecraft:deaths":6,"minecraft:sneak_time":137,"minecraft:walk_under_water_one_cm":12653,"minecraft:jump":563,"minecraft:interact_with_blast_furnace":1,"minecraft:walk_on_water_one_cm":11402,"minecraft:total_world_time":65337,"minecraft:fall_one_cm":12057},"minecraft:dropped":{"minecraft:iron_ingot":23,"minecraft:iron_sword":1,"minecraft:raw_copper":65,"minecraft:dripstone_block":1,"minecraft:pointed_dripstone":2,"minecraft:oak_planks":45,"minecraft:stone":1,"minecraft:iron_chestplate":1,"minecraft:andesite":106,"minecraft:oak_sapling":10}},"DataVersion":3465}