{"stats":{"minecraft:dropped":{"minecraft:iron_ingot":13,"minecraft:brown_mushroom":1,"butcher:villager_meat":1,"minecraft:diamond":14,"minecraft:netherite_chestplate":2,"minecraft:netherite_upgrade_smithing_template":1,"minecraft:cobblestone":256,"minecraft:book":1,"minecraft:rooted_dirt":14,"minecraft:nether_brick_wall":4,"minecraft:spruce_stairs":1,"minecraft:item_frame":4,"minecraft:stick":8,"minecraft:emerald":25,"minecraft:dirt":8,"minecraft:torch":7,"minecraft:diamond_helmet":1,"minecraft:oak_stairs":1,"create:large_cogwheel":1,"minecraft:mossy_cobblestone_stairs":2,"minecraft:string":1,"minecraft:smooth_sandstone":1,"iammusicplayer:parabolic_antenna":1,"minecraft:bucket":1,"create:raw_zinc":19,"minecraft:redstone":27,"minecraft:nether_brick_slab":14,"minecraft:stone_axe":1,"minecraft:blackstone":60,"minecraft:emerald_block":2,"minecraft:mangrove_roots":1,"minecraft:cobbled_deepslate":328,"minecraft:tuff":152,"minecraft:obsidian":5,"minecraft:raw_iron":86,"minecraft:rotten_flesh":7,"minecraft:oak_planks":35,"minecraft:red_nether_brick_stairs":1,"minecraft:leather_chestplate":1,"minecraft:diamond_pickaxe":1,"minecraft:andesite":30,"minecraft:golden_leggings":1,"minecraft:oak_sapling":2,"minecraft:diamond_boots":1,"minecraft:slime_ball":17,"minecraft:blackstone_slab":5,"minecraft:red_nether_bricks":5,"minecraft:arrow":1,"minecraft:wooden_pickaxe":1,"minecraft:raw_gold":12,"minecraft:cracked_nether_bricks":1,"minecraft:magma_block":3,"minecraft:netherrack":1051,"minecraft:enchanting_table":1,"epicfight:skillbook":2},"minecraft:used":{"minecraft:enchanting_table":2,"minecraft:flint_and_steel":28,"minecraft:shield":5,"minecraft:rotten_flesh":1,"minecraft:netherrack":78,"minecraft:torch":64,"minecraft:anvil":1,"minecraft:diamond_helmet":1,"minecraft:acacia_button":99,"minecraft:milk_bucket":1,"cataclysm:infernal_forge":23,"wom:solar":132,"minecraft:furnace":3,"minecraft:netherite_pickaxe":390,"minecraft:cooked_beef":17,"epicfight:skillbook":2,"minecraft:diamond_boots":1,"minecraft:stone_pickaxe":131,"minecraft:wooden_pickaxe":13,"minecraft:redstone_block":1,"minecraft:diamond_axe":217,"minecraft:tnt":33,"minecraft:crafting_table":4,"minecraft:diamond_pickaxe":3494,"minecraft:bread":24,"minecraft:iron_pickaxe":442,"minecraft:gravel":1,"minecraft:blackstone_slab":1,"minecraft:stone_axe":1,"minecraft:cobblestone":70,"minecraft:diamond_leggings":1,"minecraft:smithing_table":5,"create:large_cogwheel":6},"minecraft:mined":{"create:zinc_ore":3,"create:deepslate_zinc_ore":16,"minecraft:tuff":75,"minecraft:stone_pressure_plate":4,"minecraft:mossy_cobblestone":12,"minecraft:deepslate_diamond_ore":132,"minecraft:oak_door":2,"minecraft:nether_brick_wall":6,"minecraft:red_nether_bricks":51,"minecraft:mangrove_roots":1,"minecraft:obsidian":5,"minecraft:nether_bricks":23,"minecraft:grass_block":1,"minecraft:redstone_wire":2,"minecraft:polished_blackstone_brick_slab":1,"minecraft:cracked_nether_bricks":4,"minecraft:rooted_dirt":14,"minecraft:spawner":33,"minecraft:hay_block":8,"minecraft:polished_blackstone_bricks":2,"minecraft:magma_block":23,"minecraft:furnace":3,"minecraft:mossy_cobblestone_stairs":3,"minecraft:red_nether_brick_stairs":12,"minecraft:iron_ore":50,"minecraft:fire":6,"treechop:chopped_log":2,"minecraft:nether_brick_stairs":12,"minecraft:enchanting_table":3,"minecraft:mossy_stone_brick_stairs":5,"minecraft:vine":6,"minecraft:deepslate_iron_ore":31,"minecraft:oak_stairs":1,"minecraft:iron_bars":8,"minecraft:stone":395,"minecraft:smithing_table":4,"minecraft:deepslate_redstone_ore":9,"minecraft:quartz_block":6,"minecraft:blackstone":72,"minecraft:crafting_table":4,"minecraft:torch":19,"minecraft:emerald_ore":1,"minecraft:nether_brick_slab":10,"minecraft:nether_quartz_ore":38,"minecraft:cobblestone":5,"minecraft:deepslate_gold_ore":12,"minecraft:oak_planks":4,"minecraft:diorite":15,"minecraft:iron_door":1,"minecraft:wall_torch":1,"minecraft:spruce_stairs":2,"minecraft:tnt":44,"minecraft:mangrove_leaves":1,"minecraft:stone_brick_stairs":6,"minecraft:grass":2,"minecraft:coal_ore":18,"minecraft:oak_log":2,"minecraft:mycelium":4,"minecraft:gravel":12,"minecraft:dirt":3,"minecraft:cracked_stone_bricks":8,"minecraft:gold_ore":9,"minecraft:deepslate":803,"minecraft:ancient_debris":44,"minecraft:stone_bricks":11,"minecraft:polished_blackstone":1,"minecraft:netherrack":2403,"minecraft:mossy_stone_bricks":10,"minecraft:emerald_block":2},"minecraft:killed":{"minecraft:cave_spider":5,"minecraft:zombified_piglin":1,"minecraft:spider":2,"minecraft:slime":19,"minecraft:skeleton":11,"minecraft:silverfish":1,"minecraft:drowned":1,"minecraft:warden":1,"minecraft:zombie":21,"minecraft:stray":2,"minecraft:wither_skeleton":3,"minecraft:enderman":1,"minecraft:blaze":1},"minecraft:custom":{"minecraft:interact_with_smithing_table":15,"minecraft:interact_with_anvil":8,"minecraft:mob_kills":70,"minecraft:interact_with_crafting_table":44,"minecraft:open_barrel":32,"minecraft:leave_game":10,"minecraft:time_since_death":44252,"minecraft:climb_one_cm":2979,"minecraft:sprint_one_cm":861751,"minecraft:walk_one_cm":2170489,"minecraft:damage_blocked_by_shield":480,"minecraft:drop":199,"minecraft:play_time":358534,"minecraft:sneak_time":2196,"minecraft:deaths":41,"minecraft:walk_under_water_one_cm":24569,"minecraft:jump":1956,"minecraft:interact_with_blast_furnace":1,"minecraft:walk_on_water_one_cm":51625,"minecraft:total_world_time":358534,"minecraft:interact_with_furnace":34,"minecraft:time_since_rest":44277,"minecraft:damage_taken":17577,"minecraft:trigger_trapped_chest":1,"minecraft:damage_dealt":16497,"minecraft:player_kills":2,"minecraft:swim_one_cm":57610,"minecraft:fly_one_cm":353014,"minecraft:open_chest":177,"minecraft:crouch_one_cm":13836,"minecraft:fall_one_cm":46543,"minecraft:interact_with_smoker":1},"minecraft:killed_by":{"minecraft:player":4,"minecraft:stray":2,"minecraft:creeper":1,"minecraft:warden":1,"minecraft:skeleton":6,"minecraft:blaze":1,"minecraft:zombie":3,"cataclysm:netherite_monstrosity":9},"minecraft:crafted":{"minecraft:oak_planks":28,"minecraft:furnace":1,"minecraft:netherite_chestplate":3,"minecraft:netherite_leggings":1,"minecraft:diamond_helmet":2,"minecraft:diamond_leggings":1,"minecraft:stone_pickaxe":1,"minecraft:chest":1,"minecraft:diamond_boots":1,"minecraft:redstone_block":1,"minecraft:netherite_upgrade_smithing_template":12,"minecraft:netherite_scrap":41,"minecraft:wheat":72,"minecraft:netherite_pickaxe":1,"sophisticatedbackpacks:backpack":1,"minecraft:diamond_axe":1,"minecraft:crafting_table":1,"minecraft:wooden_pickaxe":1,"minecraft:smithing_table":1,"minecraft:stone_axe":1,"minecraft:bread":24,"minecraft:diamond_pickaxe":2,"minecraft:stick":24,"minecraft:iron_ingot":3,"minecraft:iron_pickaxe":1,"minecraft:gold_ingot":2,"minecraft:netherite_ingot":10,"minecraft:andesite":30,"wom:solar":1,"minecraft:diamond_chestplate":2},"minecraft:broken":{"minecraft:stone_pickaxe":1,"minecraft:diamond_boots":1},"minecraft:picked_up":{"minecraft:crafting_table":4,"minecraft:anvil":1,"minecraft:smithing_table":4,"minecraft:brown_mushroom":1,"minecraft:oak_stairs":1,"minecraft:enchanted_book":5,"minecraft:stone_brick_stairs":1,"minecraft:acacia_button":41,"minecraft:string":2,"minecraft:red_nether_bricks":7,"minecraft:item_frame":4,"minecraft:blackstone":60,"minecraft:cracked_stone_bricks":2,"minecraft:cobbled_deepslate":446,"minecraft:netherite_upgrade_smithing_template":1,"minecraft:iron_pickaxe":1,"minecraft:furnace":3,"minecraft:stick":10,"minecraft:raw_iron":81,"minecraft:torch":18,"minecraft:spruce_stairs":1,"epicfight:skillbook":4,"minecraft:polished_blackstone_bricks":3,"minecraft:diorite":15,"minecraft:redstone":41,"minecraft:stone_pressure_plate":1,"create:large_cogwheel":7,"minecraft:tnt":42,"minecraft:quartz_block":3,"minecraft:arrow":7,"minecraft:rotten_flesh":21,"minecraft:diamond_chestplate":1,"minecraft:diamond_boots":1,"minecraft:hay_block":8,"minecraft:mangrove_roots":2,"minecraft:gold_ingot":5,"minecraft:obsidian":5,"minecraft:nether_brick_wall":4,"minecraft:iron_bars":3,"minecraft:cobblestone":443,"minecraft:enchanting_table":3,"minecraft:magma_block":42,"butcher:villager_meat":1,"minecraft:leather_chestplate":2,"minecraft:golden_leggings":1,"minecraft:blackstone_slab":6,"paraglider:spirit_orb":86,"minecraft:tuff":152,"create:raw_zinc":19,"minecraft:oak_log":16,"minecraft:ancient_debris":44,"minecraft:lapis_lazuli":13,"minecraft:dirt":40,"minecraft:smooth_sandstone":1,"minecraft:bone":7,"minecraft:red_nether_brick_stairs":1,"cataclysm:infernal_forge":1,"minecraft:stone_bricks":7,"minecraft:bow":1,"minecraft:raw_gold":12,"minecraft:iron_ingot":14,"minecraft:mossy_stone_bricks":5,"minecraft:oak_planks":28,"minecraft:book":1,"minecraft:sculk_catalyst":1,"minecraft:emerald_block":2,"minecraft:dandelion":1,"minecraft:quartz":37,"minecraft:cracked_nether_bricks":1,"minecraft:gravel":1,"minecraft:polished_blackstone_slab":2,"minecraft:sand":16,"minecraft:blast_furnace":1,"minecraft:nether_brick_slab":14,"minecraft:mossy_cobblestone":3,"minecraft:slime_ball":17,"minecraft:diamond":162,"minecraft:polished_blackstone_button":2,"minecraft:mossy_cobblestone_stairs":2,"minecraft:emerald":1,"minecraft:rooted_dirt":14,"minecraft:oak_sapling":2,"minecraft:netherrack":1394,"minecraft:coal":56,"minecraft:ender_pearl":1,"minecraft:diamond_pickaxe":1}},"DataVersion":3465}