{"stats":{"minecraft:killed":{"minecraft:wolf":1,"jujutsucraft:cursed_spirit_grade_33":1,"minecraft:pig":2,"jujutsucraft:nue":1,"minecraft:salmon":5,"jujutsucraft:cursed_spirit_grade_318":1,"jujutsucraft:cursed_spirit_grade_316":1,"jujutsucraft:curse_user_1":1,"jujutsucraft:transfigured_human_2":1,"jujutsucraft:cursed_spirit_grade_321":1,"minecraft:sheep":2,"jujutsucraft:cursed_spirit_grade_39":3,"jujutsucraft:blue":1,"jujutsucraft:cursed_spirit_grade_314":2,"jujutsucraft:entity_scissors":6,"minecraft:bee":4,"jujutsucraft:cursed_spirit_grade_16":1,"jujutsucraft:cursed_spirit_grade_36":5,"jujutsucraft:cursed_spirit_grade_317":5,"jujutsucraft:cursed_spirit_grade_315":3,"jujutsucraft:cursed_spirit_grade_34":6,"jujutsucraft:cursed_spirit_grade_319":1,"jujutsucraft:cursed_spirit_grade_322":2,"minecraft:cow":3},"minecraft:custom":{"minecraft:mob_kills":66,"minecraft:interact_with_crafting_table":2,"minecraft:damage_dealt_resisted":11783,"minecraft:time_since_death":772,"minecraft:climb_one_cm":32,"minecraft:damage_resisted":1777,"minecraft:time_since_rest":806,"minecraft:sprint_one_cm":13711,"minecraft:damage_taken":18901,"minecraft:walk_one_cm":950708,"minecraft:drop":1,"minecraft:damage_dealt":835,"minecraft:swim_one_cm":2132,"minecraft:fly_one_cm":112412,"minecraft:player_kills":7,"minecraft:open_chest":1,"minecraft:play_time":47862,"minecraft:deaths":40,"minecraft:sneak_time":134,"minecraft:walk_under_water_one_cm":15527,"minecraft:jump":447,"minecraft:walk_on_water_one_cm":46185,"minecraft:total_world_time":47862,"minecraft:fall_one_cm":17798},"minecraft:used":{"minecraft:stone_pickaxe":63,"jujutsucraft:sickle":1,"minecraft:wooden_pickaxe":11,"minecraft:dirt":7,"minecraft:crafting_table":2,"jujutsucraft:uniform_normal_chestplate":2,"jujutsucraft:hair_fushiguro_megumi_helmet":1,"jujutsucraft:sword_shigemo":19},"minecraft:picked_up":{"minecraft:crafting_table":2,"minecraft:salmon":1,"minecraft:wooden_pickaxe":2,"minecraft:oak_log":4,"minecraft:dirt":37,"minecraft:apple":1,"minecraft:stone_bricks":6,"minecraft:written_book":3,"minecraft:birch_sapling":1,"minecraft:stick":5,"minecraft:raw_iron":1,"jujutsucraft:sickle":1,"jujutsucraft:uniform_normal_chestplate":2,"minecraft:vine":1,"minecraft:grass_block":1,"minecraft:quartz_block":1,"minecraft:white_concrete":1,"minecraft:oak_sapling":1,"minecraft:oak_leaves":4,"minecraft:skeleton_skull":1,"minecraft:cobblestone":33},"minecraft:killed_by":{"jujutsucraft:cursed_spirit_grade_01":2,"jujutsucraft:cursed_spirit_grade_36":2,"jujutsucraft:cursed_spirit_grade_15":1,"jujutsucraft:cursed_spirit_grade_39":1,"minecraft:player":9,"jujutsucraft:cursed_spirit_grade_16":5,"jujutsucraft:cursed_spirit_grade_312":1,"jujutsucraft:cursed_spirit_grade_11":1,"jujutsucraft:negi_toshihisa":2,"jujutsucraft:miyo_rokujushi":1,"jujutsucraft:cursed_spirit_grade_19":1,"jujutsucraft:cursed_spirit_grade_319":2,"jujutsucraft:cursed_spirit_grade_317":1,"jujutsucraft:cursed_spirit_grade_314":1,"jujutsucraftaddon:sukuna_no_shirt":2,"jujutsucraft:cursed_spirit_grade_34":4,"jujutsucraft:cursed_spirit_grade_23":1,"jujutsucraft:jujutsu_sorcerer":2},"minecraft:mined":{"minecraft:quartz_block":1,"minecraft:crafting_table":2,"minecraft:grass_block":13,"minecraft:white_concrete":2,"minecraft:skeleton_skull":1,"minecraft:iron_ore":1,"minecraft:birch_leaves":7,"minecraft:grass":1,"minecraft:oak_log":4,"minecraft:dirt":25,"minecraft:stone":35,"minecraft:stone_bricks":5,"minecraft:oak_leaves":13},"minecraft:dropped":{"minecraft:written_book":1},"minecraft:crafted":{"minecraft:oak_planks":16,"minecraft:crafting_table":1,"minecraft:wooden_pickaxe":1,"minecraft:stick":4,"minecraft:stone_pickaxe":1}},"DataVersion":3465}