{"stats":{"minecraft:killed":{"minecraft:cave_spider":9,"minecraft:spider":1,"spore:leaper":1,"minecraft:skeleton":1,"minecraft:silverfish":1,"spore:spitter":1,"minecraft:pig":1,"spore:inf_wanderer":1,"minecraft:salmon":21,"minecraft:creeper":2,"spore:inf_pillager":2,"spore:inf_villager":4,"minecraft:zombie":3,"spore:inf_human":7},"minecraft:mined":{"create:deepslate_zinc_ore":14,"minecraft:tuff":40,"scpo:cobalt_ore_deepslate":7,"minecraft:deepslate_diamond_ore":56,"scpo:cobalt_ore":2,"minecraft:spruce_trapdoor":2,"minecraft:budding_amethyst":1,"minecraft:grass_block":4,"minecraft:furnace":1,"minecraft:iron_ore":81,"minecraft:andesite":106,"minecraft:deepslate_lapis_ore":1,"scpo:iridium_ore":3,"minecraft:deepslate_iron_ore":30,"minecraft:packed_ice":20,"minecraft:stone":398,"minecraft:deepslate_redstone_ore":32,"minecraft:red_bed":2,"farmersdelight:organic_compost":1,"minecraft:deepslate_tile_slab":2,"minecraft:crafting_table":4,"minecraft:torch":7,"minecraft:calcite":17,"minecraft:copper_ore":30,"minecraft:cobblestone":91,"minecraft:deepslate_coal_ore":7,"minecraft:deepslate_gold_ore":2,"minecraft:wall_torch":8,"minecraft:amethyst_block":4,"minecraft:deepslate_copper_ore":1,"boh:spinel_ore_ore":5,"minecraft:ice":3,"minecraft:grass":4,"minecraft:coal_ore":83,"minecraft:gravel":29,"minecraft:dirt":7,"minecraft:smooth_basalt":19,"minecraft:polished_blackstone":1,"minecraft:spruce_fence_gate":1,"minecraft:stone_bricks":4,"minecraft:deepslate":531,"minecraft:infested_stone":1},"minecraft:picked_up":{"minecraft:charcoal":2,"minecraft:crafting_table":4,"boh:spinel":5,"minecraft:amethyst_block":4,"paraglider:goddess_statue":2,"minecraft:red_bed":2,"minecraft:string":3,"minecraft:moss_carpet":17,"minecraft:raw_copper":98,"minecraft:iron_axe":1,"spore:corrosive_sack":1,"minecraft:oak_sign":7,"scpo:raw_iridium":3,"minecraft:cobbled_deepslate":465,"minecraft:spruce_planks":2,"minecraft:oak_boat":1,"minecraft:calcite":15,"dynamictrees:oak_seed":3,"minecraft:furnace":1,"minecraft:stick":28,"minecraft:raw_iron":107,"minecraft:torch":20,"minecraft:porkchop":7,"the_silence:tape_monster":2,"minecraft:redstone":139,"minecraft:arrow":1,"minecraft:diamond_boots":1,"minecraft:polished_blackstone":2,"spore:tendons":6,"minecraft:mutton":2,"minecraft:white_wool":2,"minecraft:cobblestone":597,"minecraft:salmon":19,"minecraft:andesite":105,"minecraft:flint":4,"minecraft:tuff":29,"minecraft:oak_log":13,"create:raw_zinc":14,"minecraft:gunpowder":1,"minecraft:lapis_lazuli":9,"minecraft:deepslate_tile_slab":1,"minecraft:dirt":26,"farmersdelight:organic_compost":1,"minecraft:wheat_seeds":1,"minecraft:raw_gold":2,"minecraft:iron_ingot":5,"minecraft:cooked_chicken":1,"edible_monsters:cooked_flesh":2,"minecraft:oak_planks":20,"minecraft:oak_slab":5,"minecraft:smooth_basalt":57,"spore:cerebrum":4,"minecraft:gravel":25,"minecraft:mossy_cobblestone":3,"minecraft:diamond":58,"minecraft:diamond_axe":2,"minecraft:bone_meal":2,"minecraft:white_concrete":2,"spore:spine_fragment":5,"scpo:raw_cobalt":8,"minecraft:coal":83},"minecraft:custom":{"minecraft:mob_kills":56,"minecraft:interact_with_crafting_table":30,"minecraft:open_barrel":26,"minecraft:leave_game":9,"minecraft:time_since_death":11137,"minecraft:climb_one_cm":167046,"minecraft:sprint_one_cm":149108,"minecraft:walk_one_cm":793012,"minecraft:drop":172,"minecraft:play_time":271823,"minecraft:deaths":28,"minecraft:sneak_time":648,"minecraft:walk_under_water_one_cm":65550,"minecraft:jump":2339,"minecraft:walk_on_water_one_cm":33633,"minecraft:total_world_time":271823,"minecraft:interact_with_furnace":23,"minecraft:interact_with_grindstone":1,"minecraft:sleep_in_bed":3,"minecraft:time_since_rest":11162,"minecraft:damage_taken":9957,"minecraft:damage_dealt":10948,"minecraft:swim_one_cm":33679,"minecraft:player_kills":1,"minecraft:fly_one_cm":142433,"minecraft:open_chest":11,"minecraft:crouch_one_cm":316,"minecraft:interact_with_smoker":7,"minecraft:fall_one_cm":70130},"minecraft:crafted":{"minecraft:oak_planks":44,"minecraft:oak_sign":3,"minecraft:furnace":2,"minecraft:cooked_mutton":2,"minecraft:diamond_helmet":1,"minecraft:diamond_leggings":1,"minecraft:iron_boots":1,"minecraft:iron_axe":2,"minecraft:stone_pickaxe":1,"minecraft:diamond_boots":1,"minecraft:cooked_porkchop":4,"minecraft:diamond_axe":1,"minecraft:crafting_table":3,"minecraft:wooden_pickaxe":1,"minecraft:iron_helmet":1,"minecraft:cooked_salmon":9,"minecraft:oak_boat":1,"minecraft:charcoal":2,"minecraft:diamond_pickaxe":1,"minecraft:iron_ingot":56,"minecraft:iron_pickaxe":2,"minecraft:wooden_axe":1,"minecraft:iron_leggings":1,"minecraft:torch":8,"minecraft:diamond_chestplate":1},"minecraft:used":{"minecraft:oak_sign":2,"minecraft:cooked_salmon":2,"minecraft:cooked_chicken":1,"minecraft:torch":27,"minecraft:tuff":1,"minecraft:wooden_axe":25,"minecraft:furnace":3,"minecraft:cobbled_deepslate":10,"minecraft:cooked_mutton":1,"edible_monsters:cooked_flesh":2,"minecraft:stone_pickaxe":131,"minecraft:wooden_pickaxe":55,"minecraft:diamond_axe":140,"minecraft:crafting_table":7,"minecraft:red_bed":1,"minecraft:diamond_pickaxe":931,"minecraft:iron_pickaxe":500,"minecraft:cobblestone":278,"minecraft:porkchop":2,"minecraft:cooked_porkchop":4,"minecraft:oak_boat":1},"minecraft:dropped":{"minecraft:enchanted_book":1,"minecraft:iron_ingot":41,"scpo:money":11,"minecraft:oak_slab":5,"minecraft:porkchop":1,"minecraft:wheat_seeds":1,"minecraft:diamond_axe":1,"minecraft:polished_blackstone":2,"minecraft:mossy_cobblestone":3,"scpo:raw_iridium":3,"minecraft:diamond":24,"minecraft:cobblestone":279,"spore:tendons":6,"minecraft:dirt":24,"minecraft:red_bed":1,"minecraft:white_concrete":2,"scpo:raw_cobalt":8,"farmersdelight:organic_compost":1,"minecraft:cooked_salmon":4,"minecraft:iron_axe":2,"minecraft:string":3,"minecraft:white_wool":2,"minecraft:redstone":144,"minecraft:smooth_basalt":57,"minecraft:gravel":13,"minecraft:moss_carpet":17,"dynamictrees:oak_seed":3,"minecraft:cobbled_deepslate":455,"minecraft:tuff":1,"minecraft:raw_iron":65,"paraglider:goddess_statue":2,"minecraft:oak_planks":16,"spore:corrosive_sack":1,"spore:cerebrum":4,"minecraft:cooked_mutton":1,"minecraft:spruce_planks":2,"minecraft:charcoal":2,"minecraft:andesite":105,"minecraft:diamond_boots":2,"minecraft:wooden_pickaxe":1,"minecraft:raw_gold":2,"minecraft:calcite":15,"the_silence:tape_monster":2},"minecraft:broken":{"minecraft:iron_boots":1,"minecraft:iron_leggings":1,"minecraft:stone_pickaxe":1,"minecraft:iron_pickaxe":2,"minecraft:iron_helmet":1},"minecraft:killed_by":{"the_silence:the_silence_principal":1,"minecraft:player":2,"apollyon:the_infector":1,"sanitydim:rotting_stalker":3,"spore:spitter":2,"sanitydim:sneaking_terror":1,"apollyon:the_damned":2,"spore:inf_villager":1,"minecraft:skeleton":2}},"DataVersion":3465}