{"stats":{"minecraft:killed_by":{"minecraft:evoker":1,"minecraft:player":2,"minecraft:creeper":3,"minecraft:pillager":1,"sanitydim:rotting_stalker":1,"minecraft:warden":1,"siren_head:siren_head_crawl_had_to_make_seprate_entity_for_this_ver":1,"minecraft:skeleton":1,"minecraft:zombie":5,"minecraft:vex":1},"minecraft:crafted":{"minecraft:oak_planks":36,"minecraft:furnace":2,"sanitydim:garland":7,"minecraft:iron_boots":1,"minecraft:iron_axe":2,"minecraft:stone_pickaxe":1,"minecraft:crafting_table":1,"minecraft:spruce_planks":44,"minecraft:iron_helmet":1,"minecraft:stone_axe":1,"minecraft:iron_chestplate":2,"minecraft:stick":12,"minecraft:iron_ingot":24,"minecraft:iron_pickaxe":2,"minecraft:iron_leggings":1,"minecraft:torch":16},"minecraft:picked_up":{"minecraft:crafting_table":2,"minecraft:allium":3,"minecraft:azure_bluet":12,"minecraft:chicken":4,"minecraft:stone_slab":5,"dynamictrees:spruce_seed":2,"farmersdelight:diamond_knife":1,"minecraft:cornflower":23,"minecraft:string":7,"minecraft:red_bed":1,"minecraft:cat_spawn_egg":1,"minecraft:cyan_carpet":3,"minecraft:blue_orchid":8,"minecraft:cobbled_deepslate":145,"minecraft:beef":6,"minecraft:andesite_stairs":1,"minecraft:white_tulip":17,"minecraft:furnace":1,"minecraft:golden_helmet":1,"minecraft:stick":4,"minecraft:raw_iron":48,"minecraft:torch":6,"minecraft:redstone":1,"minecraft:arrow":8,"minecraft:rotten_flesh":14,"minecraft:peony":1,"minecraft:deepslate_bricks":3,"minecraft:totem_of_undying":1,"minecraft:mutton":2,"minecraft:white_wool":1,"minecraft:cobblestone":192,"minecraft:air":0,"minecraft:feather":2,"minecraft:andesite":69,"minecraft:flint":2,"minecraft:tuff":45,"minecraft:oak_log":9,"minecraft:dirt":14,"minecraft:lantern":3,"minecraft:purple_carpet":9,"minecraft:bone":1,"minecraft:stone_bricks":4,"minecraft:wheat_seeds":19,"minecraft:orange_tulip":23,"minecraft:stone_pickaxe":2,"minecraft:glass_bottle":1,"minecraft:oak_planks":16,"minecraft:smooth_basalt":4,"minecraft:dandelion":29,"minecraft:gravel":10,"minecraft:sand":1,"minecraft:amethyst_shard":8,"minecraft:spruce_log":18,"minecraft:mossy_cobblestone":1,"minecraft:polished_andesite":1,"minecraft:diamond":4,"minecraft:stone_axe":1,"minecraft:warped_roots":4,"minecraft:coal":73,"minecraft:ender_pearl":1},"minecraft:custom":{"minecraft:mob_kills":40,"minecraft:interact_with_crafting_table":43,"minecraft:open_barrel":1,"minecraft:leave_game":6,"minecraft:time_since_death":17142,"minecraft:climb_one_cm":5509,"minecraft:sprint_one_cm":288809,"minecraft:walk_one_cm":530206,"minecraft:drop":74,"minecraft:talked_to_villager":5,"minecraft:play_time":186800,"minecraft:deaths":26,"minecraft:sneak_time":3213,"minecraft:walk_under_water_one_cm":7762,"minecraft:jump":1568,"minecraft:interact_with_blast_furnace":1,"minecraft:walk_on_water_one_cm":16422,"minecraft:total_world_time":186800,"minecraft:interact_with_furnace":18,"minecraft:time_since_rest":17180,"minecraft:damage_taken":10006,"minecraft:damage_dealt":10131,"minecraft:swim_one_cm":8973,"minecraft:fly_one_cm":221274,"minecraft:player_kills":1,"minecraft:open_chest":15,"minecraft:crouch_one_cm":6836,"minecraft:fall_one_cm":67418},"minecraft:broken":{"minecraft:golden_helmet":1,"sanitydim:garland":4,"minecraft:stone_pickaxe":1,"minecraft:stone_axe":1,"minecraft:iron_pickaxe":1},"minecraft:dropped":{"minecraft:wheat_seeds":19,"minecraft:mossy_cobblestone":1,"minecraft:glass_bottle":1,"minecraft:diamond":1,"minecraft:cobblestone":91,"minecraft:warped_roots":4,"minecraft:lantern":1,"dynamictrees:spruce_seed":2,"minecraft:coal":20,"minecraft:dirt":5,"minecraft:mutton":2,"minecraft:amethyst_shard":8,"minecraft:string":10,"minecraft:cyan_carpet":2,"minecraft:smooth_basalt":4,"minecraft:gravel":8,"minecraft:white_tulip":16,"minecraft:cobbled_deepslate":24,"minecraft:chicken":4,"minecraft:rotten_flesh":14,"minecraft:oak_planks":33,"minecraft:stone_slab":5,"minecraft:totem_of_undying":1,"minecraft:deepslate_bricks":2,"minecraft:allium":3,"minecraft:peony":1,"minecraft:iron_chestplate":1,"minecraft:andesite":69,"sanitydim:garland":3,"minecraft:andesite_stairs":1,"minecraft:cat_spawn_egg":1,"minecraft:stone_bricks":4,"minecraft:arrow":3,"minecraft:stone_pickaxe":1,"minecraft:beef":6,"minecraft:purple_carpet":9},"minecraft:killed":{"minecraft:witch":1,"minecraft:spider":4,"minecraft:skeleton":1,"minecraft:chicken":4,"minecraft:sheep":1,"minecraft:pillager":3,"minecraft:zombie":11,"boh:gray_alien":10,"minecraft:cow":1,"minecraft:enderman":1},"minecraft:used":{"minecraft:torch":10,"minecraft:dirt":4,"minecraft:tuff":2,"minecraft:axolotl_bucket":1,"minecraft:lantern":1,"minecraft:iron_axe":152,"minecraft:furnace":3,"minecraft:water_bucket":3,"minecraft:stone_pickaxe":128,"minecraft:polished_andesite":1,"minecraft:oak_planks":1,"minecraft:deepslate_bricks":1,"minecraft:sand":1,"minecraft:crafting_table":3,"minecraft:red_bed":1,"minecraft:apple":2,"minecraft:iron_pickaxe":324,"minecraft:stone_axe":101,"minecraft:cobblestone":26,"minecraft:bucket":4},"minecraft:mined":{"minecraft:tuff":43,"minecraft:spruce_planks":1,"minecraft:mossy_cobblestone":1,"minecraft:deepslate_diamond_ore":4,"minecraft:andesite_stairs":1,"minecraft:grass_block":4,"minecraft:deepslate_bricks":2,"minecraft:furnace":1,"minecraft:nether_sprouts":6,"minecraft:iron_ore":46,"minecraft:andesite":26,"minecraft:azure_bluet":13,"minecraft:peony":1,"minecraft:deepslate_iron_ore":2,"minecraft:purple_carpet":8,"minecraft:lantern":1,"minecraft:white_tulip":17,"minecraft:blue_orchid":9,"minecraft:stone":122,"minecraft:cake":1,"minecraft:scaffolding":1,"minecraft:red_bed":1,"minecraft:blackstone":4,"minecraft:dandelion":32,"minecraft:crafting_table":2,"minecraft:cornflower":26,"minecraft:torch":5,"minecraft:warped_roots":2,"minecraft:andesite_wall":1,"minecraft:stone_slab":2,"minecraft:tall_grass":34,"minecraft:cobblestone":3,"minecraft:wall_torch":2,"minecraft:amethyst_block":1,"minecraft:orange_tulip":26,"minecraft:grass":102,"minecraft:coal_ore":59,"minecraft:gravel":10,"minecraft:dirt":2,"minecraft:smooth_basalt":4,"minecraft:polished_andesite":3,"minecraft:deepslate":111,"minecraft:fern":13}},"DataVersion":3465}