{"stats":{"minecraft:custom":{"minecraft:mob_kills":283,"minecraft:interact_with_crafting_table":4,"minecraft:damage_dealt_resisted":120405,"minecraft:leave_game":1,"minecraft:time_since_death":165,"minecraft:damage_resisted":40354,"minecraft:time_since_rest":181,"minecraft:sprint_one_cm":634867,"minecraft:damage_taken":25694,"minecraft:walk_one_cm":529658,"minecraft:damage_dealt":4875,"minecraft:swim_one_cm":2916,"minecraft:player_kills":4,"minecraft:fly_one_cm":728678,"minecraft:crouch_one_cm":1548,"minecraft:play_time":63045,"minecraft:deaths":51,"minecraft:sneak_time":328,"minecraft:walk_under_water_one_cm":11961,"minecraft:jump":886,"minecraft:walk_on_water_one_cm":3324,"minecraft:total_world_time":63045,"minecraft:fall_one_cm":49167},"minecraft:mined":{"minecraft:crafting_table":2,"minecraft:grass_block":9,"minecraft:diorite":1,"minecraft:iron_ore":7,"minecraft:oak_log":6,"minecraft:dirt":6,"minecraft:stone":50},"minecraft:killed_by":{"jujutsucraft:zenin_maki":1,"jujutsucraft:cursed_spirit_grade_214":2,"jujutsucraft:max_elephant":2,"jujutsucraft:cursed_spirit_grade_01":2,"jujutsucraft:cursed_spirit_grade_36":2,"jujutsucraft:transfigured_human_3":2,"jujutsucraft:cursed_spirit_grade_311":6,"minecraft:player":7,"jujutsucraft:cursed_spirit_grade_14":2,"jujutsucraft:cursed_spirit_grade_310":1,"jujutsucraft:cursed_spirit_grade_312":1,"jujutsucraft:zenin_chojuro":1,"jujutsucraft:higuruma_hiromi":1,"jujutsucraft:charles_bernard":2,"jujutsucraft:cursed_spirit_grade_33":1,"jujutsucraft:cursed_spirit_grade_22":1,"jujutsucraft:nue":1,"jujutsucraft:q":1,"jujutsucraft:shigemo_haruta":4,"jujutsucraft:cursed_spirit_grade_319":1,"jujutsucraft:cursed_spirit_grade_314":1,"jujutsucraft:cursed_spirit_grade_315":1,"jujutsucraft:cursed_spirit_grade_32":1,"jujutsucraft:jujutsu_sorcerer":1},"minecraft:crafted":{"minecraft:oak_planks":24,"minecraft:crafting_table":1,"minecraft:wooden_pickaxe":1,"minecraft:stick":4,"minecraft:stone_pickaxe":1},"minecraft:used":{"jujutsucraft:sword_black":39,"minecraft:stone_pickaxe":57,"minecraft:wooden_pickaxe":5,"jujutsucraft:sukuna_finger":1,"minecraft:crafting_table":2,"jujutsucraft:uniform_normal_chestplate":1},"minecraft:picked_up":{"minecraft:pink_petals":2,"minecraft:crafting_table":2,"minecraft:feather":2,"minecraft:chicken":1,"jujutsucraft:uniform_normal_boots":3,"jujutsucraft:sukuna_finger":1,"minecraft:oak_log":6,"minecraft:dirt":16,"jujutsucraft:uniform_normal_leggings":2,"jujutsucraftaddon:clan_changer":2,"minecraft:bow":1,"jujutsucraft:sword_black":2,"jujutsucraft:uniform_itadori_chestplate":1,"jujutsucraftaddon:cellphone":2,"minecraft:written_book":3,"minecraft:spruce_slab":1,"minecraft:egg":1,"minecraft:raw_iron":7,"minecraft:polished_blackstone_slab":1,"minecraft:porkchop":10,"jujutsucraft:uniform_normal_chestplate":4,"jujutsucraftaddon:random_ct_changer":2,"minecraft:diorite":1,"minecraft:grass_block":1,"minecraft:spruce_sign":1,"minecraft:cobblestone":48},"minecraft:killed":{"jujutsucraft:cursed_spirit_grade_32":3,"jujutsucraft:transfigured_human_3":4,"jujutsucraft:cursed_spirit_grade_210":1,"jujutsucraft:cursed_spirit_grade_31":1,"jujutsucraft:cursed_spirit_grade_33":4,"minecraft:pig":16,"jujutsucraft:nue":1,"jujutsucraft:zenin_chojuro":1,"jujutsucraft:kukuru":1,"jujutsucraft:ice_spear_2":10,"jujutsucraft:charles_bernard":1,"jujutsucraft:max_elephant":1,"jujutsucraft:jujutsu_sorcerer":4,"minecraft:salmon":30,"jujutsucraft:cursed_spirit_grade_213":2,"jujutsucraft:tiger_funeral":1,"minecraft:rabbit":1,"jujutsucraft:piercing_ox":1,"minecraft:bat":1,"jujutsucraft:cursed_spirit_grade_26":1,"jujutsucraft:round_deer":1,"jujutsucraft:kumiya_juzo":1,"jujutsucraft:mahito":1,"jujutsucraft:zenin_maki":1,"jujutsucraft:curse_user_1":1,"jujutsucraft:cursed_spirit_grade_318":4,"jujutsucraft:cursed_spirit_grade_211":1,"jujutsucraft:cursed_spirit_grade_316":3,"jujutsucraft:curse_user":1,"jujutsucraft:cursed_spirit_grade_22":2,"jujutsucraft:transfigured_human_2":3,"jujutsucraft:wooden_spear_2":1,"jujutsucraft:great_serpent":1,"jujutsucraft:itadori_yuji":1,"minecraft:squid":21,"jujutsucraft:cursed_spirit_grade_321":10,"minecraft:sheep":6,"jujutsucraft:cursed_spirit_grade_29":1,"jujutsucraft:cursed_spirit_grade_39":3,"jujutsucraft:shigemo_haruta":2,"jujutsucraft:cursed_spirit_grade_312":1,"jujutsucraft:cursed_spirit_grade_314":6,"minecraft:bee":18,"jujutsucraft:cursed_spirit_grade_311":3,"jujutsucraft:cursed_spirit_grade_310":2,"minecraft:chicken":10,"jujutsucraft:cursed_spirit_grade_19":1,"jujutsucraft:toad":1,"jujutsucraft:cursed_spirit_grade_36":2,"jujutsucraft:rabbit_escape":40,"jujutsucraft:cursed_spirit_grade_23":1,"jujutsucraft:cursed_spirit_grade_110":1,"jujutsucraft:cursed_spirit_grade_317":4,"jujutsucraft:cursed_spirit_grade_315":6,"jujutsucraft:cursed_spirit_grade_212":1,"jujutsucraft:cursed_spirit_grade_38":5,"jujutsucraft:cursed_spirit_grade_34":3,"jujutsucraft:cursed_spirit_grade_319":8,"jujutsucraft:cursed_spirit_grade_322":10,"jujutsucraft:nobara_kugisaki":1,"jujutsucraft:cursed_spirit_grade_27":2,"jujutsucraft:q":1,"minecraft:cow":2,"jujutsucraft:ogami":1}},"DataVersion":3465}