{"stats":{"minecraft:crafted":{"minecraft:oak_planks":44,"minecraft:oak_sign":3,"minecraft:cooked_porkchop":3,"minecraft:diamond_axe":1,"minecraft:crafting_table":3,"minecraft:iron_helmet":1,"minecraft:wooden_pickaxe":1,"minecraft:furnace":2,"minecraft:oak_boat":1,"minecraft:iron_boots":1,"minecraft:diamond_pickaxe":1,"minecraft:charcoal":2,"minecraft:iron_axe":2,"minecraft:iron_ingot":51,"minecraft:iron_pickaxe":2,"minecraft:stone_pickaxe":1,"minecraft:wooden_axe":1,"minecraft:iron_leggings":1,"minecraft:torch":8,"minecraft:diamond_chestplate":1},"minecraft:dropped":{"minecraft:gravel":13,"minecraft:iron_ingot":12,"minecraft:wheat_seeds":1,"dynamictrees:oak_seed":3,"minecraft:cobbled_deepslate":230,"minecraft:polished_blackstone":1,"minecraft:diamond":7,"minecraft:cobblestone":140,"paraglider:goddess_statue":2,"spore:tendons":6,"minecraft:oak_planks":4,"minecraft:dirt":24,"minecraft:charcoal":2,"minecraft:andesite":71,"minecraft:white_concrete":2,"minecraft:iron_axe":2,"minecraft:wooden_pickaxe":1,"minecraft:smooth_basalt":57},"minecraft:killed":{"minecraft:pig":1,"spore:leaper":1,"minecraft:spider":1,"minecraft:creeper":1,"minecraft:zombie":1,"spore:spitter":1},"minecraft:used":{"edible_monsters:cooked_flesh":2,"minecraft:stone_pickaxe":131,"minecraft:oak_sign":1,"minecraft:wooden_pickaxe":55,"minecraft:diamond_axe":11,"minecraft:cooked_chicken":1,"minecraft:torch":8,"minecraft:crafting_table":5,"minecraft:wooden_axe":21,"minecraft:diamond_pickaxe":61,"minecraft:iron_pickaxe":500,"minecraft:cobblestone":3,"minecraft:furnace":3,"minecraft:cooked_porkchop":3,"minecraft:oak_boat":1,"minecraft:cobbled_deepslate":10},"minecraft:killed_by":{"the_silence:the_silence_principal":1,"apollyon:the_damned":1,"minecraft:skeleton":1,"spore:spitter":2},"minecraft:picked_up":{"minecraft:charcoal":2,"minecraft:crafting_table":4,"minecraft:andesite":71,"boh:spinel":5,"minecraft:flint":2,"create:raw_zinc":2,"minecraft:oak_log":13,"minecraft:gunpowder":1,"minecraft:amethyst_block":4,"minecraft:dirt":24,"minecraft:lapis_lazuli":9,"minecraft:deepslate_tile_slab":1,"paraglider:goddess_statue":2,"minecraft:string":1,"minecraft:raw_copper":63,"spore:corrosive_sack":1,"minecraft:wheat_seeds":1,"scpo:raw_iridium":3,"minecraft:cobbled_deepslate":240,"minecraft:raw_gold":2,"minecraft:cooked_chicken":1,"minecraft:oak_boat":1,"minecraft:calcite":15,"dynamictrees:oak_seed":3,"edible_monsters:cooked_flesh":2,"minecraft:oak_planks":19,"minecraft:furnace":1,"minecraft:stick":27,"minecraft:raw_iron":68,"minecraft:smooth_basalt":57,"minecraft:torch":2,"minecraft:gravel":13,"minecraft:porkchop":6,"minecraft:diamond":40,"minecraft:white_concrete":2,"minecraft:polished_blackstone":2,"spore:spine_fragment":1,"scpo:raw_cobalt":3,"spore:tendons":6,"minecraft:mutton":2,"minecraft:coal":71,"minecraft:cobblestone":217},"minecraft:mined":{"create:deepslate_zinc_ore":2,"minecraft:deepslate_diamond_ore":38,"scpo:cobalt_ore_deepslate":3,"minecraft:deepslate_tile_slab":2,"minecraft:crafting_table":4,"minecraft:budding_amethyst":1,"minecraft:calcite":17,"minecraft:grass_block":2,"minecraft:copper_ore":20,"minecraft:deepslate_gold_ore":2,"minecraft:wall_torch":3,"minecraft:amethyst_block":4,"boh:spinel_ore_ore":5,"minecraft:furnace":1,"minecraft:iron_ore":52,"minecraft:andesite":72,"minecraft:deepslate_lapis_ore":1,"scpo:iridium_ore":3,"minecraft:grass":3,"minecraft:coal_ore":78,"minecraft:deepslate_iron_ore":17,"minecraft:gravel":15,"minecraft:dirt":5,"minecraft:smooth_basalt":19,"minecraft:polished_blackstone":1,"minecraft:stone":163,"minecraft:deepslate":239},"minecraft:custom":{"minecraft:interact_with_furnace":20,"minecraft:mob_kills":7,"minecraft:interact_with_crafting_table":23,"minecraft:leave_game":2,"minecraft:time_since_death":13780,"minecraft:climb_one_cm":154534,"minecraft:time_since_rest":13851,"minecraft:sprint_one_cm":37009,"minecraft:damage_taken":2249,"minecraft:walk_one_cm":157460,"minecraft:drop":36,"minecraft:damage_dealt":1656,"minecraft:fly_one_cm":33810,"minecraft:crouch_one_cm":196,"minecraft:play_time":91611,"minecraft:deaths":5,"minecraft:sneak_time":96,"minecraft:walk_under_water_one_cm":1522,"minecraft:jump":929,"minecraft:walk_on_water_one_cm":1435,"minecraft:total_world_time":91611,"minecraft:fall_one_cm":12874},"minecraft:broken":{"minecraft:stone_pickaxe":1,"minecraft:iron_pickaxe":2}},"DataVersion":3465}