{"stats":{"minecraft:custom":{"minecraft:mob_kills":624,"minecraft:interact_with_crafting_table":4,"minecraft:damage_dealt_resisted":311588,"minecraft:leave_game":1,"minecraft:time_since_death":3380,"minecraft:damage_resisted":60699,"minecraft:time_since_rest":3473,"minecraft:sprint_one_cm":804254,"minecraft:damage_taken":30780,"minecraft:walk_one_cm":609605,"minecraft:damage_dealt":5212,"minecraft:swim_one_cm":6904,"minecraft:player_kills":8,"minecraft:fly_one_cm":970869,"minecraft:crouch_one_cm":2283,"minecraft:play_time":75045,"minecraft:deaths":54,"minecraft:sneak_time":428,"minecraft:walk_under_water_one_cm":22626,"minecraft:jump":1073,"minecraft:walk_on_water_one_cm":10080,"minecraft:total_world_time":75045,"minecraft:fall_one_cm":68910},"minecraft:mined":{"minecraft:crafting_table":2,"minecraft:grass_block":9,"minecraft:diorite":1,"minecraft:iron_ore":7,"minecraft:oak_log":6,"minecraft:dirt":6,"minecraft:stone":50},"minecraft:killed_by":{"jujutsucraft:zenin_maki":1,"jujutsucraft:cursed_spirit_grade_214":2,"jujutsucraft:max_elephant":2,"jujutsucraft:cursed_spirit_grade_01":2,"jujutsucraft:cursed_spirit_grade_36":2,"jujutsucraft:transfigured_human_3":2,"jujutsucraft:cursed_spirit_grade_311":6,"minecraft:player":8,"jujutsucraft:cursed_spirit_grade_14":2,"jujutsucraft:cursed_spirit_grade_310":1,"jujutsucraft:cursed_spirit_grade_312":1,"jujutsucraft:zenin_chojuro":1,"jujutsucraft:higuruma_hiromi":1,"jujutsucraft:charles_bernard":2,"jujutsucraft:cursed_spirit_grade_33":1,"jujutsucraft:cursed_spirit_grade_22":1,"jujutsucraft:nue":1,"jujutsucraft:q":1,"jujutsucraft:shigemo_haruta":4,"jujutsucraft:kusakabe_yatsuya":1,"jujutsucraft:sukuna":1,"jujutsucraft:cursed_spirit_grade_319":1,"jujutsucraft:cursed_spirit_grade_314":1,"jujutsucraft:cursed_spirit_grade_315":1,"jujutsucraft:cursed_spirit_grade_32":1,"jujutsucraft:jujutsu_sorcerer":1},"minecraft:crafted":{"minecraft:oak_planks":24,"minecraft:crafting_table":1,"minecraft:wooden_pickaxe":1,"minecraft:stick":4,"minecraft:stone_pickaxe":1},"minecraft:used":{"jujutsucraft:sword_black":39,"minecraft:stone_pickaxe":57,"minecraft:wooden_pickaxe":5,"jujutsucraft:sukuna_finger":1,"minecraft:crafting_table":2,"jujutsucraft:uniform_normal_chestplate":2},"minecraft:picked_up":{"minecraft:pink_petals":2,"minecraft:crafting_table":2,"minecraft:feather":2,"minecraft:chicken":1,"jujutsucraft:uniform_normal_boots":3,"jujutsucraft:sukuna_finger":1,"minecraft:oak_log":6,"minecraft:dirt":16,"jujutsucraft:uniform_normal_leggings":2,"jujutsucraftaddon:clan_changer":2,"minecraft:wheat_seeds":2,"minecraft:bow":1,"jujutsucraft:sword_black":2,"jujutsucraft:uniform_itadori_chestplate":1,"jujutsucraftaddon:cellphone":2,"minecraft:written_book":3,"minecraft:spruce_slab":1,"minecraft:egg":1,"minecraft:raw_iron":7,"minecraft:polished_blackstone_slab":1,"minecraft:porkchop":10,"jujutsucraft:uniform_normal_chestplate":4,"jujutsucraftaddon:random_ct_changer":2,"minecraft:diorite":1,"minecraft:grass_block":1,"jujutsucraft:uniform_q_leggings":1,"minecraft:spruce_sign":2,"minecraft:cobblestone":48},"minecraft:killed":{"jujutsucraft:mimiko":1,"jujutsucraft:cursed_spirit_grade_32":10,"jujutsucraft:eight_handled_swrod_divergent_sila_divine_general_mahoraga":1,"jujutsucraft:transfigured_human_3":6,"jujutsucraft:cursed_spirit_grade_210":1,"minecraft:wolf":10,"jujutsucraft:cursed_spirit_grade_31":4,"jujutsucraft:cursed_spirit_grade_33":9,"jujutsucraft:stevenson_screen":1,"minecraft:pig":24,"jujutsucraft:nue":1,"jujutsucraft:zenin_chojuro":1,"jujutsucraft:nanako":2,"jujutsucraft:kukuru":3,"jujutsucraft:ice_spear_2":10,"jujutsucraft:charles_bernard":1,"jujutsucraft:max_elephant":1,"jujutsucraft:jujutsu_sorcerer":7,"jujutsucraft:tsukumo_yuki":1,"minecraft:allay":2,"minecraft:salmon":79,"jujutsucraft:cursed_spirit_grade_12":1,"jujutsucraft:cursed_spirit_grade_213":2,"jujutsucraft:awasaka_jiro":1,"jujutsucraft:tiger_funeral":1,"minecraft:rabbit":3,"jujutsucraft:piercing_ox":1,"jujutsucraft:cursed_spirit_grade_37":2,"minecraft:bat":31,"jujutsucraft:cursed_spirit_grade_35":1,"jujutsucraft:cursed_spirit_grade_26":1,"jujutsucraft:round_deer":1,"jujutsucraft:kumiya_juzo":1,"jujutsucraft:mahito":1,"jujutsucraft:zenin_maki":2,"jujutsucraft:curse_user_1":1,"jujutsucraft:cursed_spirit_grade_318":6,"jujutsucraft:cursed_spirit_grade_211":2,"jujutsucraft:cursed_spirit_grade_316":5,"jujutsucraft:curse_user":5,"jujutsucraft:cursed_spirit_grade_22":4,"jujutsucraft:transfigured_human_2":4,"jujutsucraft:wooden_spear_2":1,"jujutsucraft:great_serpent":1,"jujutsucraft:itadori_yuji":1,"minecraft:squid":66,"jujutsucraft:cursed_spirit_grade_321":10,"minecraft:sheep":15,"minecraft:horse":16,"jujutsucraft:panda_gorilla":1,"jujutsucraft:cursed_spirit_grade_05":1,"jujutsucraft:cursed_spirit_grade_29":2,"jujutsucraft:cursed_spirit_grade_39":3,"jujutsucraft:fox_fire":7,"jujutsucraft:shigemo_haruta":2,"jujutsucraft:cursed_spirit_grade_313":1,"jujutsucraft:cursed_spirit_grade_312":2,"jujutsucraft:cursed_spirit_grade_314":16,"jujutsucraft:cursed_spirit_grade_215":1,"minecraft:donkey":1,"minecraft:bee":33,"jujutsucraft:cursed_spirit_grade_311":4,"jujutsucraft:bullet_skull":1,"jujutsucraft:cursed_spirit_grade_310":8,"jujutsucraft:negi_toshihisa":1,"jujutsucraft:kechizu":1,"minecraft:chicken":13,"jujutsucraft:cursed_spirit_grade_16":1,"jujutsucraft:cursed_spirit_grade_19":1,"jujutsucraft:toad":1,"jujutsucraft:cursed_spirit_grade_36":7,"jujutsucraft:rabbit_escape":41,"jujutsucraft:panda_normal":1,"jujutsucraft:cursed_spirit_grade_23":1,"jujutsucraft:cursed_spirit_grade_214":1,"jujutsucraft:cursed_spirit_grade_110":2,"jujutsucraft:cursed_spirit_grade_317":16,"jujutsucraft:cursed_spirit_grade_315":7,"jujutsucraft:cursed_spirit_grade_212":1,"jujutsucraft:cursed_spirit_grade_38":8,"jujutsucraft:cursed_spirit_grade_34":4,"jujutsucraft:cursed_spirit_grade_319":11,"jujutsucraft:transfigured_human_1":3,"minecraft:skeleton_horse":1,"jujutsucraft:cursed_spirit_grade_322":22,"minecraft:villager":9,"jujutsucraft:nobara_kugisaki":1,"jujutsucraft:cursed_spirit_grade_27":4,"jujutsucraft:q":2,"jujutsucraft:fushiguro_megumi":2,"minecraft:cow":10,"jujutsucraft:gravestone_3":1,"jujutsucraft:ogami":2}},"DataVersion":3465}