{"stats":{"minecraft:mined":{"create:zinc_ore":3,"create:deepslate_zinc_ore":16,"minecraft:tuff":31,"minecraft:stone_pressure_plate":3,"minecraft:mossy_cobblestone":7,"minecraft:deepslate_diamond_ore":95,"minecraft:nether_brick_wall":1,"minecraft:red_nether_bricks":40,"minecraft:mangrove_roots":1,"minecraft:nether_bricks":9,"minecraft:grass_block":1,"minecraft:redstone_wire":2,"minecraft:cracked_nether_bricks":2,"minecraft:rooted_dirt":14,"minecraft:spawner":7,"minecraft:hay_block":8,"minecraft:polished_blackstone_bricks":2,"minecraft:magma_block":15,"minecraft:furnace":3,"minecraft:mossy_cobblestone_stairs":3,"minecraft:red_nether_brick_stairs":11,"minecraft:iron_ore":50,"minecraft:fire":3,"treechop:chopped_log":2,"minecraft:nether_brick_stairs":11,"minecraft:mossy_stone_brick_stairs":5,"minecraft:deepslate_iron_ore":28,"minecraft:stone":393,"minecraft:smithing_table":4,"minecraft:deepslate_redstone_ore":8,"minecraft:quartz_block":4,"minecraft:blackstone":10,"minecraft:crafting_table":4,"minecraft:torch":18,"minecraft:emerald_ore":1,"minecraft:nether_brick_slab":9,"minecraft:nether_quartz_ore":37,"minecraft:cobblestone":5,"minecraft:deepslate_gold_ore":12,"minecraft:diorite":15,"minecraft:iron_door":1,"minecraft:wall_torch":1,"minecraft:stone_brick_stairs":3,"minecraft:tnt":23,"minecraft:mangrove_leaves":1,"minecraft:grass":2,"minecraft:coal_ore":18,"minecraft:mycelium":4,"minecraft:dirt":3,"minecraft:gravel":6,"minecraft:cracked_stone_bricks":3,"minecraft:mossy_stone_bricks":7,"minecraft:stone_bricks":9,"minecraft:netherrack":722,"minecraft:ancient_debris":16,"minecraft:gold_ore":9,"minecraft:deepslate":423},"minecraft:killed_by":{"minecraft:player":1,"minecraft:stray":2,"minecraft:creeper":1,"minecraft:skeleton":4,"minecraft:zombie":3},"minecraft:dropped":{"minecraft:diamond":14,"minecraft:netherite_chestplate":1,"minecraft:cobblestone":256,"minecraft:book":1,"minecraft:rooted_dirt":14,"minecraft:stick":8,"minecraft:item_frame":4,"minecraft:emerald":1,"minecraft:dirt":8,"minecraft:diamond_helmet":1,"minecraft:string":1,"iammusicplayer:parabolic_antenna":1,"create:raw_zinc":19,"minecraft:redstone":27,"minecraft:nether_brick_slab":14,"minecraft:stone_axe":1,"minecraft:mangrove_roots":1,"minecraft:cobbled_deepslate":132,"minecraft:tuff":8,"minecraft:raw_iron":64,"minecraft:rotten_flesh":7,"minecraft:oak_planks":35,"minecraft:andesite":30,"minecraft:oak_sapling":2,"minecraft:slime_ball":17,"minecraft:red_nether_bricks":3,"minecraft:wooden_pickaxe":1,"minecraft:raw_gold":12,"minecraft:netherrack":204,"epicfight:skillbook":2},"minecraft:killed":{"minecraft:cave_spider":4,"minecraft:zombified_piglin":1,"minecraft:spider":2,"minecraft:slime":19,"minecraft:skeleton":5,"minecraft:drowned":1,"minecraft:zombie":16},"minecraft:picked_up":{"minecraft:crafting_table":4,"minecraft:smithing_table":4,"minecraft:enchanted_book":4,"minecraft:stone_brick_stairs":1,"minecraft:string":2,"minecraft:red_nether_bricks":5,"minecraft:item_frame":4,"minecraft:cracked_stone_bricks":2,"minecraft:cobbled_deepslate":378,"minecraft:iron_pickaxe":1,"minecraft:furnace":3,"minecraft:raw_iron":77,"minecraft:stick":10,"minecraft:torch":17,"epicfight:skillbook":4,"minecraft:polished_blackstone_bricks":2,"minecraft:diorite":15,"minecraft:redstone":36,"minecraft:tnt":26,"minecraft:quartz_block":3,"minecraft:arrow":6,"minecraft:rotten_flesh":18,"minecraft:hay_block":8,"minecraft:mangrove_roots":2,"minecraft:cobblestone":443,"minecraft:leather_chestplate":1,"minecraft:magma_block":39,"minecraft:golden_leggings":1,"paraglider:spirit_orb":14,"minecraft:oak_log":11,"minecraft:tuff":8,"create:raw_zinc":19,"minecraft:ancient_debris":16,"minecraft:dirt":8,"minecraft:bone":7,"minecraft:stone_bricks":7,"minecraft:raw_gold":12,"minecraft:iron_ingot":1,"minecraft:mossy_stone_bricks":5,"minecraft:oak_planks":28,"minecraft:book":1,"minecraft:quartz":37,"minecraft:gravel":1,"minecraft:nether_brick_slab":14,"minecraft:mossy_cobblestone":3,"minecraft:slime_ball":17,"minecraft:diamond":101,"minecraft:mossy_cobblestone_stairs":2,"minecraft:emerald":1,"minecraft:rooted_dirt":14,"minecraft:oak_sapling":2,"minecraft:netherrack":339,"minecraft:coal":56},"minecraft:used":{"minecraft:flint_and_steel":14,"minecraft:netherrack":27,"minecraft:torch":52,"minecraft:diamond_helmet":1,"minecraft:furnace":3,"minecraft:netherite_pickaxe":256,"epicfight:skillbook":2,"minecraft:diamond_boots":1,"minecraft:stone_pickaxe":131,"minecraft:wooden_pickaxe":13,"minecraft:redstone_block":1,"minecraft:diamond_axe":172,"minecraft:tnt":16,"minecraft:crafting_table":4,"minecraft:diamond_pickaxe":1266,"minecraft:bread":22,"minecraft:iron_pickaxe":442,"minecraft:gravel":1,"minecraft:stone_axe":1,"minecraft:cobblestone":70,"minecraft:smithing_table":5,"minecraft:diamond_leggings":1},"minecraft:broken":{"minecraft:stone_pickaxe":1},"minecraft:crafted":{"minecraft:oak_planks":24,"minecraft:furnace":1,"minecraft:netherite_chestplate":2,"minecraft:netherite_leggings":1,"minecraft:diamond_helmet":2,"minecraft:diamond_leggings":1,"minecraft:stone_pickaxe":1,"minecraft:chest":1,"minecraft:diamond_boots":1,"minecraft:redstone_block":1,"minecraft:netherite_upgrade_smithing_template":8,"minecraft:netherite_scrap":16,"minecraft:wheat":72,"minecraft:netherite_pickaxe":1,"sophisticatedbackpacks:backpack":1,"minecraft:diamond_axe":1,"minecraft:crafting_table":1,"minecraft:wooden_pickaxe":1,"minecraft:stone_axe":1,"minecraft:bread":24,"minecraft:diamond_pickaxe":2,"minecraft:stick":24,"minecraft:iron_ingot":3,"minecraft:iron_pickaxe":1,"minecraft:gold_ingot":2,"minecraft:netherite_ingot":4,"minecraft:andesite":30,"minecraft:diamond_chestplate":2},"minecraft:custom":{"minecraft:interact_with_smithing_table":8,"minecraft:mob_kills":48,"minecraft:interact_with_crafting_table":35,"minecraft:open_barrel":21,"minecraft:leave_game":8,"minecraft:time_since_death":7450,"minecraft:climb_one_cm":1135,"minecraft:sprint_one_cm":455688,"minecraft:walk_one_cm":994418,"minecraft:drop":88,"minecraft:play_time":169907,"minecraft:deaths":19,"minecraft:sneak_time":282,"minecraft:walk_under_water_one_cm":17648,"minecraft:jump":1033,"minecraft:walk_on_water_one_cm":19808,"minecraft:total_world_time":169907,"minecraft:interact_with_furnace":16,"minecraft:time_since_rest":7484,"minecraft:damage_taken":5842,"minecraft:trigger_trapped_chest":1,"minecraft:damage_dealt":6500,"minecraft:player_kills":1,"minecraft:swim_one_cm":50264,"minecraft:fly_one_cm":196066,"minecraft:open_chest":65,"minecraft:crouch_one_cm":1201,"minecraft:fall_one_cm":26946}},"DataVersion":3465}