{"stats":{"minecraft:custom":{"minecraft:mob_kills":1319,"minecraft:interact_with_crafting_table":4,"minecraft:damage_dealt_resisted":641608,"minecraft:time_since_death":9896,"minecraft:leave_game":1,"minecraft:damage_resisted":149569,"minecraft:sprint_one_cm":1416034,"minecraft:walk_one_cm":1015834,"minecraft:drop":24,"minecraft:damage_dealt_absorbed":240,"minecraft:play_time":123045,"minecraft:deaths":64,"minecraft:sneak_time":1324,"minecraft:walk_under_water_one_cm":36519,"minecraft:jump":1507,"minecraft:walk_on_water_one_cm":37543,"minecraft:total_world_time":123045,"minecraft:time_since_rest":9937,"minecraft:damage_taken":52989,"minecraft:damage_dealt":26609,"minecraft:swim_one_cm":9899,"minecraft:fly_one_cm":1507092,"minecraft:player_kills":9,"minecraft:open_chest":2,"minecraft:crouch_one_cm":7572,"minecraft:fall_one_cm":117123},"minecraft:mined":{"minecraft:grass_block":9,"minecraft:iron_ore":7,"minecraft:stone":50,"minecraft:crafting_table":2,"minecraft:diorite":1,"minecraft:oak_log":6,"minecraft:dirt":6},"minecraft:dropped":{"minecraft:spruce_sign":2,"minecraft:porkchop":5,"minecraft:wheat_seeds":2,"minecraft:crossbow":6,"minecraft:cobblestone":45,"minecraft:spectral_arrow":2,"jujutsucraft:uniform_q_leggings":1,"minecraft:dirt":16,"minecraft:polished_blackstone_slab":1,"minecraft:pink_petals":2,"jujutsucraft:uniform_normal_leggings":1,"jujutsucraft:uniform_itadori_chestplate":1,"minecraft:salmon":1,"jujutsucraft:uniform_normal_chestplate":2,"minecraft:spruce_slab":1,"minecraft:iron_bars":1,"minecraft:written_book":1},"minecraft:killed_by":{"jujutsucraft:cursed_spirit_grade_214":2,"jujutsucraft:max_elephant":2,"jujutsucraft:cursed_spirit_grade_01":2,"jujutsucraft:cursed_spirit_grade_36":2,"jujutsucraft:transfigured_human_3":2,"jujutsucraft:cursed_spirit_grade_311":6,"minecraft:player":10,"jujutsucraft:cursed_spirit_grade_14":2,"jujutsucraft:cursed_spirit_grade_310":1,"jujutsucraft:cursed_spirit_grade_312":1,"jujutsucraft:kenjaku":1,"jujutsucraft:cursed_spirit_grade_11":2,"jujutsucraft:charles_bernard":2,"jujutsucraft:cursed_spirit_grade_33":1,"jujutsucraft:nue":1,"jujutsucraft:cursed_spirit_grade_22":1,"jujutsucraft:kusakabe_yatsuya":1,"jujutsucraft:cursed_spirit_grade_319":1,"jujutsucraft:sukuna":2,"jujutsucraft:cursed_spirit_grade_314":1,"jujutsucraft:cursed_spirit_grade_315":1,"jujutsucraft:gojo_satoru":1,"jujutsucraft:zenin_maki_culling_game":1,"jujutsucraft:zenin_maki":1,"jujutsucraft:zenin_chojuro":1,"jujutsucraft:higuruma_hiromi":1,"jujutsucraft:uraume":1,"jujutsucraft:q":1,"jujutsucraft:shigemo_haruta":4,"jujutsucraftaddon:sukuna_no_shirt":1,"jujutsucraft:cursed_spirit_grade_32":1,"jujutsucraft:jujutsu_sorcerer":1},"minecraft:crafted":{"minecraft:oak_planks":24,"minecraft:stone_pickaxe":1,"minecraft:crafting_table":1,"minecraft:wooden_pickaxe":1,"minecraft:stick":4},"minecraft:used":{"jujutsucraft:sukuna_finger":2,"jujutsucraft:sword_black":44,"epicfight:skillbook":5,"minecraft:stone_pickaxe":57,"minecraft:wooden_pickaxe":5,"minecraft:crafting_table":2,"minecraft:crossbow":1,"jujutsucraft:uniform_normal_chestplate":2,"jujutsucraft:dragon_bone":33},"minecraft:picked_up":{"jujutsucraft:clothes_zenin_2_chestplate":1,"minecraft:birch_door":1,"minecraft:crafting_table":2,"minecraft:chicken":1,"jujutsucraft:uniform_normal_boots":3,"minecraft:item_frame":2,"jujutsucraftaddon:clan_changer":2,"jujutsucraft:sword_black":2,"jujutsucraftaddon:cellphone":2,"minecraft:written_book":3,"minecraft:spruce_slab":1,"minecraft:birch_sapling":1,"minecraft:egg":1,"minecraft:raw_iron":7,"minecraft:stone":3,"jujutsucraft:sickle":1,"epicfight:skillbook":5,"minecraft:porkchop":10,"jujutsucraftaddon:random_ct_changer":2,"minecraft:diorite":1,"jujutsucraft:uniform_q_leggings":1,"sophisticatedbackpacks:copper_backpack":2,"minecraft:iron_bars":1,"minecraft:cobblestone":48,"minecraft:pink_petals":2,"minecraft:feather":2,"minecraft:salmon":1,"jujutsucraft:sukuna_finger":1,"minecraft:oak_log":6,"minecraft:dirt":16,"minecraft:white_banner":10,"jujutsucraft:uniform_normal_leggings":2,"jujutsucraft:pendant_todo_aoi":1,"minecraft:bow":1,"minecraft:wheat_seeds":2,"jujutsucraft:clothes_zenin_2_leggings":1,"jujutsucraft:uniform_itadori_chestplate":1,"jujutsucraft:dragon_bone":1,"minecraft:glow_lichen":1,"minecraft:dark_oak_slab":2,"minecraft:gravel":46,"minecraft:polished_blackstone_slab":1,"jujutsucraft:uniform_normal_chestplate":4,"minecraft:grass_block":1,"minecraft:spectral_arrow":2,"minecraft:stone_axe":1,"minecraft:crossbow":7,"minecraft:spruce_sign":2},"minecraft:killed":{"jujutsucraft:mimiko":1,"jujutsucraft:cursed_spirit_grade_32":16,"jujutsucraft:cursed_spirit_grade_21":2,"jujutsucraft:transfigured_human_3":9,"jujutsucraft:cursed_spirit_grade_31":5,"jujutsucraft:cursed_spirit_grade_33":13,"jujutsucraft:stevenson_screen":1,"jujutsucraft:kaichi":1,"jujutsucraft:nue":1,"jujutsucraft:nanako":4,"jujutsucraft:cursed_spirit_grade_11":1,"jujutsucraft:charles_bernard":2,"jujutsucraft:doll_1":9,"jujutsucraft:cursed_spirit_grade_24":1,"minecraft:allay":2,"jujutsucraft:cursed_spirit_grade_12":1,"jujutsucraft:tsukumo_yuki":1,"jujutsucraft:tiger_funeral":1,"jujutsucraft:cursed_spirit_grade_37":2,"jujutsucraft:cursed_spirit_grade_35":2,"jujutsucraft:round_deer":1,"jujutsucraft:cursed_spirit_grade_318":26,"jujutsucraft:mahito":1,"jujutsucraft:cursed_spirit_grade_316":6,"jujutsucraft:cursed_spirit_grade_26":2,"jujutsucraft:transfigured_human_2":6,"jujutsucraft:cursed_spirit_grade_22":7,"jujutsucraft:kumiya_juzo":1,"jujutsucraft:wooden_spear_2":5,"jujutsucraft:cursed_spirit_grade_01":1,"jujutsucraft:miwa_kasumi":2,"minecraft:horse":16,"jujutsucraft:cursed_spirit_grade_05":1,"jujutsucraft:cursed_spirit_grade_39":14,"jujutsucraft:fox_fire":7,"jujutsucraft:shigemo_haruta":3,"jujutsucraft:cursed_spirit_grade_312":3,"jujutsucraft:cursed_spirit_grade_313":2,"jujutsucraft:cursed_spirit_grade_215":2,"minecraft:bee":61,"jujutsucraft:cursed_spirit_grade_15":1,"minecraft:chicken":21,"jujutsucraft:kechizu":1,"jujutsucraft:cursed_spirit_grade_19":2,"jujutsucraft:toad":1,"jujutsucraft:cursed_spirit_grade_16":3,"jujutsucraft:rabbit_escape":41,"jujutsucraft:panda_normal":4,"jujutsucraft:rozetsu_shikigami":1,"jujutsucraft:cursed_spirit_grade_23":1,"jujutsucraft:cursed_spirit_grade_214":2,"jujutsucraft:cursed_spirit_grade_317":24,"jujutsucraft:cursed_spirit_grade_38":13,"jujutsucraft:cursed_spirit_grade_34":8,"jujutsucraft:higuruma_hiromi":1,"jujutsucraft:transfigured_human_1":5,"jujutsucraft:nobara_kugisaki":1,"minecraft:skeleton_horse":1,"jujutsucraft:cursed_spirit_grade_27":4,"jujutsucraft:uraume":2,"jujutsucraft:eight_handled_swrod_divergent_sila_divine_general_mahoraga":1,"jujutsucraft:cursed_spirit_grade_210":2,"minecraft:wolf":10,"minecraft:pig":25,"jujutsucraft:zenin_chojuro":1,"jujutsucraft:kukuru":6,"jujutsucraft:ice_spear_2":23,"jujutsucraft:max_elephant":1,"jujutsucraft:jujutsu_sorcerer":11,"jujutsucraft:truck":1,"minecraft:salmon":103,"jujutsucraft:cursed_spirit_grade_213":5,"jujutsucraft:awasaka_jiro":1,"minecraft:rabbit":12,"jujutsucraft:piercing_ox":1,"minecraft:bat":95,"jujutsucraft:choso":1,"jujutsucraft:zenin_maki":2,"jujutsucraft:curse_user_1":1,"jujutsucraft:cursed_spirit_grade_211":2,"jujutsucraft:zenin_ranta":2,"jujutsucraft:curse_user":7,"jujutsucraft:mechamaru":1,"jujutsucraft:great_serpent":1,"jujutsucraft:yaga_masamichi":2,"jujutsucraft:itadori_yuji":1,"minecraft:squid":94,"jujutsucraft:cursed_spirit_grade_321":16,"minecraft:sheep":22,"jujutsucraft:panda_gorilla":4,"jujutsucraft:cursed_spirit_grade_29":4,"jujutsucraft:cursed_spirit_grade_28":2,"minecraft:pillager":278,"jujutsucraft:cursed_spirit_grade_314":21,"jujutsucraft:kenjaku":1,"minecraft:donkey":1,"jujutsucraft:cursed_spirit_grade_311":5,"jujutsucraft:cursed_spirit_grade_310":13,"jujutsucraft:bullet_skull":1,"jujutsucraft:cursed_spirit_grade_13":1,"jujutsucraft:negi_toshihisa":1,"jujutsucraft:cursed_spirit_grade_36":22,"jujutsucraft:cursed_spirit_grade_25":3,"jujutsucraft:hanami":1,"jujutsucraft:cursed_spirit_grade_110":3,"jujutsucraft:cursed_spirit_grade_315":8,"jujutsucraft:cursed_spirit_grade_212":3,"jujutsucraft:cursed_spirit_grade_319":18,"jujutsucraft:cursed_spirit_grade_322":28,"jujutsucraft:ice_spear":26,"minecraft:villager":10,"jujutsucraft:q":2,"jujutsucraft:wooden_ball_1":3,"minecraft:cow":11,"jujutsucraft:fushiguro_megumi":2,"jujutsucraft:gravestone_3":5,"jujutsucraft:ogami":2}},"DataVersion":3465}