{"stats":{"minecraft:killed":{"minecraft:spider":1,"minecraft:chicken":5,"minecraft:cow":3},"minecraft:crafted":{"minecraft:smooth_stone":3,"minecraft:oak_planks":52,"minecraft:raw_iron":9,"minecraft:cooked_chicken":5,"minecraft:furnace":1,"minecraft:blast_furnace":1,"minecraft:stone":3,"minecraft:diamond_shovel":2,"minecraft:cooked_mutton":2,"minecraft:diamond_helmet":1,"minecraft:diamond_leggings":1,"minecraft:iron_boots":1,"minecraft:iron_axe":1,"minecraft:stone_pickaxe":2,"minecraft:diamond_boots":1,"minecraft:cooked_beef":8,"minecraft:diamond_axe":1,"minecraft:crafting_table":2,"minecraft:wooden_pickaxe":1,"minecraft:iron_helmet":1,"minecraft:iron_sword":1,"minecraft:bucket":2,"minecraft:stone_axe":1,"minecraft:air":0,"minecraft:iron_chestplate":1,"minecraft:diamond_pickaxe":1,"minecraft:shield":1,"minecraft:stick":28,"minecraft:iron_ingot":59,"minecraft:iron_pickaxe":1,"minecraft:iron_leggings":1,"minecraft:torch":32,"minecraft:diamond_chestplate":1},"minecraft:broken":{"minecraft:stone_pickaxe":1,"minecraft:iron_pickaxe":1},"minecraft:picked_up":{"minecraft:crafting_table":2,"minecraft:chicken":5,"minecraft:amethyst_block":55,"minecraft:raw_copper":143,"minecraft:cobbled_deepslate":295,"minecraft:bucket":1,"minecraft:beef":8,"minecraft:calcite":15,"minecraft:furnace":3,"minecraft:stick":2,"minecraft:raw_iron":70,"create:golden_sheet":6,"minecraft:oak_fence":1,"minecraft:torch":17,"minecraft:rotten_flesh":1,"minecraft:peony":1,"minecraft:gold_ingot":2,"supplementaries:ash":2,"minecraft:obsidian":1,"minecraft:mutton":3,"minecraft:cobblestone":84,"create:iron_sheet":1,"minecraft:feather":7,"minecraft:water_bucket":2,"minecraft:leather":1,"minecraft:smoker":1,"minecraft:tuff":12,"minecraft:oak_log":13,"supplementaries:flax_seeds":3,"minecraft:dirt":791,"minecraft:cooked_mutton":6,"minecraft:bone":11,"minecraft:wheat_seeds":6,"minecraft:iron_ingot":20,"minecraft:iron_sword":1,"minecraft:oak_planks":81,"minecraft:smooth_basalt":11,"create:cogwheel":3,"minecraft:raw_iron_block":1,"minecraft:dripstone_block":1,"minecraft:gravel":3,"minecraft:sand":40,"minecraft:amethyst_shard":2,"minecraft:blast_furnace":1,"minecraft:diamond_shovel":1,"minecraft:diamond":76,"minecraft:oak_sapling":3,"minecraft:coal":36,"minecraft:ender_pearl":1},"minecraft:used":{"minecraft:shield":3,"minecraft:iron_sword":10,"minecraft:cooked_chicken":5,"minecraft:torch":30,"minecraft:dirt":610,"create:cogwheel":3,"minecraft:tuff":7,"minecraft:lava_bucket":1,"minecraft:iron_axe":16,"minecraft:furnace":1,"tombstone:gift":1,"minecraft:cooked_beef":3,"minecraft:cobbled_deepslate":4,"minecraft:cooked_mutton":5,"minecraft:water_bucket":15,"minecraft:stone_pickaxe":203,"minecraft:wooden_pickaxe":3,"minecraft:diamond_axe":32,"minecraft:crafting_table":4,"minecraft:blast_furnace":2,"minecraft:dripstone_block":1,"minecraft:smoker":1,"minecraft:diamond_pickaxe":259,"minecraft:apple":3,"minecraft:diamond_shovel":612,"minecraft:bread":2,"minecraft:iron_pickaxe":250,"minecraft:stone_axe":3,"minecraft:cobblestone":64,"minecraft:bucket":18},"minecraft:mined":{"minecraft:tuff":12,"minecraft:deepslate_diamond_ore":74,"minecraft:obsidian":1,"minecraft:budding_amethyst":8,"minecraft:grass_block":373,"minecraft:raw_iron_block":1,"minecraft:furnace":3,"minecraft:iron_ore":25,"minecraft:cobbled_deepslate":1,"treechop:chopped_log":2,"minecraft:pointed_dripstone":4,"minecraft:deepslate_iron_ore":45,"minecraft:stone":88,"create:cogwheel":2,"minecraft:smoker":1,"minecraft:crafting_table":2,"minecraft:torch":2,"minecraft:blast_furnace":1,"minecraft:calcite":15,"supplementaries:wild_flax":3,"minecraft:cobblestone":1,"minecraft:copper_ore":6,"minecraft:wall_torch":2,"minecraft:amethyst_block":52,"minecraft:deepslate_copper_ore":35,"supplementaries:urn":5,"minecraft:lilac":1,"minecraft:grass":16,"minecraft:coal_ore":23,"minecraft:dripstone_block":1,"minecraft:gravel":1,"minecraft:sand":43,"minecraft:dirt":190,"minecraft:smooth_basalt":11,"minecraft:oak_leaves":2,"minecraft:deepslate":303},"minecraft:custom":{"minecraft:mob_kills":9,"minecraft:interact_with_crafting_table":18,"minecraft:time_since_death":7278,"minecraft:sprint_one_cm":138545,"minecraft:walk_one_cm":415525,"minecraft:damage_blocked_by_shield":101,"minecraft:drop":51,"minecraft:play_time":154628,"minecraft:deaths":4,"minecraft:sneak_time":4193,"minecraft:walk_under_water_one_cm":17062,"minecraft:jump":2138,"minecraft:interact_with_blast_furnace":18,"minecraft:walk_on_water_one_cm":21229,"minecraft:total_world_time":154628,"minecraft:interact_with_furnace":16,"minecraft:interact_with_stonecutter":1,"minecraft:sleep_in_bed":1,"minecraft:time_since_rest":7123,"minecraft:damage_taken":1303,"minecraft:damage_dealt":2544,"minecraft:swim_one_cm":44912,"minecraft:fly_one_cm":255782,"minecraft:player_kills":6,"minecraft:open_chest":20,"minecraft:crouch_one_cm":12885,"minecraft:interact_with_smoker":7,"minecraft:fall_one_cm":48600},"minecraft:dropped":{"minecraft:water_bucket":2,"minecraft:iron_ingot":1,"minecraft:bread":4,"minecraft:iron_sword":1,"minecraft:wheat_seeds":4,"minecraft:feather":7,"minecraft:oak_fence":1,"minecraft:iron_helmet":1,"minecraft:coal":1,"minecraft:stick":1,"minecraft:lava_bucket":1,"minecraft:dirt":1,"minecraft:mutton":1,"tombstone:grave_dust":1,"minecraft:iron_leggings":1,"create:iron_sheet":1,"minecraft:sand":12,"minecraft:gold_ingot":2,"minecraft:smooth_basalt":11,"minecraft:gravel":3,"minecraft:stone_axe":1,"minecraft:cobbled_deepslate":291,"minecraft:tuff":5,"minecraft:oak_planks":1,"minecraft:iron_boots":1,"minecraft:diamond_shovel":2,"minecraft:cooked_mutton":3,"supplementaries:flax_seeds":3,"minecraft:peony":1,"minecraft:iron_chestplate":1,"minecraft:oak_sapling":3,"minecraft:wooden_pickaxe":1,"minecraft:stone_pickaxe":1,"create:golden_sheet":6}},"DataVersion":3465}