{"stats":{"minecraft:custom":{"minecraft:mob_kills":132,"minecraft:open_barrel":56,"minecraft:damage_dealt_resisted":35169,"minecraft:time_since_death":317,"minecraft:climb_one_cm":304,"minecraft:damage_resisted":26374,"minecraft:time_since_rest":342,"minecraft:sprint_one_cm":442938,"minecraft:damage_taken":14158,"minecraft:walk_one_cm":507929,"minecraft:drop":29,"minecraft:damage_dealt":11959,"minecraft:swim_one_cm":8603,"minecraft:fly_one_cm":604632,"minecraft:player_kills":2,"minecraft:open_chest":14,"minecraft:crouch_one_cm":693,"minecraft:play_time":51211,"minecraft:deaths":24,"minecraft:sneak_time":121,"minecraft:walk_under_water_one_cm":3171,"minecraft:jump":739,"minecraft:walk_on_water_one_cm":6487,"minecraft:total_world_time":51211,"minecraft:fall_one_cm":41454},"minecraft:dropped":{"minecraft:porkchop":2,"jujutsucraft:uniform_itadori_leggings":1,"jujutsucraft:uniform_normal_leggings":2,"minecraft:tall_grass":1,"minecraft:chicken":1,"jujutsucraft:sword_black":1,"jujutsucraft:sword_okkotsu_yuta":1,"minecraft:oak_planks":2,"minecraft:lantern":2,"jujutsucraft:uniform_itadori_chestplate":3,"minecraft:chiseled_bookshelf":1,"jujutsucraft:uniform_normal_chestplate":2,"minecraft:item_frame":2,"minecraft:spruce_trapdoor":1,"minecraft:ladder":2,"minecraft:golden_sword":1,"jujutsucraftaddon:clan_changer":2,"minecraft:iron_axe":1,"minecraft:bow":1,"jujutsucraft:uniform_normal_boots":3,"minecraft:white_wool":1},"minecraft:killed_by":{"jujutsucraft:cursed_spirit_grade_214":1,"jujutsucraft:cursed_spirit_grade_36":1,"jujutsucraft:zenin_jinichi":1,"jujutsucraft:cursed_spirit_grade_39":1,"jujutsucraft:cursed_spirit_grade_313":1,"jujutsucraft:nishimiya_momo":1,"jujutsucraft:kumiya_juzo":3,"jujutsucraft:mimiko":1,"jujutsucraft:curse_user_1":1,"jujutsucraft:yoshino_junpei":1,"jujutsucraft:q":3,"jujutsucraft:shigemo_haruta":1,"jujutsucraft:miwa_kasumi":1,"jujutsucraft:hanami":1,"jujutsucraft:cursed_spirit_grade_29":1,"jujutsucraft:cursed_spirit_grade_315":2,"jujutsucraft:cursed_spirit_grade_316":1,"jujutsucraft:itadori_yuji_shibuya":1,"jujutsucraft:cursed_spirit_grade_32":1},"minecraft:used":{"jujutsucraft:sword_black":10,"jujutsucraft:sword_okkotsu_yuta":16},"minecraft:picked_up":{"minecraft:ladder":2,"minecraft:chicken":1,"minecraft:chiseled_bookshelf":1,"jujutsucraft:uniform_normal_boots":2,"minecraft:golden_sword":1,"minecraft:lantern":2,"jujutsucraft:uniform_normal_leggings":1,"minecraft:iron_axe":1,"minecraft:item_frame":2,"minecraft:bow":1,"jujutsucraft:uniform_itadori_chestplate":2,"jujutsucraftaddon:cellphone":4,"minecraft:written_book":6,"minecraft:tall_grass":1,"minecraft:oak_planks":2,"minecraft:spruce_trapdoor":1,"jujutsucraft:sword_okkotsu_yuta":2,"minecraft:porkchop":2,"jujutsucraft:uniform_normal_chestplate":1,"minecraft:white_wool":1},"minecraft:killed":{"jujutsucraft:mimiko":1,"jujutsucraft:cursed_spirit_grade_32":6,"jujutsucraft:transfigured_human_3":4,"jujutsucraft:cursed_spirit_grade_31":4,"jujutsucraft:cursed_spirit_grade_33":1,"minecraft:pig":1,"jujutsucraft:nue":1,"jujutsucraft:nanako":3,"jujutsucraft:cursed_spirit_grade_35":1,"jujutsucraft:cursed_spirit_grade_318":12,"jujutsucraft:curse_user_1":2,"jujutsucraft:cursed_spirit_grade_316":4,"jujutsucraft:cursed_spirit_grade_211":1,"jujutsucraft:curse_user":2,"jujutsucraft:kumiya_juzo":1,"jujutsucraft:cursed_spirit_grade_321":8,"jujutsucraft:cursed_spirit_grade_29":1,"jujutsucraft:cursed_spirit_grade_39":6,"jujutsucraft:cursed_spirit_grade_314":5,"jujutsucraft:cursed_spirit_grade_312":3,"jujutsucraft:cursed_spirit_grade_313":3,"jujutsucraft:cursed_spirit_grade_310":4,"jujutsucraft:cursed_spirit_grade_15":1,"jujutsucraft:cursed_spirit_grade_19":1,"jujutsucraft:cursed_spirit_grade_36":8,"jujutsucraft:cursed_spirit_grade_214":2,"jujutsucraft:cursed_spirit_grade_315":7,"jujutsucraft:cursed_spirit_grade_317":5,"jujutsucraft:cursed_spirit_grade_38":2,"jujutsucraft:cursed_spirit_grade_212":1,"jujutsucraft:cursed_spirit_grade_34":6,"jujutsucraft:cursed_spirit_grade_319":7,"jujutsucraft:cursed_spirit_grade_322":9,"jujutsucraft:transfigured_human_1":2,"minecraft:villager":2,"jujutsucraft:cursed_spirit_grade_27":1,"minecraft:cow":1}},"DataVersion":3465}