{"stats":{"minecraft:dropped":{"minecraft:golden_boots":1,"minecraft:birch_planks":3,"minecraft:wheat_seeds":9,"minecraft:tnt":2,"minecraft:glass_bottle":3,"minecraft:diamond":1,"minecraft:dripstone_block":2,"minecraft:cobblestone":2,"minecraft:mossy_stone_brick_stairs":1,"epicfight:stone_spear":2,"minecraft:cracked_stone_bricks":1,"minecraft:stick":33,"minecraft:dirt":14,"minecraft:cornflower":2,"minecraft:iron_door":1,"minecraft:snowball":27,"minecraft:iron_leggings":2,"minecraft:iron_axe":1,"minecraft:sand":6,"minecraft:iron_pickaxe":1,"minecraft:mossy_cobblestone_stairs":1,"minecraft:chainmail_leggings":1,"minecraft:string":19,"epicfight:stray_robe":2,"minecraft:bone":12,"epicfight:stray_pants":1,"minecraft:spruce_sapling":76,"minecraft:dandelion":2,"butcher:villagerbrain":2,"minecraft:stone_axe":2,"minecraft:blackstone":2,"create:ochrum":1,"immersivecaves:immersive_caves_guide":1,"butcher:villager_head_brain_remove":3,"minecraft:birch_sapling":1,"minecraft:rotten_flesh":51,"minecraft:iron_boots":1,"minecraft:nether_bricks":2,"butcher:sheep_corpse_item":1,"butcher:butchersguidebook":1,"minecraft:leather_chestplate":4,"minecraft:tipped_arrow":7,"minecraft:gunpowder":7,"minecraft:birch_trapdoor":1,"minecraft:iron_chestplate":2,"minecraft:quartz_block":4,"minecraft:oak_sapling":23,"minecraft:stone_pressure_plate":1,"minecraft:spider_eye":6,"minecraft:diamond_boots":1,"minecraft:slime_ball":7,"minecraft:iron_bars":61,"minecraft:arrow":49,"minecraft:wooden_pickaxe":1,"epicfight:skillbook":1},"minecraft:killed":{"minecraft:cave_spider":8,"minecraft:spider":14,"minecraft:slime":8,"minecraft:phantom":3,"minecraft:skeleton":25,"minecraft:pig":2,"minecraft:creeper":11,"minecraft:sheep":4,"minecraft:zombie":75,"minecraft:stray":18,"minecraft:wither_skeleton":6,"minecraft:enderman":1},"minecraft:custom":{"minecraft:mob_kills":180,"minecraft:interact_with_crafting_table":16,"minecraft:eat_cake_slice":6,"minecraft:leave_game":7,"minecraft:time_since_death":91120,"minecraft:climb_one_cm":3228,"minecraft:sprint_one_cm":781707,"minecraft:walk_one_cm":1093447,"minecraft:drop":191,"minecraft:play_time":219375,"minecraft:deaths":16,"minecraft:sneak_time":802,"minecraft:walk_under_water_one_cm":1431,"minecraft:jump":2206,"minecraft:walk_on_water_one_cm":26525,"minecraft:total_world_time":219375,"minecraft:time_since_rest":91147,"minecraft:damage_taken":10738,"minecraft:damage_absorbed":45,"minecraft:damage_dealt":31962,"minecraft:swim_one_cm":1144,"minecraft:fly_one_cm":721881,"minecraft:player_kills":1,"minecraft:open_chest":195,"minecraft:crouch_one_cm":2559,"minecraft:fall_one_cm":43651,"minecraft:horse_one_cm":727},"minecraft:broken":{"minecraft:chainmail_boots":1,"minecraft:iron_axe":1},"minecraft:used":{"minecraft:iron_bars":1,"minecraft:iron_shovel":4,"minecraft:iron_sword":208,"minecraft:torch":93,"paraglider:goddess_statue":3,"minecraft:dirt":1,"minecraft:cobblestone_wall":6,"minecraft:carrot":5,"minecraft:spruce_fence":6,"minecraft:milk_bucket":1,"wom:agony":251,"minecraft:lantern":1,"minecraft:iron_axe":125,"minecraft:barrel":4,"minecraft:birch_trapdoor":4,"minecraft:deepslate_tile_stairs":26,"minecraft:cooked_beef":20,"minecraft:water_bucket":2,"epicfight:skillbook":8,"minecraft:baked_potato":2,"minecraft:stone_pickaxe":61,"minecraft:oak_planks":4,"minecraft:blackstone":3,"minecraft:wooden_pickaxe":3,"minecraft:diamond_axe":244,"minecraft:golden_apple":4,"minecraft:crafting_table":3,"minecraft:spruce_log":4,"minecraft:diamond_pickaxe":186,"minecraft:apple":14,"minecraft:diamond_shovel":7,"minecraft:bread":43,"minecraft:iron_pickaxe":90,"minecraft:spruce_trapdoor":18,"minecraft:stone_axe":40,"minecraft:potion":5,"minecraft:bucket":3,"minecraft:experience_bottle":32},"minecraft:crafted":{"minecraft:oak_planks":68,"minecraft:coal":9,"minecraft:barrel":19,"minecraft:iron_nugget":36,"minecraft:spruce_fence":42,"minecraft:lantern":4,"minecraft:iron_axe":1,"minecraft:stone_pickaxe":1,"minecraft:cobblestone_wall":12,"minecraft:oak_slab":42,"minecraft:diamond_axe":1,"minecraft:crafting_table":1,"minecraft:spruce_planks":124,"minecraft:wooden_pickaxe":1,"minecraft:iron_helmet":3,"minecraft:stone_axe":1,"minecraft:spruce_trapdoor":18,"minecraft:iron_chestplate":1,"minecraft:stick":36,"minecraft:birch_trapdoor":4},"minecraft:killed_by":{"minecraft:player":2,"minecraft:stray":3,"minecraft:skeleton":4,"minecraft:zombie":6},"minecraft:mined":{"minecraft:stone_pressure_plate":1,"create:millstone":1,"minecraft:mossy_cobblestone":2,"minecraft:dark_oak_log":1,"minecraft:spruce_trapdoor":5,"minecraft:nether_bricks":1,"create:ochrum":1,"minecraft:coal_block":3,"iammusicplayer:boombox":1,"minecraft:deepslate_tile_stairs":2,"minecraft:spruce_leaves":5,"minecraft:spawner":99,"minecraft:mossy_cobblestone_stairs":1,"minecraft:iron_ore":9,"minecraft:chiseled_sandstone":1,"treechop:chopped_log":32,"butcher:villagerbrain":1,"minecraft:nether_brick_stairs":6,"minecraft:enchanting_table":1,"minecraft:mossy_stone_brick_stairs":1,"minecraft:vine":11,"minecraft:iron_bars":51,"minecraft:stone":83,"iammusicplayer:music_manager":1,"minecraft:quartz_block":35,"minecraft:blackstone":4,"butcher:sheepcorpse":1,"minecraft:cornflower":1,"minecraft:crafting_table":2,"minecraft:torch":7,"minecraft:tall_grass":3,"minecraft:iron_door":2,"minecraft:wall_torch":4,"minecraft:birch_planks":8,"minecraft:birch_trapdoor":1,"minecraft:tnt":1,"minecraft:stone_brick_stairs":1,"minecraft:grass":7,"minecraft:sand":6,"minecraft:dripstone_block":1,"minecraft:dirt":1,"minecraft:cracked_stone_bricks":3,"minecraft:stone_bricks":1,"minecraft:mossy_stone_bricks":3,"minecraft:oak_leaves":4,"paraglider:goddess_statue":4},"minecraft:picked_up":{"minecraft:crafting_table":2,"minecraft:iron_chestplate":1,"butcher:villagerbrain":2,"minecraft:stone_brick_stairs":1,"minecraft:shield":3,"epicfight:stray_pants":1,"minecraft:cornflower":2,"paraglider:goddess_statue":4,"minecraft:string":26,"minecraft:iron_axe":1,"epicfight:stray_hat":2,"minecraft:iron_leggings":2,"minecraft:blackstone":5,"minecraft:cracked_stone_bricks":3,"minecraft:coal_block":3,"minecraft:birch_sapling":1,"minecraft:spruce_trapdoor":5,"minecraft:phantom_membrane":5,"minecraft:iron_boots":1,"minecraft:golden_helmet":1,"minecraft:tipped_arrow":8,"minecraft:stick":42,"minecraft:raw_iron":9,"minecraft:birch_trapdoor":1,"minecraft:torch":11,"epicfight:skillbook":6,"butcher:sheep_corpse_item":2,"minecraft:porkchop":2,"minecraft:deepslate_tile_stairs":2,"minecraft:stone_pressure_plate":1,"minecraft:tnt":2,"minecraft:quartz_block":17,"minecraft:arrow":53,"minecraft:rotten_flesh":78,"minecraft:nether_bricks":2,"create:ochrum":1,"butcher:villager_head_brain_remove":3,"epicfight:stray_robe":3,"minecraft:mutton":7,"minecraft:iron_bars":63,"iammusicplayer:boombox":1,"minecraft:snowball":27,"minecraft:white_wool":4,"minecraft:cobblestone":85,"minecraft:enchanting_table":1,"minecraft:leather_chestplate":4,"epicfight:stone_spear":2,"minecraft:iron_door":1,"minecraft:golden_leggings":1,"minecraft:birch_planks":15,"paraglider:spirit_orb":178,"minecraft:oak_log":59,"minecraft:chainmail_chestplate":1,"minecraft:golden_boots":1,"minecraft:gunpowder":9,"minecraft:lapis_lazuli":5,"minecraft:dirt":15,"minecraft:bone":56,"minecraft:apple":2,"minecraft:stone_bricks":1,"minecraft:wheat_seeds":9,"minecraft:mossy_stone_bricks":3,"minecraft:diamond_helmet":1,"minecraft:mossy_stone_brick_stairs":1,"minecraft:book":5,"minecraft:music_disc_13":1,"minecraft:dandelion":2,"minecraft:dripstone_block":2,"minecraft:sand":6,"minecraft:spruce_sapling":76,"minecraft:nether_brick_stairs":6,"minecraft:spruce_log":193,"minecraft:spider_eye":9,"minecraft:mossy_cobblestone":3,"minecraft:slime_ball":7,"minecraft:diamond":4,"minecraft:stone_axe":2,"minecraft:golden_apple":2,"minecraft:mossy_cobblestone_stairs":1,"minecraft:bread":30,"minecraft:oak_sapling":23,"minecraft:coal":9}},"DataVersion":3465}