{"stats":{"minecraft:killed":{"jujutsucraft:mimiko":8,"jujutsucraft:cursed_spirit_grade_32":42,"jujutsucraft:transfigured_human_3":26,"jujutsucraft:cursed_spirit_grade_21":17,"jujutsucraft:dhruv_lakdawalla":3,"jujutsucraft:cursed_spirit_grade_31":16,"jujutsucraft:inumaki_toge":3,"jujutsucraft:cursed_spirit_grade_33":53,"jujutsucraft:reggie_star":3,"jujutsucraft:stevenson_screen":7,"jujutsucraft:ishigori_ryu":1,"jujutsucraft:kaichi":2,"jujutsucraft:daido_hagane":3,"jujutsucraft:nue":2,"jujutsucraft:nanako":11,"jujutsucraft:cursed_spirit_grade_11":14,"jujutsucraft:charles_bernard":5,"jujutsucraft:zenin_naobito":3,"jujutsucraft:doll_1":18,"jujutsucraft:liquid_metal":1,"jujutsucraft:zenin_naoya":3,"jujutsucraft:cursed_spirit_grade_12":15,"jujutsucraft:cursed_spirit_grade_24":8,"jujutsucraft:miguel":2,"jujutsucraft:energy_ball_white":1,"jujutsucraft:cursed_spirit_grade_37":18,"jujutsucraft:cursed_spirit_grade_35":15,"jujutsucraft:yoshino_junpei":6,"jujutsucraft:rock_fragment":9,"jujutsucraftaddon:gojo_school":4,"minecraft:cod":125,"jujutsucraft:cursed_spirit_grade_318":116,"jujutsucraft:mahito":2,"jujutsucraft:cursed_spirit_grade_316":17,"jujutsucraft:cursed_spirit_grade_26":11,"jujutsucraft:geto_suguru":3,"minecraft:dolphin":10,"jujutsucraft:cursed_spirit_grade_22":12,"jujutsucraft:kumiya_juzo":5,"jujutsucraft:transfigured_human_2":30,"jujutsucraft:wooden_spear_2":21,"jujutsucraft:cursed_spirit_grade_03":3,"jujutsucraft:cursed_spirit_grade_01":5,"jujutsucraft:zenin_naoya_cursed_spirit_1":1,"jujutsucraft:shikigami_pterosaur":4,"jujutsucraft:miwa_kasumi":7,"jujutsucraft:cursed_spirit_grade_04":3,"jujutsucraft:cursed_spirit_grade_05":1,"jujutsucraft:cursed_spirit_grade_39":173,"jujutsucraft:fox_fire":27,"jujutsucraft:shigemo_haruta":5,"jujutsucraft:cursed_spirit_grade_312":26,"jujutsucraft:cursed_spirit_grade_313":22,"jujutsucraft:cursed_spirit_grade_215":8,"jujutsucraft:larue":2,"minecraft:bee":46,"jujutsucraft:fushiguro_toji_bug":1,"jujutsucraft:flame_arrow":2,"jujutsucraft:cursed_spirit_grade_15":17,"minecraft:chicken":83,"jujutsucraft:kechizu":3,"jujutsucraft:cursed_spirit_grade_19":8,"jujutsucraft:cursed_spirit_grade_16":10,"jujutsucraft:toad":2,"jujutsucraft:rabbit_escape":9,"jujutsucraft:fushiguro_toji":12,"jujutsucraft:rozetsu_shikigami":8,"jujutsucraft:fist":4,"jujutsucraft:cursed_spirit_grade_08":1,"jujutsucraft:cursed_spirit_grade_23":7,"jujutsucraft:cursed_spirit_grade_214":10,"jujutsucraft:zenin_ogi":1,"jujutsucraft:itadori_yuji_shibuya":2,"jujutsucraft:eso":6,"jujutsucraft:cursed_spirit_grade_317":75,"jujutsucraft:cursed_spirit_grade_38":33,"jujutsucraft:cursed_spirit_grade_34":74,"jujutsucraft:nanami_kento":1,"jujutsucraft:transfigured_human_1":12,"jujutsucraft:kurusu_hana":5,"jujutsucraft:higuruma_hiromi":2,"jujutsucraft:nobara_kugisaki":4,"jujutsucraft:cursed_spirit_grade_27":7,"jujutsucraft:mei_mei":1,"jujutsucraft:hazenoki":1,"jujutsucraft:zenin_naoya_cursed_spirit_2":1,"jujutsucraft:ember_insect":1,"jujutsucraft:kusakabe_yatsuya":2,"jujutsucraft:dagon_2":2,"jujutsucraft:eight_handled_swrod_divergent_sila_divine_general_mahoraga":1,"jujutsucraft:uraume":5,"jujutsucraft:cursed_spirit_grade_210":24,"minecraft:wolf":10,"jujutsucraft:entity_door":4,"jujutsucraft:garuda":1,"minecraft:pig":50,"jujutsucraft:zenin_chojuro":3,"jujutsucraft:dagon_1":2,"jujutsucraft:kukuru":13,"jujutsucraft:ice_spear_2":34,"jujutsucraft:jujutsu_sorcerer":25,"jujutsucraft:nishimiya_momo":4,"minecraft:salmon":81,"jujutsucraft:itadori_yuji_shinjuku":1,"jujutsucraft:cursed_spirit_grade_213":5,"jujutsucraft:awasaka_jiro":5,"jujutsucraft:zenin_jinichi":1,"jujutsucraft:cursed_spirit_grade_09":3,"minecraft:bat":60,"jujutsucraft:choso":2,"jujutsucraft:zenin_maki":7,"jujutsucraft:hakari_kinji":1,"minecraft:wandering_trader":1,"jujutsucraft:bathynomus_giganteus":2,"jujutsucraft:coffin":1,"jujutsucraft:curse_user_1":11,"jujutsucraft:cursed_spirit_grade_211":22,"jujutsucraft:zenin_ranta":1,"jujutsucraft:curse_user":26,"jujutsucraft:mechamaru":1,"jujutsucraft:cursed_spirit_grade_07":2,"jujutsucraft:yaga_masamichi":2,"jujutsucraft:itadori_yuji":4,"minecraft:squid":763,"jujutsucraft:divine_dog_white":1,"jujutsucraft:cursed_spirit_grade_321":68,"jujutsucraft:zenin_naoya_cursed_spirit_3":1,"jujutsucraft:polymorphic_soul_isomer":6,"minecraft:sheep":64,"jujutsucraft:panda_gorilla":2,"jujutsucraft:jogo":1,"jujutsucraft:cursed_spirit_grade_29":12,"jujutsucraft:cursed_spirit_grade_28":10,"minecraft:trader_llama":2,"jujutsucraft:blue":2,"jujutsucraft:rozetsu":2,"jujutsucraft:cursed_spirit_grade_314":86,"jujutsucraft:entity_scissors":3,"jujutsucraft:cursed_spirit_grade_14":20,"jujutsucraft:crow":13,"jujutsucraft:cockroaches":21,"jujutsucraft:cursed_spirit_grade_311":28,"jujutsucraft:cursed_spirit_grade_310":58,"jujutsucraft:cursed_spirit_grade_13":7,"jujutsucraft:negi_toshihisa":7,"jujutsucraft:slicing_exorcism":2,"jujutsucraft:cursed_spirit_grade_18":14,"jujutsucraft:cursed_spirit_grade_17":14,"jujutsucraft:cursed_spirit_grade_36":83,"jujutsucraft:uro_takako":3,"jujutsucraft:cursed_spirit_grade_25":13,"jujutsucraft:hanami":1,"jujutsucraft:moon_dregs":10,"jujutsucraft:cursed_spirit_grade_110":2,"jujutsucraft:cursed_spirit_grade_315":44,"jujutsucraft:cursed_spirit_grade_212":13,"jujutsucraft:cursed_spirit_grade_322":44,"jujutsucraft:killer_1":1,"jujutsucraft:cursed_spirit_grade_319":62,"jujutsucraft:hoshi_kirara":2,"jujutsucraft:cursed_spirit_grade_02":3,"jujutsucraft:geto_suguru_curse_user":1,"jujutsucraft:takaba_fumihiko":1,"jujutsucraft:ice_spear":3,"jujutsucraft:kamo_noritoshi":7,"jujutsucraft:ino_takuma":5,"jujutsucraft:sea_serpent_mini":28,"jujutsucraft:fushiguro_megumi":7,"jujutsucraft:q":17,"jujutsucraft:wooden_ball_1":22,"minecraft:cow":55,"jujutsucraft:entity_tornado":2,"jujutsucraft:gravestone_3":1,"jujutsucraft:ogami":6},"minecraft:custom":{"minecraft:mob_kills":3624,"minecraft:open_barrel":13,"minecraft:damage_dealt_resisted":4141588,"minecraft:leave_game":6,"minecraft:time_since_death":18575,"minecraft:climb_one_cm":2024,"minecraft:damage_resisted":601750,"minecraft:walk_one_cm":2907966,"minecraft:sprint_one_cm":1422457,"minecraft:drop":101,"minecraft:play_time":245891,"minecraft:sneak_time":3797,"minecraft:deaths":136,"minecraft:walk_under_water_one_cm":5766,"minecraft:jump":2811,"minecraft:walk_on_water_one_cm":10780,"minecraft:total_world_time":245891,"minecraft:time_since_rest":18597,"minecraft:damage_taken":174629,"minecraft:damage_dealt":114010,"minecraft:swim_one_cm":2334,"minecraft:player_kills":217,"minecraft:fly_one_cm":3417334,"minecraft:open_chest":11,"minecraft:crouch_one_cm":37305,"minecraft:fall_one_cm":257187},"minecraft:used":{"jujutsucraft:sukuna_finger":2,"jujutsucraft:playful_cloud":12,"jujutsucraft:sword_black":99,"jujutsucraft:uniform_normal_boots":1,"jujutsucraft:split_soul_katana":581,"jujutsucraft:inverted_spear_of_heaven":34},"minecraft:picked_up":{"minecraft:chicken":10,"jujutsucraft:uniform_normal_boots":2,"jujutsucraftaddon:simple_domain_scroll":1,"jujutsucraft:clothes_zenin_boots":1,"jujutsucraft:sword_black":1,"minecraft:birch_sapling":9,"minecraft:stick":6,"minecraft:stone":23,"jujutsucraft:playful_cloud":3,"minecraft:polished_blackstone_bricks":4,"minecraft:diorite":1,"minecraft:vine":1,"jujutsucraft:clothes_fushiguro_toji_leggings":5,"minecraft:peony":1,"jujutsucraft:armor_instant_spirit_bodyof_distorted_killing_leggings":1,"jujutsucraft:mahito_hand_2":1,"minecraft:mutton":7,"minecraft:skeleton_skull":1,"minecraft:white_wool":2,"minecraft:cobblestone":1,"minecraft:feather":9,"minecraft:salmon":2,"minecraft:andesite":3,"jujutsucraft:sukuna_finger":2,"jujutsucraft:inverted_spear_of_heaven":1,"minecraft:lantern":1,"minecraft:dirt":8,"jujutsucraft:pendant_todo_aoi":1,"minecraft:apple":1,"jujutsucraft:split_soul_katana":1,"jujutsucraft:mei_mei_axe":2,"jujutsucraft:clothes_zenin_2_leggings":3,"jujutsucraft:nyoi_staff":1,"minecraft:gravel":2,"minecraft:ink_sac":11,"minecraft:grass_block":5,"jujutsucraft:uniform_q_chestplate":1,"minecraft:granite":1,"minecraft:spruce_sign":4,"minecraft:oak_sapling":5,"minecraft:black_wool":2,"minecraft:oak_leaves":4},"minecraft:killed_by":{"jujutsucraft:cursed_spirit_grade_321":1,"jujutsucraft:choso":3,"jujutsucraft:cursed_spirit_grade_01":9,"jujutsucraft:itadori_yuji":1,"jujutsucraft:cursed_spirit_grade_15":1,"jujutsucraft:cursed_spirit_grade_39":1,"minecraft:player":15,"jujutsucraft:cursed_spirit_grade_16":5,"jujutsucraft:kenjaku":1,"jujutsucraft:cursed_spirit_grade_17":1,"jujutsucraft:cursed_spirit_grade_12":3,"jujutsucraft:cursed_spirit_grade_05":2,"jujutsucraft:cursed_spirit_grade_03":1,"jujutsucraft:cursed_spirit_grade_22":2,"jujutsucraft:zenin_naoya_cursed_spirit_1":1,"jujutsucraft:curse_user_1":4,"jujutsucraft:uzumaki":1,"jujutsucraft:yoshino_junpei":1,"jujutsucraft:tsukumo_yuki":1,"jujutsucraft:kusakabe_yatsuya":2,"jujutsucraft:fushiguro_toji":9,"jujutsucraft:sukuna":17,"jujutsucraft:hanami":2,"jujutsucraft:eso":16,"jujutsucraft:curse_user":1,"jujutsucraft:dagon_2":2,"jujutsucraft:okkotsu_yuta":1,"jujutsucraft:zenin_maki":2,"jujutsucraft:kurusu_hana":1,"jujutsucraft:reggie_star":2,"jujutsucraft:negi_toshihisa":3,"jujutsucraft:jogo":2,"jujutsucraft:higuruma_hiromi":1,"jujutsucraft:moon_dregs":1,"jujutsucraft:larue":1,"jujutsucraft:ino_takuma":1,"jujutsucraft:ishigori_ryu":1,"jujutsucraft:zenin_naoya":1,"jujutsucraft:purple":1,"jujutsucraft:cursed_spirit_grade_29":1,"jujutsucraftaddon:sukuna_no_shirt":10,"jujutsucraft:itadori_yuji_shibuya":1,"jujutsucraft:geto_suguru_curse_user":1},"minecraft:mined":{"minecraft:glass_pane":2},"minecraft:dropped":{"minecraft:spruce_sign":4,"minecraft:vine":1,"jujutsucraft:uniform_itadori_leggings":1,"jujutsucraftaddon:random_ct_changer":1,"minecraft:cobblestone":1,"minecraft:feather":7,"jujutsucraft:sword_black":2,"minecraft:lantern":1,"minecraft:apple":1,"minecraft:granite":1,"minecraft:grass_block":5,"minecraft:stick":6,"minecraft:dirt":8,"minecraft:diorite":1,"minecraft:ink_sac":11,"jujutsucraft:uniform_q_chestplate":1,"minecraft:mutton":7,"jujutsucraft:mei_mei_axe":2,"jujutsucraftaddon:cellphone":1,"minecraft:polished_blackstone_bricks":4,"minecraft:white_wool":2,"minecraft:gravel":2,"jujutsucraft:nyoi_staff":1,"jujutsucraft:uniform_normal_leggings":1,"jujutsucraft:playful_cloud":3,"minecraft:birch_sapling":9,"minecraft:chicken":10,"jujutsucraft:uniform_itadori_chestplate":1,"minecraft:salmon":2,"jujutsucraft:uniform_normal_chestplate":1,"jujutsucraft:mahito_hand_2":1,"jujutsucraft:clothes_fushiguro_toji_leggings":6,"minecraft:stone":23,"minecraft:peony":1,"minecraft:skeleton_skull":1,"jujutsucraft:clothes_zenin_2_leggings":3,"minecraft:andesite":3,"minecraft:oak_sapling":5,"jujutsucraftaddon:simple_domain_scroll":2,"jujutsucraft:clothes_zenin_boots":2,"jujutsucraft:uniform_normal_boots":3,"minecraft:oak_leaves":4,"minecraft:black_wool":2}},"DataVersion":3465}