{"stats":{"minecraft:killed_by":{"minecraft:player":1,"minecraft:creeper":4,"sanitydim:sneaking_terror":1,"minecraft:skeleton":4,"minecraft:zombie":1,"cave_dweller:cave_dweller":1},"minecraft:crafted":{"minecraft:stone_shovel":1,"minecraft:furnace":1,"edible_monsters:cooked_flesh":5,"sanitydim:garland":4,"minecraft:cooked_mutton":14,"minecraft:iron_boots":1,"minecraft:iron_axe":1,"minecraft:stone_pickaxe":2,"minecraft:chest":1,"sophisticatedbackpacks:iron_backpack":1,"minecraft:cooked_beef":23,"minecraft:deepslate":452,"sophisticatedbackpacks:backpack":1,"minecraft:crafting_table":3,"minecraft:spruce_planks":96,"minecraft:wooden_pickaxe":1,"minecraft:iron_helmet":1,"sophisticatedbackpacks:gold_backpack":1,"minecraft:stone_axe":1,"minecraft:air":0,"minecraft:iron_chestplate":1,"minecraft:diamond_pickaxe":1,"minecraft:shield":1,"minecraft:iron_ingot":56,"minecraft:iron_shovel":1,"minecraft:iron_leggings":1,"minecraft:gold_ingot":9,"minecraft:acacia_planks":24,"minecraft:torch":56},"minecraft:picked_up":{"minecraft:crafting_table":3,"minecraft:allium":11,"minecraft:flower_pot":2,"minecraft:stone_slab":1,"dynamictrees:spruce_seed":8,"minecraft:wooden_pickaxe":1,"boh:spinel":3,"minecraft:cornflower":1,"minecraft:string":8,"minecraft:cracked_stone_bricks":2,"minecraft:beef":14,"minecraft:iron_nugget":3,"dynamictrees:oak_seed":5,"minecraft:spruce_trapdoor":2,"minecraft:furnace":3,"minecraft:stick":42,"minecraft:raw_iron":20,"minecraft:torch":1,"minecraft:acacia_log":6,"minecraft:spruce_stairs":2,"minecraft:porkchop":2,"dtterralith:moonlight_pine_seed":1,"minecraft:rotten_flesh":13,"minecraft:red_tulip":21,"minecraft:totem_of_undying":1,"minecraft:mutton":11,"minecraft:white_wool":8,"minecraft:cobblestone":70,"minecraft:andesite":2,"minecraft:leather":4,"minecraft:smoker":1,"minecraft:gunpowder":2,"minecraft:dirt":7,"minecraft:cooked_mutton":1,"minecraft:stone_bricks":2,"minecraft:wheat_seeds":7,"minecraft:orange_tulip":4,"minecraft:raw_gold":7,"minecraft:stone_pickaxe":1,"minecraft:grindstone":1,"minecraft:oak_planks":1,"minecraft:black_candle":1,"dynamictrees:acacia_seed":5,"minecraft:blast_furnace":3,"minecraft:spruce_log":24,"minecraft:lily_of_the_valley":1,"minecraft:oak_sapling":1,"minecraft:coal":94},"minecraft:custom":{"minecraft:mob_kills":75,"minecraft:interact_with_crafting_table":34,"minecraft:open_barrel":7,"minecraft:eat_cake_slice":5,"minecraft:leave_game":3,"minecraft:time_since_death":39803,"minecraft:climb_one_cm":1360,"minecraft:sprint_one_cm":226540,"minecraft:walk_one_cm":633860,"minecraft:damage_blocked_by_shield":2217,"minecraft:drop":87,"minecraft:damage_dealt_absorbed":80,"minecraft:play_time":210861,"minecraft:deaths":14,"minecraft:sneak_time":1333,"minecraft:walk_under_water_one_cm":4762,"minecraft:jump":2282,"minecraft:interact_with_blast_furnace":10,"minecraft:walk_on_water_one_cm":6025,"minecraft:total_world_time":210861,"minecraft:interact_with_furnace":66,"minecraft:sleep_in_bed":2,"minecraft:time_since_rest":39830,"minecraft:damage_taken":6790,"minecraft:damage_dealt":12938,"minecraft:swim_one_cm":3063,"minecraft:fly_one_cm":312633,"minecraft:player_kills":2,"minecraft:open_chest":27,"minecraft:crouch_one_cm":2885,"minecraft:aviate_one_cm":491586,"minecraft:interact_with_smoker":20,"minecraft:fall_one_cm":48089},"minecraft:broken":{"sanitydim:garland":3,"minecraft:stone_pickaxe":1,"minecraft:stone_axe":1},"minecraft:dropped":{"minecraft:water_bucket":1,"minecraft:wheat_seeds":15,"boh:spinel":15,"minecraft:cobblestone":3,"minecraft:cracked_stone_bricks":2,"dynamictrees:spruce_seed":8,"minecraft:spruce_stairs":2,"minecraft:coal":9,"minecraft:dirt":7,"minecraft:black_candle":1,"minecraft:torch":13,"minecraft:cornflower":1,"minecraft:wooden_axe":1,"minecraft:oak_stairs":1,"dtterralith:moonlight_pine_seed":1,"minecraft:string":1,"minecraft:white_wool":4,"dynamictrees:acacia_seed":5,"minecraft:acacia_planks":24,"minecraft:cauldron":1,"minecraft:bone":2,"minecraft:furnace":3,"minecraft:iron_nugget":3,"minecraft:dragon_head":1,"dynamictrees:oak_seed":5,"minecraft:stone_shovel":1,"minecraft:pointed_dripstone":1,"minecraft:wither_skeleton_skull":1,"minecraft:oak_planks":1,"minecraft:stone_slab":1,"minecraft:blast_furnace":1,"minecraft:flower_pot":2,"minecraft:gunpowder":2,"minecraft:allium":3,"minecraft:spruce_trapdoor":2,"minecraft:diamond_pickaxe":1,"minecraft:andesite":12,"sanitydim:garland":1,"minecraft:oak_sapling":1,"minecraft:stone_bricks":2,"minecraft:wooden_pickaxe":2,"minecraft:arrow":1,"minecraft:bow":1,"minecraft:stone_pickaxe":2},"minecraft:killed":{"minecraft:spider":10,"minecraft:skeleton":6,"boh:rat":1,"minecraft:pig":2,"minecraft:creeper":5,"minecraft:sheep":9,"minecraft:zombie":22,"boh:gray_alien":2,"minecraft:cow":12},"minecraft:used":{"minecraft:iron_shovel":137,"minecraft:shield":48,"minecraft:torch":36,"sanitydim:garland":1,"minecraft:iron_axe":112,"minecraft:iron_boots":1,"minecraft:smooth_basalt":1,"minecraft:furnace":3,"minecraft:cooked_beef":21,"minecraft:cobbled_deepslate":1,"minecraft:cooked_mutton":12,"edible_monsters:cooked_flesh":5,"minecraft:stone_pickaxe":173,"minecraft:wooden_pickaxe":3,"minecraft:crafting_table":6,"minecraft:blast_furnace":3,"minecraft:cod":1,"minecraft:smoker":2,"minecraft:diamond_pickaxe":1168,"minecraft:iron_pickaxe":231,"minecraft:deepslate":952,"minecraft:stone_axe":84,"minecraft:cobblestone":1},"minecraft:mined":{"minecraft:tuff":76,"minecraft:deepslate_diamond_ore":3,"minecraft:glow_lichen":1,"minecraft:spruce_trapdoor":2,"minecraft:granite":4,"minecraft:allium":11,"minecraft:grass_block":4,"dynamictrees:oak_leaves":1,"minecraft:furnace":6,"minecraft:iron_ore":66,"minecraft:cobbled_deepslate":17,"minecraft:fire":5,"minecraft:andesite":34,"minecraft:deepslate_lapis_ore":5,"minecraft:red_tulip":22,"minecraft:pointed_dripstone":1,"minecraft:deepslate_iron_ore":11,"minecraft:oak_stairs":1,"minecraft:stone":153,"minecraft:red_bed":1,"minecraft:lily_of_the_valley":1,"minecraft:smoker":2,"minecraft:crafting_table":3,"minecraft:cornflower":1,"minecraft:torch":3,"minecraft:blast_furnace":3,"minecraft:stone_slab":1,"minecraft:tall_grass":27,"minecraft:copper_ore":1,"minecraft:cobblestone":4,"minecraft:grindstone":1,"minecraft:deepslate_gold_ore":2,"minecraft:potted_oak_sapling":1,"minecraft:damaged_anvil":1,"minecraft:wall_torch":4,"minecraft:cauldron":1,"minecraft:deepslate_copper_ore":12,"minecraft:spruce_stairs":2,"boh:spinel_ore_ore":15,"minecraft:lava_cauldron":1,"minecraft:orange_tulip":4,"minecraft:grass":28,"minecraft:coal_ore":93,"minecraft:gravel":45,"minecraft:cyan_carpet":1,"minecraft:dirt":93,"minecraft:cracked_stone_bricks":2,"minecraft:smooth_basalt":3,"minecraft:stone_bricks":2,"minecraft:gold_ore":7,"minecraft:oak_leaves":2,"minecraft:deepslate":1030,"minecraft:fern":2}},"DataVersion":3465}