{"stats":{"minecraft:dropped":{"minecraft:golden_boots":1,"minecraft:wheat_seeds":5,"minecraft:tnt":2,"minecraft:glass_bottle":3,"minecraft:dripstone_block":2,"minecraft:cobblestone":2,"minecraft:mossy_stone_brick_stairs":1,"minecraft:cracked_stone_bricks":1,"minecraft:cornflower":1,"minecraft:iron_door":1,"minecraft:iron_leggings":2,"minecraft:iron_axe":1,"minecraft:iron_pickaxe":1,"minecraft:mossy_cobblestone_stairs":1,"minecraft:chainmail_leggings":1,"minecraft:string":11,"epicfight:stray_robe":2,"minecraft:dandelion":1,"minecraft:bone":5,"minecraft:blackstone":2,"create:ochrum":1,"immersivecaves:immersive_caves_guide":1,"minecraft:birch_sapling":1,"minecraft:rotten_flesh":24,"minecraft:iron_boots":1,"minecraft:nether_bricks":2,"butcher:butchersguidebook":1,"minecraft:leather_chestplate":4,"minecraft:tipped_arrow":6,"minecraft:iron_chestplate":2,"minecraft:quartz_block":3,"minecraft:oak_sapling":23,"minecraft:stone_pressure_plate":1,"minecraft:spider_eye":2,"minecraft:diamond_boots":1,"minecraft:slime_ball":7,"minecraft:iron_bars":53,"minecraft:arrow":25,"minecraft:wooden_pickaxe":1,"epicfight:skillbook":1},"minecraft:killed":{"minecraft:cave_spider":4,"minecraft:spider":9,"minecraft:slime":8,"minecraft:skeleton":9,"minecraft:pig":2,"minecraft:sheep":4,"minecraft:zombie":46,"minecraft:stray":13,"minecraft:wither_skeleton":3},"minecraft:custom":{"minecraft:mob_kills":102,"minecraft:interact_with_crafting_table":6,"minecraft:eat_cake_slice":6,"minecraft:leave_game":6,"minecraft:time_since_death":34954,"minecraft:climb_one_cm":2163,"minecraft:sprint_one_cm":577010,"minecraft:walk_one_cm":692245,"minecraft:drop":105,"minecraft:play_time":122203,"minecraft:deaths":15,"minecraft:sneak_time":169,"minecraft:walk_under_water_one_cm":1036,"minecraft:jump":1448,"minecraft:walk_on_water_one_cm":8945,"minecraft:total_world_time":122203,"minecraft:time_since_rest":34982,"minecraft:damage_taken":8881,"minecraft:damage_absorbed":45,"minecraft:damage_dealt":17777,"minecraft:swim_one_cm":1144,"minecraft:fly_one_cm":463268,"minecraft:player_kills":1,"minecraft:open_chest":152,"minecraft:crouch_one_cm":317,"minecraft:fall_one_cm":20726,"minecraft:horse_one_cm":727},"minecraft:broken":{"minecraft:chainmail_boots":1,"minecraft:iron_axe":1},"minecraft:used":{"minecraft:iron_bars":1,"minecraft:iron_shovel":4,"minecraft:iron_sword":160,"minecraft:torch":60,"paraglider:goddess_statue":3,"minecraft:carrot":5,"minecraft:iron_axe":125,"minecraft:cooked_beef":20,"epicfight:skillbook":8,"minecraft:water_bucket":2,"minecraft:stone_pickaxe":61,"minecraft:baked_potato":2,"minecraft:oak_planks":4,"minecraft:blackstone":3,"minecraft:wooden_pickaxe":3,"minecraft:diamond_axe":33,"minecraft:golden_apple":4,"minecraft:crafting_table":3,"minecraft:diamond_pickaxe":42,"minecraft:apple":10,"minecraft:bread":14,"minecraft:iron_pickaxe":90,"minecraft:stone_axe":40,"minecraft:potion":5,"minecraft:bucket":3,"minecraft:experience_bottle":12},"minecraft:crafted":{"minecraft:oak_planks":52,"minecraft:coal":9,"minecraft:iron_axe":1,"minecraft:stone_pickaxe":1,"minecraft:diamond_axe":1,"minecraft:crafting_table":1,"minecraft:wooden_pickaxe":1,"minecraft:iron_helmet":3,"minecraft:stone_axe":1,"minecraft:iron_chestplate":1,"minecraft:stick":8},"minecraft:killed_by":{"minecraft:player":2,"minecraft:stray":3,"minecraft:skeleton":4,"minecraft:zombie":5},"minecraft:mined":{"minecraft:stone_pressure_plate":1,"minecraft:mossy_cobblestone":2,"minecraft:nether_bricks":1,"create:ochrum":1,"minecraft:coal_block":1,"minecraft:spawner":66,"minecraft:mossy_cobblestone_stairs":1,"minecraft:iron_ore":9,"treechop:chopped_log":5,"minecraft:enchanting_table":1,"minecraft:nether_brick_stairs":2,"minecraft:mossy_stone_brick_stairs":1,"minecraft:vine":2,"minecraft:iron_bars":43,"minecraft:stone":19,"minecraft:quartz_block":20,"minecraft:blackstone":4,"minecraft:crafting_table":2,"minecraft:torch":5,"minecraft:tall_grass":3,"minecraft:iron_door":2,"minecraft:wall_torch":3,"minecraft:tnt":1,"minecraft:stone_brick_stairs":1,"minecraft:grass":2,"minecraft:dripstone_block":1,"minecraft:cracked_stone_bricks":3,"minecraft:stone_bricks":1,"minecraft:mossy_stone_bricks":1,"minecraft:oak_leaves":4,"paraglider:goddess_statue":4},"minecraft:picked_up":{"minecraft:crafting_table":2,"minecraft:iron_chestplate":1,"minecraft:stone_brick_stairs":1,"minecraft:shield":2,"minecraft:cornflower":1,"paraglider:goddess_statue":4,"minecraft:string":15,"minecraft:iron_axe":1,"epicfight:stray_hat":1,"minecraft:iron_leggings":2,"minecraft:blackstone":5,"minecraft:cracked_stone_bricks":3,"minecraft:coal_block":1,"minecraft:birch_sapling":1,"minecraft:phantom_membrane":3,"minecraft:iron_boots":1,"minecraft:golden_helmet":1,"minecraft:tipped_arrow":7,"minecraft:stick":9,"minecraft:raw_iron":9,"minecraft:torch":8,"epicfight:skillbook":6,"minecraft:porkchop":2,"minecraft:stone_pressure_plate":1,"minecraft:tnt":2,"minecraft:quartz_block":14,"minecraft:arrow":27,"minecraft:rotten_flesh":49,"minecraft:nether_bricks":2,"create:ochrum":1,"epicfight:stray_robe":3,"minecraft:mutton":7,"minecraft:iron_bars":55,"minecraft:white_wool":4,"minecraft:cobblestone":21,"minecraft:enchanting_table":1,"minecraft:leather_chestplate":4,"minecraft:iron_door":1,"paraglider:spirit_orb":136,"minecraft:oak_log":58,"minecraft:chainmail_chestplate":1,"minecraft:golden_boots":1,"minecraft:lapis_lazuli":5,"minecraft:bone":27,"minecraft:apple":2,"minecraft:stone_bricks":1,"minecraft:wheat_seeds":5,"minecraft:mossy_stone_bricks":1,"minecraft:diamond_helmet":1,"minecraft:mossy_stone_brick_stairs":1,"minecraft:book":5,"minecraft:dandelion":1,"minecraft:dripstone_block":2,"minecraft:nether_brick_stairs":2,"minecraft:spider_eye":5,"minecraft:mossy_cobblestone":3,"minecraft:slime_ball":7,"minecraft:diamond":4,"minecraft:golden_apple":2,"minecraft:mossy_cobblestone_stairs":1,"minecraft:oak_sapling":23,"minecraft:coal":4}},"DataVersion":3465}