{"stats":{"minecraft:killed":{"minecraft:vex":1,"minecraft:spider":1,"minecraft:skeleton":1,"minecraft:chicken":5,"minecraft:wither_skeleton":1,"minecraft:blaze":2,"minecraft:cow":3},"minecraft:crafted":{"minecraft:smooth_stone":3,"minecraft:oak_planks":52,"minecraft:raw_iron":9,"minecraft:cooked_chicken":5,"minecraft:furnace":1,"minecraft:blast_furnace":1,"minecraft:stone":3,"minecraft:diamond_shovel":2,"minecraft:cooked_mutton":2,"minecraft:diamond_helmet":1,"minecraft:diamond_leggings":1,"minecraft:iron_boots":1,"minecraft:iron_axe":1,"minecraft:stone_pickaxe":2,"minecraft:diamond_boots":1,"minecraft:cooked_beef":8,"minecraft:diamond_axe":1,"minecraft:crafting_table":2,"minecraft:wooden_pickaxe":1,"minecraft:iron_helmet":1,"minecraft:iron_sword":1,"minecraft:copper_ingot":6,"minecraft:bucket":2,"minecraft:stone_axe":1,"minecraft:air":0,"minecraft:iron_chestplate":1,"minecraft:diamond_pickaxe":1,"minecraft:shield":1,"minecraft:stick":28,"minecraft:iron_ingot":59,"minecraft:iron_pickaxe":1,"minecraft:iron_leggings":1,"minecraft:torch":32,"create:zinc_ingot":12,"minecraft:diamond_chestplate":1},"minecraft:broken":{"minecraft:stone_pickaxe":1,"minecraft:iron_pickaxe":1},"minecraft:picked_up":{"minecraft:crafting_table":2,"minecraft:chicken":5,"minecraft:amethyst_block":55,"minecraft:soul_soil":17,"minecraft:raw_copper":143,"minecraft:red_sand":4,"minecraft:cobbled_deepslate":299,"minecraft:bucket":2,"minecraft:beef":8,"minecraft:calcite":15,"minecraft:furnace":3,"minecraft:stick":2,"minecraft:raw_iron":75,"create:golden_sheet":6,"minecraft:oak_fence":1,"minecraft:torch":17,"tombstone:grave_dust":2,"minecraft:redstone":1,"minecraft:arrow":2,"minecraft:rotten_flesh":1,"minecraft:peony":1,"minecraft:nether_bricks":30,"minecraft:gold_ingot":2,"supplementaries:ash":3,"minecraft:obsidian":18,"minecraft:mutton":3,"minecraft:cobblestone":84,"create:iron_sheet":1,"minecraft:feather":7,"minecraft:cooked_beef":5,"minecraft:water_bucket":2,"minecraft:leather":1,"minecraft:smoker":1,"minecraft:tuff":12,"minecraft:oak_log":13,"supplementaries:flax_seeds":3,"minecraft:dirt":791,"minecraft:cooked_mutton":6,"minecraft:bone":12,"minecraft:wheat_seeds":6,"minecraft:iron_ingot":20,"minecraft:soul_sand":51,"minecraft:iron_sword":1,"minecraft:oak_planks":83,"minecraft:smooth_basalt":11,"create:cogwheel":3,"minecraft:quartz":5,"minecraft:raw_iron_block":1,"minecraft:dripstone_block":1,"minecraft:gravel":5,"minecraft:sand":40,"minecraft:amethyst_shard":2,"minecraft:blast_furnace":1,"minecraft:diamond_shovel":1,"minecraft:diamond":76,"minecraft:oak_sapling":3,"minecraft:netherrack":13,"minecraft:coal":36,"minecraft:ender_pearl":1},"minecraft:used":{"minecraft:shield":9,"minecraft:iron_sword":10,"minecraft:cooked_chicken":5,"minecraft:torch":30,"minecraft:dirt":616,"create:cogwheel":3,"minecraft:tuff":7,"minecraft:obsidian":11,"minecraft:lava_bucket":2,"minecraft:iron_axe":16,"minecraft:furnace":1,"tombstone:gift":1,"minecraft:cooked_beef":10,"minecraft:cobbled_deepslate":4,"minecraft:cooked_mutton":5,"minecraft:water_bucket":16,"minecraft:stone_pickaxe":203,"minecraft:wooden_pickaxe":3,"minecraft:diamond_axe":52,"minecraft:crafting_table":4,"minecraft:blast_furnace":2,"minecraft:dripstone_block":1,"minecraft:smoker":1,"minecraft:diamond_pickaxe":325,"minecraft:apple":3,"minecraft:diamond_shovel":682,"minecraft:bread":2,"minecraft:iron_pickaxe":250,"minecraft:stone_axe":3,"minecraft:cobblestone":64,"minecraft:bucket":21},"minecraft:mined":{"minecraft:tuff":12,"minecraft:deepslate_diamond_ore":74,"minecraft:obsidian":9,"minecraft:nether_bricks":30,"minecraft:budding_amethyst":8,"minecraft:red_sand":1,"minecraft:grass_block":373,"minecraft:soul_soil":17,"minecraft:raw_iron_block":1,"minecraft:furnace":3,"minecraft:iron_ore":25,"minecraft:fire":1,"minecraft:cobbled_deepslate":5,"treechop:chopped_log":2,"minecraft:pointed_dripstone":4,"minecraft:deepslate_iron_ore":51,"minecraft:stone":88,"create:cogwheel":2,"minecraft:soul_sand":53,"minecraft:smoker":1,"minecraft:soul_fire":1,"minecraft:crafting_table":2,"minecraft:torch":2,"minecraft:blast_furnace":1,"minecraft:calcite":15,"minecraft:dead_bush":1,"supplementaries:wild_flax":3,"minecraft:nether_quartz_ore":5,"minecraft:cobblestone":1,"minecraft:copper_ore":6,"minecraft:wall_torch":2,"minecraft:amethyst_block":52,"minecraft:deepslate_copper_ore":35,"supplementaries:urn":5,"minecraft:lilac":1,"minecraft:grass":16,"minecraft:coal_ore":23,"minecraft:dripstone_block":1,"minecraft:gravel":1,"minecraft:sand":44,"minecraft:dirt":190,"minecraft:smooth_basalt":11,"minecraft:netherrack":13,"minecraft:oak_leaves":2,"minecraft:deepslate":303},"minecraft:custom":{"minecraft:mob_kills":14,"minecraft:interact_with_crafting_table":18,"minecraft:leave_game":1,"minecraft:time_since_death":10249,"minecraft:sprint_one_cm":165809,"minecraft:walk_one_cm":494971,"minecraft:damage_blocked_by_shield":566,"minecraft:drop":82,"minecraft:play_time":187751,"minecraft:deaths":5,"minecraft:sneak_time":5258,"minecraft:walk_under_water_one_cm":21217,"minecraft:jump":2764,"minecraft:interact_with_blast_furnace":23,"minecraft:walk_on_water_one_cm":24615,"minecraft:total_world_time":187751,"minecraft:interact_with_furnace":16,"minecraft:interact_with_stonecutter":1,"minecraft:sleep_in_bed":1,"minecraft:time_since_rest":9450,"minecraft:damage_taken":2464,"minecraft:damage_dealt":3735,"minecraft:swim_one_cm":49402,"minecraft:fly_one_cm":335644,"minecraft:player_kills":6,"minecraft:open_chest":23,"minecraft:crouch_one_cm":15282,"tombstone:undead_killed":2,"minecraft:interact_with_smoker":9,"minecraft:fall_one_cm":66226},"minecraft:dropped":{"minecraft:water_bucket":2,"minecraft:iron_ingot":1,"minecraft:bread":4,"minecraft:iron_sword":1,"minecraft:wheat_seeds":4,"minecraft:cooked_beef":1,"minecraft:feather":7,"minecraft:oak_fence":1,"minecraft:iron_helmet":1,"minecraft:copper_ingot":6,"minecraft:coal":1,"minecraft:stick":1,"minecraft:lava_bucket":2,"minecraft:dirt":1,"minecraft:mutton":1,"tombstone:grave_dust":3,"minecraft:iron_leggings":1,"create:iron_sheet":1,"minecraft:sand":12,"minecraft:bucket":1,"minecraft:gold_ingot":2,"minecraft:smooth_basalt":11,"minecraft:redstone":1,"minecraft:gravel":3,"minecraft:stone_axe":1,"minecraft:cobbled_deepslate":295,"minecraft:tuff":5,"minecraft:rotten_flesh":1,"minecraft:oak_planks":1,"minecraft:iron_boots":1,"minecraft:diamond_shovel":2,"minecraft:cooked_mutton":3,"supplementaries:flax_seeds":3,"supplementaries:ash":3,"create:zinc_ingot":12,"minecraft:peony":1,"minecraft:iron_chestplate":1,"minecraft:oak_sapling":3,"minecraft:arrow":2,"minecraft:red_sand":4,"minecraft:wooden_pickaxe":1,"minecraft:stone_pickaxe":1,"minecraft:quartz":1,"create:golden_sheet":6}},"DataVersion":3465}