{"stats":{"minecraft:dropped":{"minecraft:golden_boots":1,"minecraft:wheat_seeds":5,"minecraft:tnt":2,"minecraft:glass_bottle":3,"minecraft:dripstone_block":2,"minecraft:cobblestone":2,"minecraft:mossy_stone_brick_stairs":1,"minecraft:cracked_stone_bricks":1,"minecraft:cornflower":1,"minecraft:iron_door":1,"minecraft:iron_leggings":2,"minecraft:iron_axe":1,"minecraft:iron_pickaxe":1,"minecraft:mossy_cobblestone_stairs":1,"minecraft:chainmail_leggings":1,"minecraft:string":14,"epicfight:stray_robe":2,"epicfight:stray_pants":1,"minecraft:dandelion":1,"minecraft:bone":5,"minecraft:blackstone":2,"create:ochrum":1,"immersivecaves:immersive_caves_guide":1,"minecraft:birch_sapling":1,"minecraft:rotten_flesh":26,"minecraft:iron_boots":1,"minecraft:nether_bricks":2,"butcher:butchersguidebook":1,"minecraft:leather_chestplate":4,"minecraft:tipped_arrow":7,"minecraft:iron_chestplate":2,"minecraft:quartz_block":4,"minecraft:oak_sapling":23,"minecraft:stone_pressure_plate":1,"minecraft:spider_eye":5,"minecraft:diamond_boots":1,"minecraft:slime_ball":7,"minecraft:iron_bars":55,"minecraft:arrow":27,"minecraft:wooden_pickaxe":1,"epicfight:skillbook":1},"minecraft:killed":{"minecraft:cave_spider":8,"minecraft:spider":9,"minecraft:slime":8,"minecraft:skeleton":9,"minecraft:pig":2,"minecraft:creeper":1,"minecraft:sheep":4,"minecraft:zombie":49,"minecraft:stray":14,"minecraft:wither_skeleton":4},"minecraft:custom":{"minecraft:mob_kills":112,"minecraft:interact_with_crafting_table":6,"minecraft:eat_cake_slice":6,"minecraft:leave_game":6,"minecraft:time_since_death":5948,"minecraft:climb_one_cm":3228,"minecraft:sprint_one_cm":628156,"minecraft:walk_one_cm":767103,"minecraft:drop":114,"minecraft:play_time":134203,"minecraft:deaths":16,"minecraft:sneak_time":296,"minecraft:walk_under_water_one_cm":1036,"minecraft:jump":1532,"minecraft:walk_on_water_one_cm":25949,"minecraft:total_world_time":134203,"minecraft:time_since_rest":5975,"minecraft:damage_taken":9574,"minecraft:damage_absorbed":45,"minecraft:damage_dealt":19503,"minecraft:swim_one_cm":1144,"minecraft:fly_one_cm":479407,"minecraft:player_kills":1,"minecraft:open_chest":175,"minecraft:crouch_one_cm":658,"minecraft:fall_one_cm":20984,"minecraft:horse_one_cm":727},"minecraft:broken":{"minecraft:chainmail_boots":1,"minecraft:iron_axe":1},"minecraft:used":{"minecraft:iron_bars":1,"minecraft:iron_shovel":4,"minecraft:iron_sword":191,"minecraft:torch":79,"paraglider:goddess_statue":3,"minecraft:carrot":5,"minecraft:iron_axe":125,"minecraft:cooked_beef":20,"epicfight:skillbook":8,"minecraft:water_bucket":2,"minecraft:stone_pickaxe":61,"minecraft:baked_potato":2,"minecraft:oak_planks":4,"minecraft:blackstone":3,"minecraft:wooden_pickaxe":3,"minecraft:diamond_axe":42,"minecraft:golden_apple":4,"minecraft:crafting_table":3,"minecraft:diamond_pickaxe":93,"minecraft:apple":14,"minecraft:bread":15,"minecraft:iron_pickaxe":90,"minecraft:stone_axe":40,"minecraft:potion":5,"minecraft:bucket":3,"minecraft:experience_bottle":12},"minecraft:crafted":{"minecraft:oak_planks":52,"minecraft:coal":9,"minecraft:iron_axe":1,"minecraft:stone_pickaxe":1,"minecraft:diamond_axe":1,"minecraft:crafting_table":1,"minecraft:wooden_pickaxe":1,"minecraft:iron_helmet":3,"minecraft:stone_axe":1,"minecraft:iron_chestplate":1,"minecraft:stick":8},"minecraft:killed_by":{"minecraft:player":2,"minecraft:stray":3,"minecraft:skeleton":4,"minecraft:zombie":6},"minecraft:mined":{"minecraft:stone_pressure_plate":1,"minecraft:mossy_cobblestone":2,"minecraft:nether_bricks":1,"create:ochrum":1,"minecraft:coal_block":3,"minecraft:spawner":86,"minecraft:mossy_cobblestone_stairs":1,"minecraft:iron_ore":9,"treechop:chopped_log":5,"minecraft:enchanting_table":1,"minecraft:nether_brick_stairs":3,"minecraft:mossy_stone_brick_stairs":1,"minecraft:vine":11,"minecraft:iron_bars":45,"minecraft:stone":19,"minecraft:quartz_block":35,"minecraft:blackstone":4,"minecraft:crafting_table":2,"minecraft:torch":6,"minecraft:tall_grass":3,"minecraft:iron_door":2,"minecraft:wall_torch":3,"minecraft:tnt":1,"minecraft:stone_brick_stairs":1,"minecraft:grass":2,"minecraft:dripstone_block":1,"minecraft:cracked_stone_bricks":3,"minecraft:stone_bricks":1,"minecraft:mossy_stone_bricks":3,"minecraft:oak_leaves":4,"paraglider:goddess_statue":4},"minecraft:picked_up":{"minecraft:crafting_table":2,"minecraft:iron_chestplate":1,"minecraft:stone_brick_stairs":1,"minecraft:shield":2,"epicfight:stray_pants":1,"minecraft:cornflower":1,"paraglider:goddess_statue":4,"minecraft:string":19,"minecraft:iron_axe":1,"epicfight:stray_hat":1,"minecraft:iron_leggings":2,"minecraft:blackstone":5,"minecraft:cracked_stone_bricks":3,"minecraft:coal_block":3,"minecraft:birch_sapling":1,"minecraft:phantom_membrane":3,"minecraft:iron_boots":1,"minecraft:golden_helmet":1,"minecraft:tipped_arrow":8,"minecraft:stick":9,"minecraft:raw_iron":9,"minecraft:torch":9,"epicfight:skillbook":6,"minecraft:porkchop":2,"minecraft:stone_pressure_plate":1,"minecraft:tnt":2,"minecraft:quartz_block":17,"minecraft:arrow":29,"minecraft:rotten_flesh":51,"minecraft:nether_bricks":2,"create:ochrum":1,"epicfight:stray_robe":3,"minecraft:mutton":7,"minecraft:iron_bars":57,"minecraft:white_wool":4,"minecraft:cobblestone":21,"minecraft:enchanting_table":1,"minecraft:leather_chestplate":4,"minecraft:iron_door":1,"minecraft:golden_leggings":1,"paraglider:spirit_orb":156,"minecraft:oak_log":58,"minecraft:chainmail_chestplate":1,"minecraft:golden_boots":1,"minecraft:gunpowder":2,"minecraft:lapis_lazuli":5,"minecraft:bone":28,"minecraft:apple":2,"minecraft:stone_bricks":1,"minecraft:wheat_seeds":5,"minecraft:mossy_stone_bricks":3,"minecraft:diamond_helmet":1,"minecraft:mossy_stone_brick_stairs":1,"minecraft:book":5,"minecraft:dandelion":1,"minecraft:dripstone_block":2,"minecraft:nether_brick_stairs":3,"minecraft:spider_eye":8,"minecraft:mossy_cobblestone":3,"minecraft:slime_ball":7,"minecraft:diamond":4,"minecraft:golden_apple":2,"minecraft:mossy_cobblestone_stairs":1,"minecraft:oak_sapling":23,"minecraft:coal":5}},"DataVersion":3465}