{"stats":{"minecraft:killed":{"jujutsucraft:mimiko":12,"jujutsucraft:cursed_spirit_grade_32":61,"jujutsucraft:inumaki_toge":6,"jujutsucraft:cursed_spirit_grade_31":23,"jujutsucraft:cursed_spirit_grade_33":81,"jujutsucraft:stevenson_screen":7,"jujutsucraft:ishigori_ryu":2,"jujutsucraft:kaichi":4,"jujutsucraft:cursed_spirit_grade_11":19,"jujutsucraft:zenin_naobito":8,"jujutsucraft:doll_1":38,"jujutsucraft:zenin_naoya":7,"jujutsucraft:cursed_spirit_grade_12":22,"jujutsucraft:miguel":2,"jujutsucraft:earthen_insect_trance":1,"jujutsucraft:fushiguro_megumi_shibuya":2,"jujutsucraft:cursed_spirit_grade_37":23,"jujutsucraft:cursed_spirit_grade_35":21,"minecraft:cod":125,"minecraft:dolphin":80,"jujutsucraft:zenin_naoya_cursed_spirit_1":1,"jujutsucraft:cursed_spirit_grade_39":222,"jujutsucraft:cursed_spirit_grade_215":10,"jujutsucraft:larue":4,"minecraft:bee":49,"jujutsucraft:fushiguro_toji_bug":3,"minecraft:chicken":83,"jujutsucraft:cursed_spirit_grade_15":24,"jujutsucraft:cursed_spirit_grade_19":11,"jujutsucraft:cursed_spirit_grade_16":19,"jujutsucraft:fushiguro_toji":15,"jujutsucraft:panda_normal":4,"jujutsucraft:fist":4,"jujutsucraft:cursed_spirit_grade_214":16,"jujutsucraft:zenin_ogi":3,"jujutsucraft:cursed_spirit_grade_38":46,"jujutsucraft:cursed_spirit_grade_34":120,"jujutsucraft:nobara_kugisaki":8,"jujutsucraft:nanami_kento":4,"jujutsucraft:higuruma_hiromi":7,"jujutsucraft:miyo_rokujushi":1,"jujutsucraft:purple":2,"jujutsucraftaddon:sukuna_fushiguro":2,"jujutsucraft:mei_mei":4,"jujutsucraft:hazenoki":3,"jujutsucraft:zenin_naoya_cursed_spirit_2":1,"jujutsucraft:ember_insect":19,"jujutsucraft:kusakabe_yatsuya":6,"jujutsucraft:eight_handled_swrod_divergent_sila_divine_general_mahoraga":2,"minecraft:wolf":10,"jujutsucraft:garuda":2,"minecraft:pig":54,"jujutsucraft:zenin_chojuro":3,"jujutsucraft:nishimiya_momo":9,"minecraft:salmon":82,"jujutsucraft:cursed_spirit_grade_213":8,"jujutsucraft:itadori_yuji_shinjuku":1,"jujutsucraft:awasaka_jiro":5,"jujutsucraft:zenin_jinichi":2,"jujutsucraft:choso":5,"jujutsucraft:red":1,"jujutsucraft:bathynomus_giganteus":2,"jujutsucraft:curse_user_1":18,"jujutsucraft:cursed_spirit_grade_211":25,"jujutsucraft:cursed_spirit_grade_07":3,"jujutsucraft:itadori_yuji":8,"jujutsucraft:polymorphic_soul_isomer":6,"minecraft:sheep":65,"jujutsucraft:panda_gorilla":5,"jujutsucraft:jogo":3,"jujutsucraft:cursed_spirit_grade_29":19,"jujutsucraft:cursed_spirit_grade_28":18,"minecraft:trader_llama":2,"jujutsucraft:blue":5,"minecraft:pillager":4,"jujutsucraft:cursed_spirit_grade_314":110,"jujutsucraft:kenjaku":1,"jujutsucraft:crow":13,"jujutsucraft:cockroaches":22,"jujutsucraft:bullet_skull":1,"jujutsucraft:cursed_spirit_grade_18":22,"jujutsucraft:todo_aoi":3,"jujutsucraft:cursed_spirit_grade_17":19,"jujutsucraft:uro_takako":4,"jujutsucraft:zenin_maki_culling_game":2,"jujutsucraft:cursed_spirit_grade_110":7,"jujutsucraft:kashimo_hajime":1,"jujutsucraft:cursed_spirit_grade_315":82,"jujutsucraft:cursed_spirit_grade_212":20,"jujutsucraft:takaba_fumihiko":4,"jujutsucraftaddon:yuta_culling_games":1,"jujutsucraft:ice_spear":14,"jujutsucraft:cursed_spirit_grade_06":2,"jujutsucraft:ino_takuma":6,"jujutsucraft:sea_serpent_mini":28,"minecraft:cow":59,"jujutsucraft:wooden_ball_1":25,"jujutsucraft:entity_tornado":4,"jujutsucraft:transfigured_human_3":38,"jujutsucraft:cursed_spirit_grade_21":20,"jujutsucraft:dhruv_lakdawalla":3,"jujutsucraft:reggie_star":5,"jujutsucraft:daido_hagane":7,"jujutsucraft:nue":3,"jujutsucraft:nanako":14,"jujutsucraft:charles_bernard":7,"jujutsucraft:yorozu":1,"jujutsucraft:liquid_metal":2,"jujutsucraft:cursed_spirit_grade_24":13,"jujutsucraft:tsukumo_yuki":1,"jujutsucraft:energy_ball_white":1,"jujutsucraft:yoshino_junpei":12,"jujutsucraft:rock_fragment":19,"jujutsucraftaddon:gojo_school":5,"jujutsucraft:cursed_spirit_grade_318":184,"jujutsucraft:mahito":3,"jujutsucraft:geto_suguru":5,"jujutsucraft:cursed_spirit_grade_316":22,"jujutsucraft:cursed_spirit_grade_26":16,"jujutsucraft:rika_2":2,"jujutsucraft:cursed_spirit_grade_22":17,"jujutsucraft:kumiya_juzo":5,"jujutsucraft:transfigured_human_2":46,"jujutsucraft:wooden_spear_2":25,"jujutsucraft:cursed_spirit_grade_03":8,"jujutsucraftaddon:shoko_ieri_school":2,"jujutsucraft:cursed_spirit_grade_01":30,"jujutsucraft:shikigami_pterosaur":4,"jujutsucraft:miwa_kasumi":8,"jujutsucraft:cursed_spirit_grade_04":8,"jujutsucraft:wooden_spear_1":10,"jujutsucraft:cursed_spirit_grade_05":2,"jujutsucraft:fox_fire":35,"jujutsucraft:shigemo_haruta":6,"jujutsucraft:okkotsu_yuta":1,"jujutsucraft:cursed_spirit_grade_312":40,"jujutsucraft:cursed_spirit_grade_313":30,"jujutsucraft:flame_arrow":2,"jujutsucraft:kechizu":5,"jujutsucraft:toad":4,"jujutsucraft:rabbit_escape":9,"jujutsucraft:rozetsu_shikigami":14,"jujutsucraft:cursed_spirit_grade_08":2,"jujutsucraft:cursed_spirit_grade_23":15,"jujutsucraft:itadori_yuji_shibuya":15,"jujutsucraft:eso":11,"jujutsucraft:cursed_spirit_grade_317":99,"jujutsucraft:transfigured_human_1":25,"jujutsucraft:kurusu_hana":8,"jujutsucraft:cursed_spirit_grade_27":13,"jujutsucraft:true_sphere":1,"jujutsucraft:okkotsu_yuta_culling_game":1,"jujutsucraft:dagon_2":3,"jujutsucraft:uraume":12,"jujutsucraft:cursed_spirit_grade_210":30,"jujutsucraft:entity_door":4,"jujutsucraft:dagon_1":3,"jujutsucraft:kukuru":18,"jujutsucraft:ice_spear_2":70,"jujutsucraft:jujutsu_sorcerer":47,"jujutsucraft:piercing_ox":1,"jujutsucraft:cursed_spirit_grade_09":6,"minecraft:bat":283,"jujutsucraft:zenin_maki":9,"minecraft:wandering_trader":1,"jujutsucraft:coffin":1,"jujutsucraft:hakari_kinji":1,"jujutsucraft:zenin_ranta":2,"jujutsucraft:curse_user":37,"jujutsucraft:mechamaru":1,"jujutsucraft:great_serpent":1,"jujutsucraft:yaga_masamichi":5,"jujutsucraft:divine_dog_white":2,"minecraft:squid":907,"jujutsucraft:cursed_spirit_grade_321":86,"jujutsucraft:zenin_naoya_cursed_spirit_3":1,"jujutsucraft:rozetsu":4,"jujutsucraft:entity_scissors":28,"jujutsucraft:cursed_spirit_grade_14":25,"jujutsucraft:cursed_spirit_grade_311":37,"jujutsucraft:cursed_spirit_grade_310":73,"jujutsucraft:cursed_spirit_grade_13":9,"jujutsucraft:negi_toshihisa":8,"jujutsucraft:slicing_exorcism":4,"jujutsucraft:miguel_dancer":1,"jujutsucraft:cursed_spirit_grade_36":118,"jujutsucraft:cursed_spirit_grade_25":24,"jujutsucraft:hanami":4,"jujutsucraft:moon_dregs":16,"jujutsucraft:cursed_spirit_grade_02":6,"jujutsucraft:killer_1":1,"jujutsucraft:cursed_spirit_grade_319":86,"jujutsucraft:rika":2,"jujutsucraft:hoshi_kirara":5,"jujutsucraft:geto_suguru_curse_user":4,"jujutsucraft:cursed_spirit_grade_322":61,"jujutsucraft:kamo_noritoshi":8,"jujutsucraft:q":18,"jujutsucraft:fushiguro_megumi":12,"jujutsucraft:gravestone_3":3,"jujutsucraft:ogami":6},"minecraft:custom":{"minecraft:open_barrel":13,"minecraft:leave_game":8,"minecraft:time_since_death":3598,"minecraft:damage_resisted":1066201,"minecraft:sprint_one_cm":2107109,"minecraft:drop":129,"minecraft:play_time":334376,"minecraft:deaths":187,"minecraft:jump":3644,"minecraft:walk_on_water_one_cm":13300,"minecraft:damage_dealt":184119,"minecraft:player_kills":251,"minecraft:crouch_one_cm":51383,"minecraft:mob_kills":5237,"minecraft:damage_dealt_resisted":9079821,"minecraft:climb_one_cm":2024,"minecraft:walk_one_cm":3980508,"minecraft:sneak_time":6120,"minecraft:walk_under_water_one_cm":5766,"minecraft:total_world_time":334376,"minecraft:time_since_rest":3626,"minecraft:damage_taken":290746,"minecraft:swim_one_cm":2334,"minecraft:fly_one_cm":5308484,"minecraft:open_chest":11,"minecraft:fall_one_cm":398986},"minecraft:used":{"jujutsucraft:sukuna_finger":21,"jujutsucraftaddon:gojo_school_spawn_egg":1,"jujutsucraftaddon:shoko_ieri_school_spawn_egg":2,"jujutsucraft:playful_cloud":12,"jujutsucraft:sword_black":99,"jujutsucraft:uniform_normal_boots":1,"jujutsucraft:split_soul_katana":939,"jujutsucraft:inverted_spear_of_heaven":37,"jujutsucraftaddon:yuta_culling_games_spawn_egg":1},"minecraft:picked_up":{"jujutsucraft:uniform_normal_boots":5,"jujutsucraft:sword_black":1,"minecraft:stick":6,"jujutsucraft:sword_okkotsu_yuta":1,"minecraft:diorite":1,"minecraft:vine":1,"jujutsucraft:clothes_geto_helmet":1,"jujutsucraft:clothes_kusakabe_leggings":1,"minecraft:cobblestone":1,"jujutsucraft:clothes_kusakabe_chestplate":1,"minecraft:feather":13,"minecraft:andesite":4,"minecraft:dirt":8,"minecraft:lantern":1,"jujutsucraft:pendant_todo_aoi":2,"jujutsucraft:split_soul_katana":1,"jujutsucraft:mei_mei_axe":2,"jujutsucraft:clothes_zenin_2_leggings":3,"jujutsucraft:uniform_itadori_leggings":2,"jujutsucraft:nyoi_staff":1,"minecraft:ink_sac":68,"minecraft:grass_block":5,"minecraft:granite":6,"jujutsucraft:uniform_q_chestplate":1,"minecraft:spruce_sign":4,"minecraft:oak_sapling":5,"minecraft:oak_leaves":4,"minecraft:chicken":12,"jujutsucraftaddon:simple_domain_scroll":1,"jujutsucraft:clothes_zenin_boots":1,"jujutsucraftaddon:clan_changer":2,"minecraft:birch_sapling":9,"minecraft:stone":37,"jujutsucraft:mahoraga_body_leggings":1,"jujutsucraft:playful_cloud":3,"minecraft:polished_blackstone_bricks":4,"jujutsucraft:clothes_fushiguro_toji_leggings":5,"minecraft:peony":1,"jujutsucraft:armor_instant_spirit_bodyof_distorted_killing_leggings":1,"jujutsucraft:mahito_hand_2":1,"minecraft:mutton":7,"minecraft:skeleton_skull":1,"minecraft:white_wool":2,"minecraft:salmon":2,"jujutsucraft:sukuna_finger":21,"jujutsucraft:inverted_spear_of_heaven":1,"jujutsucraft:clothes_geto_chestplate":1,"jujutsucraft:uniform_normal_leggings":1,"minecraft:apple":1,"jujutsucraft:dragon_bone":1,"minecraft:gravel":3,"jujutsucraft:clothes_choso_helmet":1,"minecraft:black_wool":2},"minecraft:killed_by":{"jujutsucraft:cursed_spirit_grade_321":1,"jujutsucraft:cursed_spirit_grade_01":11,"jujutsucraft:itadori_yuji":1,"jujutsucraft:cursed_spirit_grade_05":2,"jujutsucraft:cursed_spirit_grade_03":1,"jujutsucraft:cursed_spirit_grade_22":2,"jujutsucraft:zenin_naoya_cursed_spirit_1":1,"jujutsucraft:curse_user_1":4,"jujutsucraft:uzumaki":2,"jujutsucraft:tsukumo_yuki":2,"jujutsucraft:fushiguro_toji":15,"jujutsucraft:sukuna":25,"jujutsucraft:eso":16,"jujutsucraft:dagon_2":2,"jujutsucraft:zenin_maki_culling_game":4,"jujutsucraft:hazenoki":1,"jujutsucraft:negi_toshihisa":3,"jujutsucraft:higuruma_hiromi":1,"jujutsucraft:ino_takuma":1,"jujutsucraft:ishigori_ryu":1,"jujutsucraft:zenin_naoya":1,"jujutsucraft:yorozu":1,"jujutsucraft:cursed_spirit_grade_29":1,"jujutsucraft:choso":3,"jujutsucraft:cursed_spirit_grade_15":1,"jujutsucraft:cursed_spirit_grade_39":1,"minecraft:player":19,"jujutsucraft:cursed_spirit_grade_16":5,"jujutsucraft:kenjaku":1,"jujutsucraft:cursed_spirit_grade_12":3,"jujutsucraft:cursed_spirit_grade_17":1,"jujutsucraft:yoshino_junpei":1,"jujutsucraft:kusakabe_yatsuya":13,"jujutsucraft:hanami":3,"jujutsucraft:curse_user":1,"jujutsucraft:gojo_satoru":4,"jujutsucraft:okkotsu_yuta":2,"jujutsucraft:zenin_maki":2,"jujutsucraft:kurusu_hana":1,"jujutsucraft:reggie_star":2,"jujutsucraft:okkotsu_yuta_culling_game":1,"jujutsucraft:jogo":3,"jujutsucraft:moon_dregs":1,"jujutsucraft:larue":1,"jujutsucraft:purple":1,"jujutsucraftaddon:sukuna_no_shirt":10,"jujutsucraft:itadori_yuji_shibuya":2,"jujutsucraft:geto_suguru_curse_user":4},"minecraft:mined":{"minecraft:glass_pane":2},"minecraft:dropped":{"minecraft:spruce_sign":4,"jujutsucraftaddon:random_ct_changer":1,"minecraft:lantern":1,"minecraft:dirt":8,"minecraft:mutton":7,"jujutsucraft:clothes_choso_helmet":1,"jujutsucraftaddon:clan_changer":5,"jujutsucraft:mei_mei_axe":2,"minecraft:polished_blackstone_bricks":4,"minecraft:white_wool":2,"jujutsucraft:nyoi_staff":1,"minecraft:gravel":3,"minecraft:birch_sapling":9,"jujutsucraft:clothes_sukuna_fushiguro_chestplate":1,"minecraft:salmon":2,"jujutsucraft:clothes_fushiguro_toji_leggings":6,"minecraft:skeleton_skull":1,"jujutsucraft:clothes_kusakabe_leggings":1,"jujutsucraft:armor_instant_spirit_bodyof_distorted_killing_leggings":1,"minecraft:oak_leaves":4,"minecraft:vine":1,"jujutsucraft:uniform_itadori_leggings":3,"minecraft:feather":13,"minecraft:cobblestone":1,"jujutsucraft:sword_black":2,"minecraft:apple":1,"minecraft:granite":6,"minecraft:grass_block":5,"minecraft:stick":6,"minecraft:diorite":1,"minecraft:ink_sac":68,"jujutsucraft:uniform_q_chestplate":1,"jujutsucraft:clothes_geto_helmet":1,"jujutsucraftaddon:cellphone":1,"jujutsucraft:dragon_bone":1,"jujutsucraft:uniform_normal_leggings":2,"jujutsucraft:playful_cloud":3,"minecraft:chicken":12,"jujutsucraft:uniform_itadori_chestplate":1,"jujutsucraft:uniform_normal_chestplate":1,"jujutsucraft:mahito_hand_2":1,"minecraft:stone":37,"minecraft:peony":1,"jujutsucraft:clothes_zenin_2_leggings":3,"minecraft:andesite":4,"minecraft:oak_sapling":5,"jujutsucraftaddon:simple_domain_scroll":2,"jujutsucraft:clothes_zenin_boots":2,"jujutsucraft:clothes_kusakabe_chestplate":1,"jujutsucraft:uniform_normal_boots":6,"minecraft:black_wool":2}},"DataVersion":3465}