{"stats":{"minecraft:killed":{"minecraft:chicken":5,"minecraft:cow":3},"minecraft:crafted":{"minecraft:smooth_stone":3,"minecraft:oak_planks":52,"minecraft:raw_iron":9,"minecraft:diamond_axe":1,"minecraft:crafting_table":2,"minecraft:wooden_pickaxe":1,"minecraft:iron_helmet":1,"minecraft:iron_sword":1,"minecraft:furnace":1,"minecraft:blast_furnace":1,"minecraft:stone":3,"minecraft:bucket":2,"minecraft:diamond_shovel":2,"minecraft:stone_axe":1,"minecraft:cooked_mutton":2,"minecraft:air":0,"minecraft:diamond_helmet":1,"minecraft:diamond_leggings":1,"minecraft:iron_boots":1,"minecraft:iron_chestplate":1,"minecraft:diamond_pickaxe":1,"minecraft:shield":1,"minecraft:iron_axe":1,"minecraft:stick":28,"minecraft:iron_ingot":59,"minecraft:iron_pickaxe":1,"minecraft:stone_pickaxe":2,"minecraft:diamond_boots":1,"minecraft:iron_leggings":1,"minecraft:torch":24,"minecraft:diamond_chestplate":1},"minecraft:picked_up":{"minecraft:crafting_table":2,"minecraft:feather":7,"minecraft:chicken":5,"minecraft:leather":1,"minecraft:smoker":1,"minecraft:tuff":12,"minecraft:oak_log":13,"supplementaries:flax_seeds":2,"minecraft:amethyst_block":55,"minecraft:dirt":536,"minecraft:raw_copper":143,"minecraft:cooked_mutton":6,"minecraft:wheat_seeds":6,"minecraft:cobbled_deepslate":293,"minecraft:beef":8,"minecraft:calcite":15,"minecraft:iron_sword":1,"minecraft:furnace":3,"minecraft:stick":2,"minecraft:raw_iron":70,"minecraft:smooth_basalt":11,"minecraft:oak_fence":1,"minecraft:torch":6,"minecraft:gravel":3,"minecraft:raw_iron_block":1,"minecraft:dripstone_block":1,"minecraft:sand":40,"minecraft:amethyst_shard":2,"minecraft:blast_furnace":1,"minecraft:diamond_shovel":1,"minecraft:peony":1,"minecraft:diamond":76,"minecraft:oak_sapling":3,"minecraft:mutton":3,"minecraft:coal":32,"minecraft:cobblestone":84,"minecraft:ender_pearl":1},"minecraft:broken":{"minecraft:stone_pickaxe":1,"minecraft:iron_pickaxe":1},"minecraft:used":{"minecraft:cooked_mutton":5,"minecraft:water_bucket":12,"minecraft:stone_pickaxe":203,"minecraft:shield":1,"minecraft:wooden_pickaxe":3,"minecraft:iron_sword":9,"minecraft:diamond_axe":9,"minecraft:torch":22,"minecraft:dirt":261,"minecraft:crafting_table":4,"minecraft:blast_furnace":2,"minecraft:dripstone_block":1,"minecraft:tuff":7,"minecraft:diamond_pickaxe":248,"minecraft:apple":3,"minecraft:diamond_shovel":599,"minecraft:iron_axe":16,"minecraft:bread":2,"minecraft:iron_pickaxe":250,"minecraft:stone_axe":3,"minecraft:cobblestone":64,"minecraft:furnace":1,"minecraft:bucket":13,"tombstone:gift":1,"minecraft:cobbled_deepslate":4},"minecraft:mined":{"minecraft:tuff":12,"minecraft:deepslate_diamond_ore":74,"minecraft:smoker":1,"minecraft:crafting_table":2,"minecraft:torch":1,"minecraft:budding_amethyst":8,"minecraft:blast_furnace":1,"minecraft:grass_block":373,"minecraft:calcite":15,"supplementaries:wild_flax":3,"minecraft:copper_ore":6,"minecraft:cobblestone":1,"minecraft:wall_torch":2,"minecraft:amethyst_block":52,"minecraft:deepslate_copper_ore":35,"minecraft:raw_iron_block":1,"minecraft:furnace":3,"minecraft:iron_ore":25,"minecraft:lilac":1,"treechop:chopped_log":2,"minecraft:grass":16,"minecraft:pointed_dripstone":4,"minecraft:coal_ore":23,"minecraft:deepslate_iron_ore":45,"minecraft:dirt":178,"minecraft:sand":43,"minecraft:gravel":1,"minecraft:dripstone_block":1,"minecraft:smooth_basalt":11,"minecraft:stone":88,"minecraft:oak_leaves":2,"minecraft:deepslate":296},"minecraft:custom":{"minecraft:interact_with_furnace":15,"minecraft:mob_kills":8,"minecraft:interact_with_crafting_table":18,"minecraft:interact_with_stonecutter":1,"minecraft:time_since_death":8216,"minecraft:time_since_rest":7982,"minecraft:sprint_one_cm":107504,"minecraft:damage_taken":693,"minecraft:walk_one_cm":288663,"minecraft:damage_blocked_by_shield":75,"minecraft:drop":37,"minecraft:damage_dealt":1252,"minecraft:swim_one_cm":39488,"minecraft:player_kills":2,"minecraft:fly_one_cm":159802,"minecraft:open_chest":14,"minecraft:crouch_one_cm":8320,"minecraft:play_time":100628,"minecraft:deaths":3,"minecraft:sneak_time":2717,"minecraft:walk_under_water_one_cm":14471,"minecraft:jump":1491,"minecraft:interact_with_blast_furnace":13,"minecraft:walk_on_water_one_cm":13115,"minecraft:total_world_time":100628,"minecraft:fall_one_cm":38282},"minecraft:dropped":{"minecraft:gravel":3,"minecraft:bread":4,"minecraft:iron_sword":1,"minecraft:stone_axe":1,"minecraft:cobbled_deepslate":289,"minecraft:tuff":5,"minecraft:iron_helmet":1,"minecraft:oak_fence":1,"minecraft:feather":7,"minecraft:oak_planks":1,"minecraft:iron_boots":1,"minecraft:diamond_shovel":2,"minecraft:cooked_mutton":3,"minecraft:coal":1,"minecraft:stick":1,"supplementaries:flax_seeds":2,"minecraft:dirt":1,"minecraft:iron_chestplate":1,"minecraft:peony":1,"minecraft:mutton":1,"minecraft:oak_sapling":3,"minecraft:iron_leggings":1,"minecraft:sand":12,"minecraft:stone_pickaxe":1,"minecraft:wooden_pickaxe":1,"minecraft:smooth_basalt":11}},"DataVersion":3465}