{"stats":{"minecraft:used":{"minecraft:stone_pickaxe":230,"minecraft:shield":5,"minecraft:rotten_flesh":5,"minecraft:torch":14,"minecraft:crafting_table":1,"minecraft:tuff":2,"minecraft:iron_axe":45,"minecraft:bread":3,"minecraft:iron_pickaxe":99,"minecraft:cobblestone":24,"minecraft:furnace":2,"minecraft:cooked_beef":2,"minecraft:cobbled_deepslate":1},"minecraft:custom":{"minecraft:interact_with_furnace":10,"minecraft:mob_kills":14,"dimdoors:times_sent_to_limbo":1,"minecraft:interact_with_crafting_table":5,"dimdoors:times_been_to_dungeon":9,"minecraft:leave_game":2,"minecraft:time_since_death":21411,"minecraft:climb_one_cm":727,"minecraft:time_since_rest":21131,"minecraft:sprint_one_cm":85321,"minecraft:damage_taken":1932,"minecraft:walk_one_cm":7389928,"minecraft:damage_blocked_by_shield":140,"minecraft:drop":24,"minecraft:damage_dealt":2729,"minecraft:player_kills":2,"minecraft:fly_one_cm":63358,"minecraft:open_chest":2,"minecraft:crouch_one_cm":1559,"minecraft:play_time":57106,"tombstone:undead_killed":7,"minecraft:deaths":4,"minecraft:sneak_time":720,"minecraft:walk_under_water_one_cm":6422,"dimdoors:deaths_in_pocket":1,"minecraft:jump":813,"minecraft:walk_on_water_one_cm":11549,"minecraft:total_world_time":57106,"minecraft:fall_one_cm":19595},"minecraft:picked_up":{"minecraft:crafting_table":1,"minecraft:andesite":18,"minecraft:jungle_log":6,"minecraft:leather":5,"minecraft:tuff":2,"create:raw_zinc":6,"minecraft:bone":2,"minecraft:bow":1,"minecraft:cobbled_deepslate":11,"minecraft:beef":6,"minecraft:stone_pickaxe":1,"minecraft:iron_pickaxe":1,"minecraft:sugar_cane":3,"minecraft:oak_planks":2,"minecraft:furnace":2,"minecraft:raw_iron":37,"minecraft:oak_fence":1,"minecraft:torch":15,"minecraft:porkchop":6,"tombstone:grave_dust":1,"minecraft:diorite":28,"minecraft:redstone":19,"minecraft:bundle":1,"minecraft:arrow":3,"minecraft:rotten_flesh":3,"minecraft:diamond":4,"minecraft:emerald":6,"supplementaries:ash":7,"minecraft:mutton":1,"minecraft:coal":36,"minecraft:white_wool":1,"minecraft:rail":2,"minecraft:cobblestone":158},"minecraft:killed_by":{"minecraft:player":1,"minecraft:skeleton":1},"minecraft:mined":{"minecraft:deepslate_redstone_ore":4,"create:deepslate_zinc_ore":6,"minecraft:deepslate_diamond_ore":4,"minecraft:crafting_table":1,"minecraft:sugar_cane":2,"minecraft:oak_planks":3,"minecraft:diorite":28,"minecraft:wall_torch":4,"supplementaries:urn":4,"minecraft:furnace":2,"minecraft:iron_ore":17,"minecraft:fire":3,"minecraft:andesite":25,"minecraft:grass":1,"minecraft:coal_ore":25,"minecraft:deepslate_iron_ore":22,"minecraft:stone_bricks":4,"minecraft:stone":154,"minecraft:deepslate":7},"minecraft:killed":{"minecraft:pig":2,"minecraft:sheep":1,"minecraft:skeleton":4,"minecraft:zombie":3,"minecraft:cow":3},"minecraft:crafted":{"minecraft:cooked_beef":3,"minecraft:crafting_table":1,"minecraft:furnace":1,"minecraft:air":0,"minecraft:jungle_planks":24,"minecraft:iron_axe":1,"minecraft:stick":8,"minecraft:iron_ingot":7,"minecraft:iron_pickaxe":1,"minecraft:stone_pickaxe":1,"minecraft:torch":4},"minecraft:broken":{"minecraft:stone_pickaxe":2},"minecraft:dropped":{"minecraft:sugar_cane":3,"minecraft:detector_rail":2,"tombstone:tablet_of_recall":1,"minecraft:oak_fence":1,"minecraft:leather":5,"minecraft:rail":14,"supplementaries:ash":7,"minecraft:diorite":28,"minecraft:bundle":1,"minecraft:andesite":23,"tombstone:grave_dust":1,"easy_villagers:villager":1,"minecraft:spider_eye":2,"minecraft:iron_pickaxe":1,"minecraft:string":3,"minecraft:white_wool":1}},"DataVersion":3465}