{"stats":{"minecraft:dropped":{"minecraft:golden_boots":1,"minecraft:birch_planks":3,"minecraft:wheat_seeds":6,"minecraft:tnt":2,"minecraft:glass_bottle":3,"minecraft:diamond":1,"minecraft:dripstone_block":2,"minecraft:cobblestone":2,"minecraft:mossy_stone_brick_stairs":1,"epicfight:stone_spear":1,"minecraft:cracked_stone_bricks":1,"minecraft:cornflower":1,"minecraft:iron_door":1,"minecraft:iron_leggings":2,"minecraft:sand":6,"minecraft:iron_axe":1,"minecraft:iron_pickaxe":1,"minecraft:mossy_cobblestone_stairs":1,"minecraft:chainmail_leggings":1,"minecraft:string":19,"epicfight:stray_robe":2,"epicfight:stray_pants":1,"minecraft:dandelion":2,"minecraft:bone":5,"butcher:villagerbrain":2,"minecraft:stone_axe":1,"minecraft:blackstone":2,"create:ochrum":1,"immersivecaves:immersive_caves_guide":1,"butcher:villager_head_brain_remove":3,"minecraft:birch_sapling":1,"minecraft:rotten_flesh":32,"minecraft:iron_boots":1,"minecraft:nether_bricks":2,"butcher:butchersguidebook":1,"minecraft:leather_chestplate":4,"minecraft:tipped_arrow":7,"minecraft:birch_trapdoor":1,"minecraft:iron_chestplate":2,"minecraft:quartz_block":4,"minecraft:oak_sapling":23,"minecraft:stone_pressure_plate":1,"minecraft:spider_eye":5,"minecraft:diamond_boots":1,"minecraft:slime_ball":7,"minecraft:iron_bars":61,"minecraft:arrow":35,"minecraft:wooden_pickaxe":1,"epicfight:skillbook":1},"minecraft:killed":{"minecraft:cave_spider":8,"minecraft:spider":12,"minecraft:slime":8,"minecraft:skeleton":20,"minecraft:pig":2,"minecraft:creeper":3,"minecraft:sheep":4,"minecraft:zombie":57,"minecraft:stray":15,"minecraft:wither_skeleton":6},"minecraft:custom":{"minecraft:mob_kills":139,"minecraft:interact_with_crafting_table":9,"minecraft:eat_cake_slice":6,"minecraft:leave_game":6,"minecraft:time_since_death":29948,"minecraft:climb_one_cm":3228,"minecraft:sprint_one_cm":696969,"minecraft:walk_one_cm":914698,"minecraft:drop":137,"minecraft:play_time":158203,"minecraft:deaths":16,"minecraft:sneak_time":308,"minecraft:walk_under_water_one_cm":1431,"minecraft:jump":1752,"minecraft:walk_on_water_one_cm":26441,"minecraft:total_world_time":158203,"minecraft:time_since_rest":29975,"minecraft:damage_taken":10259,"minecraft:damage_absorbed":45,"minecraft:damage_dealt":24465,"minecraft:swim_one_cm":1144,"minecraft:fly_one_cm":592751,"minecraft:player_kills":1,"minecraft:open_chest":190,"minecraft:crouch_one_cm":658,"minecraft:fall_one_cm":26568,"minecraft:horse_one_cm":727},"minecraft:broken":{"minecraft:chainmail_boots":1,"minecraft:iron_axe":1},"minecraft:used":{"minecraft:iron_bars":1,"minecraft:iron_shovel":4,"minecraft:iron_sword":208,"minecraft:torch":91,"paraglider:goddess_statue":3,"minecraft:dirt":1,"minecraft:carrot":5,"wom:agony":92,"minecraft:iron_axe":125,"minecraft:birch_trapdoor":4,"minecraft:cooked_beef":20,"epicfight:skillbook":8,"minecraft:water_bucket":2,"minecraft:stone_pickaxe":61,"minecraft:baked_potato":2,"minecraft:oak_planks":4,"minecraft:blackstone":3,"minecraft:wooden_pickaxe":3,"minecraft:diamond_axe":52,"minecraft:golden_apple":4,"minecraft:crafting_table":3,"minecraft:diamond_pickaxe":120,"minecraft:apple":14,"minecraft:diamond_shovel":7,"minecraft:bread":28,"minecraft:iron_pickaxe":90,"minecraft:stone_axe":40,"minecraft:potion":5,"minecraft:bucket":3,"minecraft:experience_bottle":32},"minecraft:crafted":{"minecraft:oak_planks":52,"minecraft:coal":9,"minecraft:iron_axe":1,"minecraft:stone_pickaxe":1,"minecraft:diamond_axe":1,"minecraft:crafting_table":1,"minecraft:wooden_pickaxe":1,"minecraft:iron_helmet":3,"minecraft:stone_axe":1,"minecraft:iron_chestplate":1,"minecraft:stick":8,"minecraft:birch_trapdoor":4},"minecraft:killed_by":{"minecraft:player":2,"minecraft:stray":3,"minecraft:skeleton":4,"minecraft:zombie":6},"minecraft:mined":{"minecraft:stone_pressure_plate":1,"create:millstone":1,"minecraft:mossy_cobblestone":2,"minecraft:dark_oak_log":1,"minecraft:nether_bricks":1,"create:ochrum":1,"iammusicplayer:boombox":1,"minecraft:coal_block":3,"minecraft:spawner":99,"minecraft:mossy_cobblestone_stairs":1,"minecraft:iron_ore":9,"minecraft:chiseled_sandstone":1,"treechop:chopped_log":5,"butcher:villagerbrain":1,"minecraft:enchanting_table":1,"minecraft:nether_brick_stairs":6,"minecraft:mossy_stone_brick_stairs":1,"minecraft:vine":11,"minecraft:iron_bars":51,"minecraft:stone":19,"iammusicplayer:music_manager":1,"minecraft:quartz_block":35,"minecraft:blackstone":4,"minecraft:crafting_table":2,"minecraft:torch":7,"minecraft:tall_grass":3,"minecraft:iron_door":2,"minecraft:wall_torch":3,"minecraft:birch_planks":8,"minecraft:birch_trapdoor":1,"minecraft:tnt":1,"minecraft:stone_brick_stairs":1,"minecraft:grass":2,"minecraft:dirt":1,"minecraft:sand":6,"minecraft:dripstone_block":1,"minecraft:cracked_stone_bricks":3,"minecraft:stone_bricks":1,"minecraft:mossy_stone_bricks":3,"minecraft:oak_leaves":4,"paraglider:goddess_statue":4},"minecraft:picked_up":{"minecraft:crafting_table":2,"minecraft:iron_chestplate":1,"butcher:villagerbrain":2,"minecraft:stone_brick_stairs":1,"minecraft:shield":3,"epicfight:stray_pants":1,"minecraft:cornflower":1,"paraglider:goddess_statue":4,"minecraft:string":24,"minecraft:iron_axe":1,"epicfight:stray_hat":2,"minecraft:iron_leggings":2,"minecraft:blackstone":5,"minecraft:cracked_stone_bricks":3,"minecraft:coal_block":3,"minecraft:birch_sapling":1,"minecraft:phantom_membrane":3,"minecraft:iron_boots":1,"minecraft:golden_helmet":1,"minecraft:tipped_arrow":8,"minecraft:stick":9,"minecraft:raw_iron":9,"minecraft:birch_trapdoor":1,"minecraft:torch":10,"epicfight:skillbook":6,"minecraft:porkchop":2,"minecraft:stone_pressure_plate":1,"minecraft:tnt":2,"minecraft:quartz_block":17,"minecraft:arrow":39,"minecraft:rotten_flesh":59,"minecraft:nether_bricks":2,"create:ochrum":1,"butcher:villager_head_brain_remove":3,"epicfight:stray_robe":3,"minecraft:mutton":7,"minecraft:iron_bars":63,"iammusicplayer:boombox":1,"minecraft:white_wool":4,"minecraft:cobblestone":21,"minecraft:enchanting_table":1,"epicfight:stone_spear":1,"minecraft:leather_chestplate":4,"minecraft:iron_door":1,"minecraft:golden_leggings":1,"minecraft:birch_planks":15,"paraglider:spirit_orb":178,"minecraft:oak_log":59,"minecraft:chainmail_chestplate":1,"minecraft:golden_boots":1,"minecraft:gunpowder":2,"minecraft:lapis_lazuli":5,"minecraft:dirt":1,"minecraft:bone":49,"minecraft:apple":2,"minecraft:stone_bricks":1,"minecraft:wheat_seeds":6,"minecraft:mossy_stone_bricks":3,"minecraft:diamond_helmet":1,"minecraft:mossy_stone_brick_stairs":1,"minecraft:book":5,"minecraft:music_disc_13":1,"minecraft:dandelion":2,"minecraft:dripstone_block":2,"minecraft:sand":6,"minecraft:nether_brick_stairs":6,"minecraft:spider_eye":8,"minecraft:mossy_cobblestone":3,"minecraft:slime_ball":7,"minecraft:diamond":4,"minecraft:stone_axe":1,"minecraft:golden_apple":2,"minecraft:mossy_cobblestone_stairs":1,"minecraft:bread":30,"minecraft:oak_sapling":23,"minecraft:coal":9}},"DataVersion":3465}