{"stats":{"minecraft:custom":{"minecraft:mob_kills":703,"minecraft:open_barrel":56,"minecraft:damage_dealt_resisted":248347,"minecraft:time_since_death":12582,"minecraft:climb_one_cm":304,"minecraft:damage_resisted":117579,"minecraft:walk_one_cm":995330,"minecraft:sprint_one_cm":805834,"minecraft:drop":112,"minecraft:damage_dealt_absorbed":320,"minecraft:play_time":99211,"minecraft:deaths":47,"minecraft:sneak_time":343,"minecraft:walk_under_water_one_cm":16421,"minecraft:jump":1318,"minecraft:walk_on_water_one_cm":29450,"minecraft:total_world_time":99211,"minecraft:time_since_rest":12609,"minecraft:damage_taken":36937,"minecraft:damage_dealt":48328,"minecraft:swim_one_cm":9607,"minecraft:player_kills":11,"minecraft:fly_one_cm":1119515,"minecraft:open_chest":16,"minecraft:crouch_one_cm":2130,"minecraft:fall_one_cm":72175},"minecraft:dropped":{"minecraft:porkchop":7,"jujutsucraft:uniform_itadori_leggings":1,"minecraft:crossbow":24,"minecraft:iron_helmet":2,"jujutsucraft:sword_black":1,"minecraft:lantern":2,"jujutsucraft:uniform_q_leggings":1,"minecraft:chiseled_bookshelf":1,"minecraft:grass_block":3,"minecraft:item_frame":10,"minecraft:grass":1,"jujutsucraftaddon:clan_changer":3,"minecraft:sunflower":1,"minecraft:white_banner":17,"minecraft:iron_axe":1,"minecraft:pink_petals":1,"minecraft:white_wool":1,"jujutsucraft:uniform_normal_leggings":4,"minecraft:tall_grass":1,"minecraft:chicken":1,"minecraft:oak_planks":2,"jujutsucraft:sword_okkotsu_yuta":2,"minecraft:white_candle":4,"jujutsucraft:uniform_itadori_chestplate":3,"minecraft:glow_lichen":2,"minecraft:salmon":16,"jujutsucraft:uniform_normal_chestplate":2,"minecraft:stone":8,"minecraft:spruce_trapdoor":1,"minecraft:stone_brick_wall":2,"minecraft:ladder":2,"minecraft:golden_sword":1,"minecraft:painting":12,"minecraft:spruce_slab":1,"minecraft:bow":1,"minecraft:beef":6,"jujutsucraft:uniform_normal_boots":5,"epicfight:skillbook":26},"minecraft:killed_by":{"jujutsucraft:cursed_spirit_grade_214":1,"jujutsucraft:cursed_spirit_grade_01":6,"jujutsucraft:cursed_spirit_grade_36":1,"jujutsucraft:cursed_spirit_grade_39":2,"minecraft:player":3,"jujutsucraft:cursed_spirit_grade_313":1,"jujutsucraft:charles_bernard":1,"jujutsucraft:mimiko":2,"jujutsucraft:curse_user_1":1,"jujutsucraft:yoshino_junpei":1,"jujutsucraft:sukuna":1,"jujutsucraft:hanami":1,"jujutsucraft:cursed_spirit_grade_315":2,"jujutsucraft:gojo_satoru":1,"jujutsucraft:itadori_yuji_shinjuku":2,"jujutsucraft:zenin_jinichi":1,"jujutsucraft:nishimiya_momo":1,"jujutsucraft:kumiya_juzo":3,"jujutsucraft:q":3,"jujutsucraft:shigemo_haruta":1,"jujutsucraft:miwa_kasumi":1,"jujutsucraft:cursed_spirit_grade_316":1,"jujutsucraft:cursed_spirit_grade_29":1,"jujutsucraftaddon:sukuna_no_shirt":7,"jujutsucraft:itadori_yuji_shibuya":1,"jujutsucraft:cursed_spirit_grade_32":1},"minecraft:used":{"jujutsucraft:sukuna_finger":2,"jujutsucraft:sword_black":10,"jujutsucraft:sword_okkotsu_yuta":55,"jujutsucraft:naginata":273},"minecraft:picked_up":{"minecraft:chicken":1,"minecraft:ladder":2,"jujutsucraft:uniform_normal_boots":4,"minecraft:stone_brick_wall":2,"minecraft:golden_sword":1,"minecraft:iron_axe":1,"minecraft:item_frame":10,"minecraft:beef":6,"jujutsucraftaddon:cellphone":4,"minecraft:written_book":6,"minecraft:spruce_slab":1,"minecraft:spruce_trapdoor":1,"minecraft:stone":8,"epicfight:skillbook":27,"jujutsucraft:sword_okkotsu_yuta":2,"minecraft:porkchop":7,"jujutsucraft:uniform_q_leggings":1,"jujutsucraft:naginata":1,"sophisticatedbackpacks:copper_backpack":1,"minecraft:white_wool":1,"minecraft:pink_petals":1,"minecraft:salmon":16,"minecraft:chiseled_bookshelf":1,"jujutsucraft:sukuna_finger":2,"jujutsucraft:fester_life_blade":1,"minecraft:white_banner":17,"minecraft:lantern":2,"jujutsucraft:uniform_normal_leggings":3,"jujutsucraft:pendant_todo_aoi":1,"minecraft:bow":1,"jujutsucraft:uniform_itadori_chestplate":2,"minecraft:tall_grass":1,"minecraft:oak_planks":2,"minecraft:glow_lichen":2,"jujutsucraft:uniform_normal_chestplate":1,"minecraft:grass_block":3,"minecraft:white_candle":4,"minecraft:iron_helmet":2,"minecraft:crossbow":24,"minecraft:painting":12,"minecraft:grass":1,"minecraft:sunflower":1},"minecraft:killed":{"jujutsucraft:mimiko":1,"jujutsucraft:cursed_spirit_grade_32":10,"jujutsucraft:transfigured_human_3":6,"jujutsucraft:cursed_spirit_grade_21":1,"jujutsucraft:cursed_spirit_grade_31":4,"jujutsucraft:cursed_spirit_grade_33":3,"jujutsucraft:kaichi":1,"jujutsucraft:nue":1,"jujutsucraft:nanako":6,"jujutsucraft:cursed_spirit_grade_11":1,"jujutsucraft:charles_bernard":1,"jujutsucraft:zenin_naoya":1,"jujutsucraft:cursed_spirit_grade_37":2,"jujutsucraft:cursed_spirit_grade_35":1,"jujutsucraft:yoshino_junpei":2,"jujutsucraft:rock_fragment":2,"jujutsucraft:cursed_spirit_grade_318":15,"jujutsucraft:cursed_spirit_grade_316":7,"jujutsucraft:cursed_spirit_grade_26":1,"jujutsucraft:kumiya_juzo":2,"jujutsucraft:cursed_spirit_grade_22":4,"jujutsucraft:transfigured_human_2":3,"jujutsucraft:cursed_spirit_grade_01":2,"jujutsucraft:cursed_spirit_grade_05":1,"jujutsucraft:cursed_spirit_grade_39":17,"jujutsucraft:cursed_spirit_grade_312":6,"jujutsucraft:cursed_spirit_grade_313":6,"jujutsucraft:cursed_spirit_grade_215":2,"minecraft:bee":8,"jujutsucraft:cursed_spirit_grade_15":2,"minecraft:chicken":3,"jujutsucraft:cursed_spirit_grade_19":1,"jujutsucraft:cursed_spirit_grade_16":1,"jujutsucraft:fist":2,"jujutsucraft:cursed_spirit_grade_214":2,"jujutsucraft:cursed_spirit_grade_317":13,"jujutsucraft:cursed_spirit_grade_38":6,"jujutsucraft:cursed_spirit_grade_34":13,"jujutsucraft:transfigured_human_1":6,"jujutsucraft:cursed_spirit_grade_27":1,"jujutsucraft:cursed_spirit_grade_210":1,"minecraft:pig":4,"jujutsucraft:kukuru":1,"jujutsucraft:ice_spear_2":8,"jujutsucraft:jujutsu_sorcerer":2,"minecraft:salmon":42,"jujutsucraft:cursed_spirit_grade_09":1,"minecraft:bat":32,"jujutsucraft:curse_user_1":5,"jujutsucraft:cursed_spirit_grade_211":1,"jujutsucraft:curse_user":9,"minecraft:squid":31,"jujutsucraft:cursed_spirit_grade_321":13,"minecraft:sheep":1,"jujutsucraft:cursed_spirit_grade_29":1,"jujutsucraft:cursed_spirit_grade_28":2,"minecraft:pillager":245,"jujutsucraft:cursed_spirit_grade_314":10,"jujutsucraft:cursed_spirit_grade_311":1,"jujutsucraft:cursed_spirit_grade_310":5,"jujutsucraft:todo_aoi":1,"jujutsucraft:cursed_spirit_grade_36":19,"jujutsucraft:uro_takako":1,"jujutsucraft:moon_dregs":2,"jujutsucraft:cursed_spirit_grade_315":12,"jujutsucraft:cursed_spirit_grade_212":2,"jujutsucraft:cursed_spirit_grade_319":13,"jujutsucraft:cursed_spirit_grade_322":17,"jujutsucraft:takaba_fumihiko":1,"jujutsucraft:ice_spear":27,"minecraft:villager":4,"jujutsucraft:kamo_noritoshi":2,"jujutsucraft:q":2,"minecraft:cow":1,"jujutsucraft:fushiguro_megumi":2}},"DataVersion":3465}