{"stats":{"minecraft:killed":{"jujutsucraft:mimiko":12,"jujutsucraft:cursed_spirit_grade_32":61,"jujutsucraft:transfigured_human_3":35,"jujutsucraft:cursed_spirit_grade_21":19,"jujutsucraft:dhruv_lakdawalla":3,"jujutsucraft:cursed_spirit_grade_31":23,"jujutsucraft:inumaki_toge":5,"jujutsucraft:cursed_spirit_grade_33":77,"jujutsucraft:reggie_star":5,"jujutsucraft:stevenson_screen":7,"jujutsucraft:ishigori_ryu":2,"jujutsucraft:kaichi":4,"jujutsucraft:daido_hagane":7,"jujutsucraft:nue":3,"jujutsucraft:yorozu":1,"jujutsucraft:nanako":14,"jujutsucraft:cursed_spirit_grade_11":17,"jujutsucraft:charles_bernard":7,"jujutsucraft:zenin_naobito":8,"jujutsucraft:doll_1":38,"jujutsucraft:liquid_metal":2,"jujutsucraft:zenin_naoya":7,"jujutsucraft:cursed_spirit_grade_12":18,"jujutsucraft:tsukumo_yuki":1,"jujutsucraft:cursed_spirit_grade_24":13,"jujutsucraft:miguel":2,"jujutsucraft:earthen_insect_trance":1,"jujutsucraft:fushiguro_megumi_shibuya":2,"jujutsucraft:energy_ball_white":1,"jujutsucraft:cursed_spirit_grade_37":21,"jujutsucraft:cursed_spirit_grade_35":19,"jujutsucraft:rock_fragment":19,"jujutsucraft:yoshino_junpei":11,"jujutsucraft:rika_2":2,"jujutsucraftaddon:gojo_school":5,"jujutsucraft:cursed_spirit_grade_318":160,"jujutsucraft:mahito":3,"jujutsucraft:cursed_spirit_grade_316":22,"jujutsucraft:cursed_spirit_grade_26":14,"minecraft:cod":125,"jujutsucraft:geto_suguru":5,"minecraft:dolphin":80,"jujutsucraft:kumiya_juzo":5,"jujutsucraft:cursed_spirit_grade_22":17,"jujutsucraft:transfigured_human_2":44,"jujutsucraft:wooden_spear_2":25,"jujutsucraft:cursed_spirit_grade_03":5,"jujutsucraftaddon:shoko_ieri_school":2,"jujutsucraft:cursed_spirit_grade_01":29,"jujutsucraft:zenin_naoya_cursed_spirit_1":1,"jujutsucraft:shikigami_pterosaur":4,"jujutsucraft:miwa_kasumi":8,"jujutsucraft:cursed_spirit_grade_04":5,"jujutsucraft:cursed_spirit_grade_05":1,"jujutsucraft:cursed_spirit_grade_39":204,"jujutsucraft:fox_fire":35,"jujutsucraft:shigemo_haruta":6,"jujutsucraft:okkotsu_yuta":1,"jujutsucraft:cursed_spirit_grade_312":37,"jujutsucraft:cursed_spirit_grade_313":27,"jujutsucraft:cursed_spirit_grade_215":10,"jujutsucraft:larue":4,"minecraft:bee":46,"jujutsucraft:fushiguro_toji_bug":2,"jujutsucraft:flame_arrow":2,"jujutsucraft:cursed_spirit_grade_15":21,"minecraft:chicken":83,"jujutsucraft:kechizu":5,"jujutsucraft:cursed_spirit_grade_19":11,"jujutsucraft:cursed_spirit_grade_16":16,"jujutsucraft:toad":4,"jujutsucraft:fushiguro_toji":13,"jujutsucraft:rabbit_escape":9,"jujutsucraft:panda_normal":3,"jujutsucraft:rozetsu_shikigami":14,"jujutsucraft:fist":4,"jujutsucraft:cursed_spirit_grade_08":1,"jujutsucraft:cursed_spirit_grade_23":15,"jujutsucraft:cursed_spirit_grade_214":16,"jujutsucraft:zenin_ogi":2,"jujutsucraft:itadori_yuji_shibuya":15,"jujutsucraft:eso":11,"jujutsucraft:cursed_spirit_grade_317":97,"jujutsucraft:cursed_spirit_grade_38":43,"jujutsucraft:cursed_spirit_grade_34":107,"jujutsucraft:higuruma_hiromi":7,"jujutsucraft:transfigured_human_1":22,"jujutsucraft:kurusu_hana":7,"jujutsucraft:nanami_kento":4,"jujutsucraft:miyo_rokujushi":1,"jujutsucraft:nobara_kugisaki":8,"jujutsucraft:cursed_spirit_grade_27":12,"jujutsucraftaddon:sukuna_fushiguro":1,"jujutsucraft:purple":2,"jujutsucraft:mei_mei":4,"jujutsucraft:true_sphere":1,"jujutsucraft:hazenoki":3,"jujutsucraft:zenin_naoya_cursed_spirit_2":1,"jujutsucraft:ember_insect":3,"jujutsucraft:kusakabe_yatsuya":6,"jujutsucraft:dagon_2":3,"jujutsucraft:uraume":11,"jujutsucraft:eight_handled_swrod_divergent_sila_divine_general_mahoraga":2,"jujutsucraft:cursed_spirit_grade_210":29,"minecraft:wolf":10,"jujutsucraft:entity_door":4,"jujutsucraft:garuda":2,"minecraft:pig":50,"jujutsucraft:zenin_chojuro":3,"jujutsucraft:dagon_1":3,"jujutsucraft:kukuru":18,"jujutsucraft:ice_spear_2":68,"jujutsucraft:jujutsu_sorcerer":45,"jujutsucraft:nishimiya_momo":8,"minecraft:salmon":82,"jujutsucraft:itadori_yuji_shinjuku":1,"jujutsucraft:cursed_spirit_grade_213":6,"jujutsucraft:awasaka_jiro":5,"jujutsucraft:zenin_jinichi":2,"jujutsucraft:cursed_spirit_grade_09":5,"minecraft:bat":248,"jujutsucraft:choso":5,"jujutsucraft:zenin_maki":9,"jujutsucraft:hakari_kinji":1,"minecraft:wandering_trader":1,"jujutsucraft:bathynomus_giganteus":2,"jujutsucraft:coffin":1,"jujutsucraft:curse_user_1":18,"jujutsucraft:cursed_spirit_grade_211":24,"jujutsucraft:zenin_ranta":2,"jujutsucraft:curse_user":37,"jujutsucraft:mechamaru":1,"jujutsucraft:great_serpent":1,"jujutsucraft:cursed_spirit_grade_07":2,"jujutsucraft:yaga_masamichi":5,"jujutsucraft:itadori_yuji":8,"minecraft:squid":899,"jujutsucraft:divine_dog_white":1,"jujutsucraft:cursed_spirit_grade_321":84,"jujutsucraft:zenin_naoya_cursed_spirit_3":1,"jujutsucraft:polymorphic_soul_isomer":6,"minecraft:sheep":65,"jujutsucraft:panda_gorilla":4,"jujutsucraft:cursed_spirit_grade_28":17,"jujutsucraft:cursed_spirit_grade_29":16,"jujutsucraft:jogo":2,"minecraft:trader_llama":2,"minecraft:pillager":4,"jujutsucraft:blue":5,"jujutsucraft:rozetsu":4,"jujutsucraft:cursed_spirit_grade_314":106,"jujutsucraft:entity_scissors":28,"jujutsucraft:cursed_spirit_grade_14":22,"jujutsucraft:crow":13,"jujutsucraft:bullet_skull":1,"jujutsucraft:cockroaches":22,"jujutsucraft:cursed_spirit_grade_311":33,"jujutsucraft:cursed_spirit_grade_310":69,"jujutsucraft:cursed_spirit_grade_13":9,"jujutsucraft:negi_toshihisa":8,"jujutsucraft:miguel_dancer":1,"jujutsucraft:slicing_exorcism":4,"jujutsucraft:cursed_spirit_grade_18":19,"jujutsucraft:cursed_spirit_grade_17":16,"jujutsucraft:cursed_spirit_grade_36":114,"jujutsucraft:todo_aoi":2,"jujutsucraft:uro_takako":4,"jujutsucraft:zenin_maki_culling_game":2,"jujutsucraft:cursed_spirit_grade_25":22,"jujutsucraft:rika":1,"jujutsucraft:hanami":3,"jujutsucraft:moon_dregs":15,"jujutsucraft:cursed_spirit_grade_06":1,"jujutsucraft:cursed_spirit_grade_110":7,"jujutsucraft:cursed_spirit_grade_315":78,"jujutsucraft:kashimo_hajime":1,"jujutsucraft:cursed_spirit_grade_212":20,"jujutsucraft:cursed_spirit_grade_322":60,"jujutsucraft:hoshi_kirara":3,"jujutsucraft:cursed_spirit_grade_319":85,"jujutsucraft:killer_1":1,"jujutsucraft:cursed_spirit_grade_02":6,"jujutsucraft:geto_suguru_curse_user":2,"jujutsucraft:takaba_fumihiko":4,"jujutsucraftaddon:yuta_culling_games":1,"jujutsucraft:ice_spear":11,"jujutsucraft:kamo_noritoshi":8,"jujutsucraft:ino_takuma":6,"jujutsucraft:sea_serpent_mini":28,"jujutsucraft:entity_tornado":4,"jujutsucraft:q":17,"jujutsucraft:wooden_ball_1":22,"minecraft:cow":55,"jujutsucraft:fushiguro_megumi":12,"jujutsucraft:gravestone_3":3,"jujutsucraft:ogami":6},"minecraft:custom":{"minecraft:mob_kills":4954,"minecraft:open_barrel":13,"minecraft:damage_dealt_resisted":8077685,"minecraft:leave_game":8,"minecraft:time_since_death":651,"minecraft:climb_one_cm":2024,"minecraft:damage_resisted":999606,"minecraft:walk_one_cm":3820967,"minecraft:sprint_one_cm":1989790,"minecraft:drop":123,"minecraft:play_time":322376,"minecraft:sneak_time":5074,"minecraft:deaths":180,"minecraft:walk_under_water_one_cm":5766,"minecraft:jump":3532,"minecraft:walk_on_water_one_cm":10780,"minecraft:total_world_time":322376,"minecraft:time_since_rest":677,"minecraft:damage_taken":274101,"minecraft:damage_dealt":172586,"minecraft:player_kills":244,"minecraft:swim_one_cm":2334,"minecraft:open_chest":11,"minecraft:fly_one_cm":4950977,"minecraft:crouch_one_cm":46471,"minecraft:fall_one_cm":373449},"minecraft:used":{"jujutsucraft:sukuna_finger":20,"jujutsucraft:playful_cloud":12,"jujutsucraftaddon:gojo_school_spawn_egg":1,"jujutsucraft:sword_black":99,"jujutsucraft:uniform_normal_boots":1,"jujutsucraft:split_soul_katana":890,"jujutsucraft:inverted_spear_of_heaven":37,"jujutsucraftaddon:yuta_culling_games_spawn_egg":1,"jujutsucraftaddon:shoko_ieri_school_spawn_egg":2},"minecraft:picked_up":{"minecraft:chicken":12,"jujutsucraft:uniform_normal_boots":5,"jujutsucraftaddon:simple_domain_scroll":1,"jujutsucraft:clothes_zenin_boots":1,"jujutsucraftaddon:clan_changer":2,"jujutsucraft:sword_black":1,"minecraft:birch_sapling":9,"minecraft:stick":6,"minecraft:stone":37,"jujutsucraft:mahoraga_body_leggings":1,"jujutsucraft:playful_cloud":3,"minecraft:polished_blackstone_bricks":4,"minecraft:vine":1,"minecraft:diorite":1,"jujutsucraft:clothes_geto_helmet":1,"jujutsucraft:clothes_fushiguro_toji_leggings":5,"minecraft:peony":1,"jujutsucraft:armor_instant_spirit_bodyof_distorted_killing_leggings":1,"jujutsucraft:clothes_kusakabe_leggings":1,"jujutsucraft:mahito_hand_2":1,"minecraft:mutton":7,"minecraft:white_wool":2,"minecraft:skeleton_skull":1,"minecraft:cobblestone":1,"jujutsucraft:clothes_kusakabe_chestplate":1,"minecraft:feather":13,"minecraft:salmon":2,"minecraft:andesite":4,"jujutsucraft:sukuna_finger":20,"jujutsucraft:inverted_spear_of_heaven":1,"jujutsucraft:clothes_geto_chestplate":1,"minecraft:dirt":8,"minecraft:lantern":1,"jujutsucraft:uniform_normal_leggings":1,"jujutsucraft:pendant_todo_aoi":2,"minecraft:apple":1,"jujutsucraft:split_soul_katana":1,"jujutsucraft:mei_mei_axe":2,"jujutsucraft:clothes_zenin_2_leggings":3,"jujutsucraft:uniform_itadori_leggings":2,"jujutsucraft:dragon_bone":1,"jujutsucraft:nyoi_staff":1,"minecraft:gravel":2,"minecraft:ink_sac":59,"minecraft:grass_block":5,"jujutsucraft:clothes_choso_helmet":1,"jujutsucraft:uniform_q_chestplate":1,"minecraft:granite":6,"minecraft:spruce_sign":4,"minecraft:oak_sapling":5,"minecraft:black_wool":2,"minecraft:oak_leaves":4},"minecraft:killed_by":{"jujutsucraft:cursed_spirit_grade_321":1,"jujutsucraft:choso":3,"jujutsucraft:cursed_spirit_grade_01":11,"jujutsucraft:itadori_yuji":1,"jujutsucraft:cursed_spirit_grade_15":1,"jujutsucraft:cursed_spirit_grade_39":1,"minecraft:player":19,"jujutsucraft:cursed_spirit_grade_16":5,"jujutsucraft:kenjaku":1,"jujutsucraft:cursed_spirit_grade_17":1,"jujutsucraft:cursed_spirit_grade_12":3,"jujutsucraft:cursed_spirit_grade_05":2,"jujutsucraft:cursed_spirit_grade_03":1,"jujutsucraft:cursed_spirit_grade_22":2,"jujutsucraft:zenin_naoya_cursed_spirit_1":1,"jujutsucraft:curse_user_1":4,"jujutsucraft:uzumaki":2,"jujutsucraft:yoshino_junpei":1,"jujutsucraft:tsukumo_yuki":2,"jujutsucraft:kusakabe_yatsuya":13,"jujutsucraft:fushiguro_toji":15,"jujutsucraft:sukuna":23,"jujutsucraft:hanami":3,"jujutsucraft:eso":16,"jujutsucraft:curse_user":1,"jujutsucraft:gojo_satoru":3,"jujutsucraft:zenin_maki_culling_game":4,"jujutsucraft:dagon_2":2,"jujutsucraft:okkotsu_yuta":2,"jujutsucraft:zenin_maki":2,"jujutsucraft:hazenoki":1,"jujutsucraft:kurusu_hana":1,"jujutsucraft:reggie_star":2,"jujutsucraft:okkotsu_yuta_culling_game":1,"jujutsucraft:negi_toshihisa":3,"jujutsucraft:jogo":2,"jujutsucraft:higuruma_hiromi":1,"jujutsucraft:moon_dregs":1,"jujutsucraft:larue":1,"jujutsucraft:ino_takuma":1,"jujutsucraft:ishigori_ryu":1,"jujutsucraft:zenin_naoya":1,"jujutsucraft:yorozu":1,"jujutsucraft:purple":1,"jujutsucraft:cursed_spirit_grade_29":1,"jujutsucraftaddon:sukuna_no_shirt":10,"jujutsucraft:itadori_yuji_shibuya":2,"jujutsucraft:geto_suguru_curse_user":1},"minecraft:mined":{"minecraft:glass_pane":2},"minecraft:dropped":{"minecraft:spruce_sign":4,"minecraft:vine":1,"jujutsucraft:uniform_itadori_leggings":3,"jujutsucraftaddon:random_ct_changer":1,"minecraft:cobblestone":1,"minecraft:feather":13,"jujutsucraft:sword_black":2,"minecraft:lantern":1,"minecraft:apple":1,"minecraft:granite":1,"minecraft:grass_block":5,"minecraft:stick":6,"minecraft:dirt":8,"minecraft:diorite":1,"minecraft:ink_sac":59,"jujutsucraft:uniform_q_chestplate":1,"minecraft:mutton":7,"jujutsucraft:clothes_choso_helmet":1,"jujutsucraftaddon:clan_changer":4,"jujutsucraft:mei_mei_axe":2,"jujutsucraft:clothes_geto_helmet":1,"jujutsucraftaddon:cellphone":1,"minecraft:polished_blackstone_bricks":4,"jujutsucraft:dragon_bone":1,"minecraft:white_wool":2,"minecraft:gravel":2,"jujutsucraft:nyoi_staff":1,"jujutsucraft:uniform_normal_leggings":2,"jujutsucraft:playful_cloud":3,"minecraft:birch_sapling":9,"jujutsucraft:clothes_sukuna_fushiguro_chestplate":1,"minecraft:chicken":12,"jujutsucraft:uniform_itadori_chestplate":1,"minecraft:salmon":2,"jujutsucraft:uniform_normal_chestplate":1,"jujutsucraft:mahito_hand_2":1,"jujutsucraft:clothes_fushiguro_toji_leggings":6,"minecraft:stone":24,"minecraft:peony":1,"minecraft:skeleton_skull":1,"jujutsucraft:clothes_zenin_2_leggings":3,"minecraft:andesite":3,"jujutsucraft:clothes_kusakabe_leggings":1,"minecraft:oak_sapling":5,"jujutsucraft:armor_instant_spirit_bodyof_distorted_killing_leggings":1,"jujutsucraftaddon:simple_domain_scroll":2,"jujutsucraft:clothes_zenin_boots":2,"jujutsucraft:clothes_kusakabe_chestplate":1,"jujutsucraft:uniform_normal_boots":6,"minecraft:oak_leaves":4,"minecraft:black_wool":2}},"DataVersion":3465}