{"stats":{"minecraft:custom":{"minecraft:interact_with_crafting_table":93,"minecraft:open_barrel":8,"minecraft:leave_game":18,"minecraft:time_since_death":49757,"minecraft:sprint_one_cm":734821,"minecraft:damage_blocked_by_shield":1559,"minecraft:drop":94,"minecraft:play_time":512885,"minecraft:deaths":76,"minecraft:jump":8702,"minecraft:walk_on_water_one_cm":39741,"minecraft:interact_with_furnace":50,"minecraft:sleep_in_bed":18,"minecraft:waystone_activated":1,"minecraft:damage_dealt":18356,"minecraft:player_kills":4,"minecraft:crouch_one_cm":67086,"minecraft:interact_with_smoker":18,"minecraft:interact_with_smithing_table":2,"minecraft:mob_kills":123,"minecraft:damage_dealt_resisted":5,"minecraft:climb_one_cm":67806,"minecraft:walk_one_cm":1414251,"minecraft:damage_dealt_absorbed":146,"minecraft:sneak_time":14711,"minecraft:walk_under_water_one_cm":26389,"minecraft:interact_with_lectern":1,"minecraft:total_world_time":512885,"minecraft:time_since_rest":50339,"minecraft:damage_taken":23728,"minecraft:swim_one_cm":24629,"minecraft:fly_one_cm":1551726,"minecraft:open_chest":193,"minecraft:fall_one_cm":231236},"minecraft:dropped":{"scpo:money":3,"minecraft:diamond_axe":1,"minecraft:crafting_table":1,"minecraft:cooked_porkchop":12,"minecraft:leather":1,"dynamictrees:spruce_seed":17,"the_anomaly:fog_changer":1,"minecraft:dirt":23,"scpo:raw_cobalt":7,"minecraft:snowball":21,"minecraft:bone_meal":1,"minecraft:white_wool":2,"minecraft:gravel":2,"minecraft:stone_axe":2,"minecraft:iron_nugget":64,"dynamictrees:oak_seed":23,"minecraft:cobbled_deepslate":33,"minecraft:black_carpet":2,"minecraft:wheat":10,"minecraft:rotten_flesh":2,"boh:venison":6,"minecraft:gunpowder":1,"minecraft:spruce_slab":12,"minecraft:arrow":5,"the_silence:tape_monster":2,"create:rose_quartz":7,"minecraft:stripped_spruce_log":5,"minecraft:shelter_pottery_sherd":3,"minecraft:wheat_seeds":1,"minecraft:feather":1,"minecraft:cobblestone":35,"minecraft:copper_ingot":96,"minecraft:golden_apple":1,"minecraft:stick":2,"minecraft:torch":5,"the_anomaly:moon_phase_change":1,"farmersdelight:organic_compost":8,"create:raw_zinc":128,"minecraft:dandelion":1,"minecraft:redstone":22,"minecraft:snow_block":1,"minecraft:moss_carpet":1,"minecraft:stone_sword":3,"minecraft:raw_copper":66,"minecraft:tuff":1,"minecraft:raw_iron":44,"minecraft:chicken":2,"sophisticatedbackpacks:backpack":1,"minecraft:spruce_trapdoor":1,"create:zinc_ingot":96,"minecraft:andesite":64,"minecraft:stone_bricks":3,"minecraft:stone_pickaxe":2,"minecraft:wooden_pickaxe":1,"minecraft:amethyst_cluster":3,"minecraft:brick":3},"minecraft:mined":{"create:deepslate_zinc_ore":21,"minecraft:spruce_planks":3,"minecraft:white_bed":2,"scpo:cobalt_ore_deepslate":2,"create:andesite_casing":3,"scpo:cobalt_ore":3,"minecraft:carved_pumpkin":1,"minecraft:obsidian":6,"minecraft:grass_block":28,"boh:ovamorph_open":1,"minecraft:tall_seagrass":1,"minecraft:magma_block":9,"minecraft:iron_ore":62,"minecraft:cobbled_deepslate":8,"minecraft:fire":6,"minecraft:pumpkin":1,"minecraft:pointed_dripstone":2,"minecraft:oak_sign":1,"create:mechanical_press":1,"minecraft:spruce_slab":1,"minecraft:deepslate_redstone_ore":14,"create:cogwheel":4,"minecraft:brown_mushroom":9,"minecraft:red_bed":1,"farmersdelight:organic_compost":8,"minecraft:kelp_plant":5,"minecraft:smoker":3,"minecraft:torch":21,"minecraft:chest":1,"minecraft:nether_quartz_ore":9,"minecraft:cobblestone":129,"minecraft:sugar_cane":1,"minecraft:wall_torch":11,"create:large_water_wheel":3,"boh:spinel_ore_ore":2,"minecraft:grass":19,"the_silence:tele":1,"minecraft:sand":11,"minecraft:dirt":119,"minecraft:netherrack":11,"minecraft:deepslate":42,"create:zinc_ore":36,"minecraft:mossy_cobblestone":2,"minecraft:deepslate_diamond_ore":13,"minecraft:lever":1,"minecraft:ladder":81,"minecraft:spruce_fence":7,"create:large_cogwheel":3,"minecraft:decorated_pot":1,"minecraft:kelp":1,"minecraft:large_fern":1,"minecraft:spore_blossom":1,"create:shaft":3,"minecraft:furnace":2,"minecraft:carrots":1,"minecraft:snow":12,"minecraft:andesite":138,"dynamictrees:spruce_leaves":5,"scpo:iridium_ore":2,"minecraft:bookshelf":19,"minecraft:potatoes":16,"minecraft:deepslate_iron_ore":24,"minecraft:stone":774,"minecraft:podzol":1,"minecraft:smithing_table":1,"minecraft:crafting_table":2,"minecraft:tall_grass":7,"minecraft:copper_ore":26,"minecraft:deepslate_gold_ore":26,"create:water_wheel_structure":2,"minecraft:ice":3,"minecraft:spruce_log":22,"minecraft:coal_ore":98,"minecraft:cobweb":12,"minecraft:stone_bricks":4,"minecraft:fern":1},"minecraft:broken":{"minecraft:iron_chestplate":1,"minecraft:iron_leggings":1,"minecraft:stone_pickaxe":1,"minecraft:stone_sword":1,"minecraft:iron_pickaxe":3,"minecraft:iron_helmet":2},"minecraft:killed":{"minecraft:cave_spider":8,"minecraft:skeleton":9,"minecraft:chicken":1,"minecraft:pig":4,"spore:inf_player":4,"minecraft:creeper":2,"boh:deer":2,"spore:inf_villager":5,"minecraft:zombie":22,"spore:inf_human":19,"minecraft:stray":2,"minecraft:cow":2,"spore:inf_pillager":3,"spore:inf_witch":2},"minecraft:used":{"minecraft:iron_shovel":91,"minecraft:spruce_slab":2,"create:piston_extension_pole":21,"minecraft:ladder":226,"minecraft:chest":5,"minecraft:shield":24,"minecraft:iron_sword":242,"create:mechanical_bearing":1,"minecraft:mutton":3,"create:cogwheel":41,"create:mechanical_crafter":21,"minecraft:carrot":1,"create:depot":1,"minecraft:obsidian":11,"minecraft:lava_bucket":18,"create:millstone":1,"minecraft:magma_block":1,"create:shaft":22,"minecraft:furnace":3,"minecraft:potato":18,"minecraft:diamond_boots":1,"minecraft:oak_planks":9,"minecraft:stone_pickaxe":202,"minecraft:cactus":3,"minecraft:wooden_pickaxe":7,"create:copper_valve_handle":13,"minecraft:sand":3,"minecraft:crossbow":1,"minecraft:shears":1,"minecraft:lever":6,"easy_villagers:villager":1,"minecraft:bread":2,"minecraft:brown_wool":1,"minecraft:spore_blossom":1,"create:andesite_casing":3,"create:basin":1,"minecraft:smithing_table":1,"create:vertical_gearbox":7,"create:large_cogwheel":29,"minecraft:stone_sword":164,"minecraft:flint_and_steel":1,"minecraft:carved_pumpkin":1,"minecraft:spruce_planks":9,"create:sticky_mechanical_piston":9,"minecraft:cooked_salmon":3,"minecraft:torch":47,"minecraft:dirt":97,"create:mechanical_mixer":1,"create:redstone_contact":4,"minecraft:spruce_fence":7,"minecraft:iron_hoe":19,"create:gearbox":4,"create:wrench":164,"minecraft:iron_axe":219,"minecraft:iron_boots":1,"create:encased_chain_drive":3,"minecraft:golden_carrot":5,"minecraft:cooked_beef":1,"minecraft:cobbled_deepslate":15,"minecraft:pumpkin":2,"create:belt_connector":4,"create:gearshift":4,"minecraft:cooked_mutton":1,"minecraft:water_bucket":30,"minecraft:snow_block":2,"minecraft:baked_potato":1,"minecraft:brown_mushroom":1,"minecraft:cobblestone_slab":5,"create:blaze_burner":1,"create:encased_fan":1,"minecraft:crafting_table":7,"minecraft:red_bed":2,"minecraft:white_bed":2,"minecraft:spruce_log":63,"minecraft:smoker":4,"create:linear_chassis":31,"minecraft:diamond_pickaxe":275,"minecraft:apple":5,"create:mechanical_press":2,"minecraft:iron_pickaxe":1013,"create:large_water_wheel":16,"minecraft:stone_axe":6,"minecraft:cobblestone":1088,"minecraft:potion":1,"minecraft:cooked_porkchop":15,"minecraft:bucket":53,"create:hand_crank":15,"create:redstone_link":3},"minecraft:killed_by":{"the_silence:the_silence_principal":1,"minecraft:creeper":10,"spore:inf_human":4,"spore:inf_player":1,"minecraft:cave_spider":7,"minecraft:zombie":3,"minecraft:player":3,"spore:busser":1,"minecraft:stray":2,"minecraft:iron_golem":1,"spore:inf_wanderer":1,"apollyon:the_damned":6,"minecraft:skeleton":2},"minecraft:crafted":{"minecraft:oak_planks":56,"minecraft:cobblestone_slab":6,"minecraft:stone":1,"minecraft:lever":4,"create:mechanical_bearing":1,"create:vertical_gearbox":1,"minecraft:green_dye":4,"minecraft:glass":2,"minecraft:iron_boots":1,"create:mechanical_press":1,"minecraft:chest":5,"create:cogwheel":40,"minecraft:smoker":1,"minecraft:oak_slab":6,"create:depot":1,"sophisticatedbackpacks:backpack":1,"create:rose_quartz":7,"minecraft:cooked_porkchop":15,"minecraft:crafting_table":12,"minecraft:spruce_planks":312,"minecraft:wooden_pickaxe":1,"create:piston_extension_pole":16,"minecraft:iron_helmet":2,"minecraft:copper_ingot":3,"create:sand_paper":3,"create:gearshift":4,"minecraft:pumpkin_seeds":4,"create:encased_chain_drive":3,"create:mechanical_mixer":1,"create:gearbox":4,"create:encased_fan":1,"minecraft:iron_chestplate":2,"minecraft:paper":3,"minecraft:diamond_pickaxe":1,"create:water_wheel":8,"minecraft:shield":1,"create:super_glue":1,"minecraft:stick":40,"minecraft:iron_ingot":120,"minecraft:iron_pickaxe":5,"spore:plated_muscle":3,"minecraft:iron_block":1,"minecraft:stone_sword":1,"minecraft:snow_block":2,"minecraft:gold_ingot":4,"create:large_cogwheel":12,"create:propeller":1,"spore:living_helmet":1,"minecraft:shears":1,"create:empty_blaze_burner":1,"create:wrench":1,"minecraft:iron_nugget":153,"minecraft:furnace":2,"minecraft:bone_meal":6,"minecraft:spruce_fence":6,"minecraft:flint_and_steel":1,"minecraft:iron_axe":1,"minecraft:ladder":27,"minecraft:iron_hoe":1,"minecraft:spruce_slab":6,"minecraft:slime_ball":5,"create:millstone":1,"minecraft:lime_dye":8,"minecraft:stone_pickaxe":2,"create:basin":1,"create:electron_tube":7,"create:belt_connector":1,"create:copper_valve_handle":1,"minecraft:cooked_beef":1,"create:andesite_alloy":32,"create:hand_crank":2,"create:mechanical_piston":3,"minecraft:dried_kelp":6,"minecraft:iron_sword":1,"create:dough":5,"create:goggles":1,"create:large_water_wheel":8,"create:redstone_contact":2,"minecraft:bucket":1,"create:sticky_mechanical_piston":3,"minecraft:stone_axe":1,"minecraft:air":0,"create:whisk":1,"minecraft:white_dye":4,"create:linear_chassis":24,"create:mechanical_crafter":21,"minecraft:iron_shovel":1,"minecraft:iron_leggings":2,"create:shaft":88,"spore:nerves":8,"minecraft:torch":32},"minecraft:picked_up":{"minecraft:wheat":1,"spore:mutated_heart":5,"minecraft:black_carpet":2,"minecraft:smithing_table":1,"boh:spinel":2,"minecraft:potion":1,"minecraft:enchanted_book":1,"minecraft:string":14,"minecraft:raw_copper":100,"minecraft:cooked_salmon":8,"minecraft:oak_sign":1,"create:sticky_mechanical_piston":1,"minecraft:deepslate_tiles":3,"scpo:raw_iridium":2,"create:mechanical_press":1,"minecraft:cobbled_deepslate":106,"minecraft:spruce_planks":3,"dynamictrees:oak_seed":23,"minecraft:furnace":2,"minecraft:stick":241,"minecraft:torch":34,"create:andesite_casing":3,"minecraft:snow_block":1,"minecraft:porkchop":15,"minecraft:pointed_dripstone":5,"the_silence:tape_monster":2,"create:large_cogwheel":3,"easy_villagers:villager":1,"minecraft:stone_sword":3,"minecraft:rotten_flesh":6,"minecraft:carved_pumpkin":1,"minecraft:obsidian":11,"minecraft:snowball":109,"minecraft:cobblestone":1245,"minecraft:magma_block":8,"minecraft:feather":1,"minecraft:andesite":203,"minecraft:brown_wool":1,"minecraft:smoker":3,"minecraft:potato":22,"minecraft:flint":2,"minecraft:tuff":1,"create:raw_zinc":145,"minecraft:dirt":166,"minecraft:bone":4,"minecraft:wheat_seeds":1,"minecraft:raw_gold":27,"create:shaft":5,"minecraft:oak_planks":1,"spore:cerebrum":11,"minecraft:cooked_porkchop":12,"create:cogwheel":4,"minecraft:sand":11,"minecraft:stripped_spruce_log":10,"sophisticatedbackpacks:iron_backpack":1,"spore:claw_fragment":1,"minecraft:spruce_fence_gate":1,"minecraft:diamond":35,"minecraft:lever":2,"waystones:waystone":2,"minecraft:crossbow":2,"minecraft:bone_meal":1,"minecraft:netherrack":13,"minecraft:shelter_pottery_sherd":3,"minecraft:crafting_table":3,"boh:venison":6,"minecraft:chicken":2,"minecraft:ladder":192,"minecraft:brown_mushroom":9,"dynamictrees:spruce_seed":50,"minecraft:brick":3,"the_silence:tele":1,"minecraft:moss_carpet":1,"minecraft:red_bed":2,"minecraft:iron_axe":3,"create:redstone_link":1,"minecraft:beef":2,"minecraft:spruce_slab":14,"minecraft:sugar_cane":10,"minecraft:chest":1,"minecraft:spruce_trapdoor":1,"minecraft:raw_iron":178,"minecraft:copper_ingot":64,"minecraft:spruce_fence":7,"minecraft:amethyst_cluster":3,"sophisticatedbackpacks:backpack":1,"minecraft:redstone":229,"minecraft:stone_button":1,"create:hand_crank":4,"minecraft:carrot":1,"create:zinc_ingot":64,"minecraft:arrow":5,"minecraft:diamond_boots":1,"spore:tendons":6,"minecraft:mutton":3,"minecraft:white_wool":2,"minecraft:golden_carrot":12,"minecraft:leather":6,"minecraft:oak_log":18,"minecraft:gunpowder":5,"farmersdelight:organic_compost":8,"minecraft:cooked_mutton":1,"create:crushing_wheel":2,"minecraft:stone_bricks":3,"minecraft:kelp":54,"minecraft:spore_blossom":1,"minecraft:iron_ingot":61,"minecraft:stone_pickaxe":1,"spore:mutated_fiber":47,"sophisticatedbackpacks:diamond_backpack":1,"minecraft:book":54,"create:large_water_wheel":8,"minecraft:pumpkin":8,"minecraft:quartz":16,"minecraft:dandelion":1,"minecraft:gravel":2,"minecraft:white_bed":2,"minecraft:spruce_log":169,"minecraft:leather_helmet":1,"minecraft:pumpkin_seeds":4,"minecraft:stone_axe":1,"minecraft:baked_potato":1,"scpo:raw_cobalt":7,"minecraft:coal":140}},"DataVersion":3465}