{"stats":{"minecraft:dropped":{"minecraft:birch_planks":7,"create:crimsite":14,"minecraft:iron_pickaxe":1,"iammusicplayer:parabolic_antenna":1,"minecraft:gold_ingot":1,"minecraft:iron_nugget":122,"minecraft:cobbled_deepslate":1,"minecraft:azalea":6,"minecraft:iron_ingot":5,"create:rose_quartz":2,"minecraft:copper_ingot":64,"minecraft:rabbit":1,"minecraft:flowering_azalea":1,"minecraft:mud":1,"butcher:villagerbrain":2,"minecraft:kelp":1,"butcher:villager_head_brain_remove":1,"minecraft:flint_and_steel":1,"minecraft:orange_terracotta":1,"create:zinc_ingot":41,"minecraft:diamond_pickaxe":1,"minecraft:andesite":72},"minecraft:killed":{"minecraft:cave_spider":4,"minecraft:spider":1,"minecraft:skeleton":10,"minecraft:pig":6,"minecraft:iron_golem":1,"minecraft:sheep":4,"minecraft:zombie":2,"minecraft:blaze":1,"minecraft:enderman":1},"minecraft:custom":{"minecraft:animals_bred":2,"minecraft:interact_with_crafting_table":77,"minecraft:open_barrel":16,"minecraft:leave_game":8,"minecraft:time_since_death":33024,"minecraft:sprint_one_cm":663669,"minecraft:damage_blocked_by_shield":525,"minecraft:drop":27,"minecraft:play_time":386439,"minecraft:deaths":38,"minecraft:jump":5314,"minecraft:walk_on_water_one_cm":102750,"minecraft:interact_with_furnace":44,"minecraft:sleep_in_bed":7,"minecraft:damage_dealt":6837,"minecraft:player_kills":5,"minecraft:crouch_one_cm":27865,"minecraft:interact_with_smoker":11,"minecraft:interact_with_smithing_table":1,"minecraft:mob_kills":32,"minecraft:climb_one_cm":1104,"minecraft:walk_one_cm":1776894,"minecraft:sneak_time":7656,"minecraft:walk_under_water_one_cm":18853,"minecraft:total_world_time":386439,"minecraft:interact_with_stonecutter":8,"minecraft:time_since_rest":33046,"minecraft:damage_taken":8437,"minecraft:trigger_trapped_chest":1,"minecraft:swim_one_cm":26199,"minecraft:fly_one_cm":1724922,"minecraft:open_chest":211,"minecraft:fall_one_cm":155734},"minecraft:broken":{"minecraft:stone_pickaxe":2,"minecraft:stone_axe":2,"minecraft:wooden_axe":1,"minecraft:wooden_pickaxe":1,"minecraft:iron_pickaxe":2},"minecraft:used":{"wom:satsujin":8,"minecraft:chest":10,"minecraft:shield":6,"minecraft:mutton":1,"iammusicplayer:boombox":3,"create:cogwheel":98,"create:depot":4,"minecraft:obsidian":12,"minecraft:lava_bucket":2,"minecraft:lantern":5,"create:millstone":4,"minecraft:birch_trapdoor":7,"minecraft:golden_sword":2,"create:shaft":8,"minecraft:furnace":4,"epicfight:skillbook":7,"minecraft:stone_pickaxe":271,"minecraft:oak_planks":12,"minecraft:wooden_pickaxe":59,"minecraft:sandstone":5,"iammusicplayer:music_manager":3,"minecraft:sand":9,"createaddition:rolling_mill":1,"minecraft:chiseled_sandstone":62,"minecraft:bread":3,"create:andesite_casing":1,"create:basin":3,"minecraft:smithing_table":1,"minecraft:birch_log":4,"create:large_cogwheel":20,"minecraft:flint_and_steel":1,"minecraft:sandstone_wall":18,"minecraft:torch":24,"minecraft:dirt":17,"minecraft:anvil":1,"create:mechanical_mixer":3,"minecraft:wooden_axe":39,"create:wrench":115,"minecraft:smooth_sandstone":124,"minecraft:spawner":1,"minecraft:cobbled_deepslate":5,"minecraft:orange_terracotta":139,"minecraft:cooked_mutton":3,"minecraft:water_bucket":18,"minecraft:sandstone_stairs":3,"minecraft:birch_planks":227,"create:empty_blaze_burner":1,"minecraft:smooth_sandstone_slab":8,"minecraft:cut_sandstone":5,"minecraft:stonecutter":1,"minecraft:green_bed":3,"create:blaze_burner":1,"minecraft:terracotta":23,"create:encased_fan":1,"minecraft:crafting_table":8,"minecraft:birch_sign":9,"minecraft:smoker":1,"minecraft:oak_log":6,"minecraft:diamond_pickaxe":752,"create:mechanical_press":5,"minecraft:iron_pickaxe":544,"create:water_wheel":2,"create:large_water_wheel":17,"minecraft:stone_axe":332,"minecraft:cobblestone":148,"minecraft:jungle_door":2,"minecraft:bucket":23,"minecraft:sandstone_slab":25,"create:hand_crank":7,"epicfight:uchigatana":13},"minecraft:crafted":{"minecraft:oak_planks":52,"iammusicplayer:music_manager":1,"iammusicplayer:boombox":1,"createaddition:rolling_mill":1,"minecraft:stone":4,"minecraft:cooked_mutton":5,"minecraft:glass":2,"minecraft:iron_boots":1,"create:mechanical_press":1,"minecraft:chest":8,"minecraft:birch_button":1,"create:cogwheel":27,"minecraft:smoker":1,"create:depot":3,"create:rose_quartz":2,"minecraft:crafting_table":1,"minecraft:wooden_pickaxe":1,"minecraft:clock":1,"create:sand_paper":1,"minecraft:birch_planks":540,"createdieselgenerators:oil_scanner":1,"create:redstone_link":2,"create:mechanical_mixer":1,"create:encased_fan":1,"minecraft:paper":3,"minecraft:diamond_pickaxe":1,"create:water_wheel":12,"minecraft:shield":1,"minecraft:stick":24,"minecraft:iron_ingot":117,"minecraft:iron_pickaxe":2,"minecraft:iron_block":1,"minecraft:gold_ingot":18,"minecraft:sandstone":16,"create:large_cogwheel":11,"create:propeller":1,"minecraft:redstone_torch":2,"minecraft:shears":1,"minecraft:sandstone_stairs":4,"create:empty_blaze_burner":1,"create:wrench":1,"minecraft:jukebox":1,"minecraft:iron_nugget":90,"minecraft:furnace":2,"minecraft:glass_pane":16,"minecraft:flint_and_steel":1,"minecraft:lantern":4,"create:millstone":1,"minecraft:stone_pickaxe":2,"create:basin":1,"create:electron_tube":2,"create:belt_connector":2,"minecraft:birch_sign":3,"minecraft:wheat":81,"create:andesite_alloy":12,"create:hand_crank":2,"minecraft:dried_kelp":12,"minecraft:smooth_sandstone":48,"create:goggles":1,"create:large_water_wheel":13,"iammusicplayer:radio_antenna":1,"minecraft:sandstone_slab":6,"minecraft:mangrove_planks":16,"minecraft:bucket":1,"minecraft:stone_axe":3,"minecraft:air":0,"wom:satsujin":1,"create:whisk":1,"minecraft:birch_trapdoor":12,"minecraft:wooden_axe":2,"minecraft:iron_leggings":1,"minecraft:stonecutter":1,"create:shaft":56,"minecraft:note_block":2,"minecraft:torch":16},"minecraft:killed_by":{"minecraft:creeper":3,"minecraft:zombie":4,"minecraft:husk":1,"minecraft:player":2,"minecraft:iron_golem":1,"minecraft:skeleton":5,"cataclysm:netherite_monstrosity":2},"minecraft:mined":{"create:deepslate_zinc_ore":55,"minecraft:stone_pressure_plate":2,"create:andesite_casing":3,"minecraft:red_nether_bricks":4,"minecraft:obsidian":9,"minecraft:potted_dead_bush":1,"minecraft:grass_block":1,"iammusicplayer:boombox":1,"minecraft:nether_wart":6,"minecraft:sandstone_stairs":3,"minecraft:spawner":1,"minecraft:polished_blackstone_bricks":2,"minecraft:tall_seagrass":4,"minecraft:glowstone":12,"minecraft:iron_ore":52,"minecraft:fire":5,"minecraft:anvil":1,"butcher:villagerbrain":2,"minecraft:pointed_dripstone":12,"minecraft:birch_wall_sign":4,"create:mechanical_press":2,"iammusicplayer:music_manager":1,"create:limestone":33,"minecraft:green_bed":3,"minecraft:sandstone_slab":11,"minecraft:deepslate_redstone_ore":36,"create:cogwheel":3,"minecraft:cut_sandstone":6,"minecraft:brown_mushroom":14,"minecraft:jungle_door":1,"minecraft:blackstone":5,"minecraft:kelp_plant":15,"minecraft:orange_terracotta":163,"minecraft:clay":16,"minecraft:torch":5,"minecraft:chest":2,"minecraft:dead_bush":1,"minecraft:nether_quartz_ore":52,"minecraft:cobblestone":118,"minecraft:sugar_cane":15,"minecraft:oak_planks":13,"minecraft:smooth_sandstone_slab":21,"minecraft:wall_torch":4,"minecraft:amethyst_block":6,"minecraft:seagrass":5,"create:basin":1,"minecraft:blue_terracotta":1,"minecraft:birch_log":1,"minecraft:wheat":5,"minecraft:birch_trapdoor":1,"create:mechanical_mixer":1,"butcher:sulfurore":2,"minecraft:tnt":23,"minecraft:grass":8,"create:hand_crank":3,"minecraft:sand":62,"minecraft:dirt":4,"minecraft:crimson_planks":2,"minecraft:sandstone_wall":2,"minecraft:mangrove_log":1,"minecraft:netherrack":15,"create:crimsite":7,"minecraft:oak_leaves":7,"minecraft:deepslate":18,"create:zinc_ore":51,"minecraft:tuff":3,"minecraft:deepslate_diamond_ore":2,"minecraft:nether_bricks":2,"minecraft:kelp":6,"minecraft:sandstone":180,"minecraft:hay_block":9,"minecraft:redstone_ore":1,"create:shaft":2,"minecraft:furnace":3,"minecraft:chiseled_sandstone":6,"minecraft:andesite":194,"treechop:chopped_log":27,"minecraft:gold_block":2,"minecraft:deepslate_iron_ore":10,"minecraft:lantern":1,"minecraft:stone":117,"minecraft:redstone_wall_torch":1,"minecraft:soul_sand":16,"minecraft:smooth_sandstone":216,"minecraft:crafting_table":7,"butcher:villager_head_brain_remove":2,"create:water_wheel":1,"minecraft:copper_ore":74,"minecraft:lapis_ore":1,"minecraft:deepslate_gold_ore":11,"minecraft:lime_bed":1,"minecraft:birch_planks":49,"minecraft:cactus":3,"minecraft:coal_ore":47,"minecraft:terracotta":31,"minecraft:birch_sign":2,"minecraft:gold_ore":5,"paraglider:goddess_statue":2},"minecraft:picked_up":{"minecraft:wheat":3,"minecraft:flower_pot":1,"minecraft:anvil":1,"minecraft:crimson_planks":2,"minecraft:amethyst_block":6,"paraglider:goddess_statue":2,"minecraft:string":13,"minecraft:raw_copper":255,"create:limestone":33,"minecraft:red_nether_bricks":3,"create:water_wheel":1,"minecraft:sea_pickle":2,"minecraft:cobbled_deepslate":22,"create:mechanical_press":2,"minecraft:redstone_torch":2,"minecraft:azalea":13,"minecraft:netherite_upgrade_smithing_template":1,"minecraft:iron_pickaxe":1,"minecraft:mangrove_log":4,"minecraft:furnace":3,"minecraft:stick":58,"create:mechanical_mixer":1,"minecraft:jungle_door":2,"minecraft:birch_trapdoor":1,"minecraft:torch":16,"minecraft:green_bed":3,"create:andesite_casing":3,"minecraft:porkchop":10,"epicfight:skillbook":2,"minecraft:sandstone_wall":2,"minecraft:pointed_dripstone":25,"minecraft:cactus":6,"minecraft:netherite_chestplate":1,"iammusicplayer:boombox":1,"minecraft:obsidian":9,"minecraft:iron_bars":2,"minecraft:cobblestone":227,"minecraft:birch_log":138,"minecraft:dune_armor_trim_smithing_template":2,"minecraft:andesite":222,"paraglider:spirit_orb":2,"minecraft:flint":1,"minecraft:tuff":5,"create:raw_zinc":124,"minecraft:lapis_lazuli":4,"minecraft:stripped_birch_log":1,"minecraft:dirt":18,"minecraft:lantern":1,"minecraft:bone":8,"minecraft:bow":1,"minecraft:wheat_seeds":13,"minecraft:raw_gold":28,"create:shaft":2,"minecraft:rabbit":1,"minecraft:diamond_helmet":1,"minecraft:glowstone_dust":51,"minecraft:oak_planks":20,"create:cogwheel":5,"minecraft:sand":85,"minecraft:nether_brick_stairs":1,"minecraft:dead_bush":1,"minecraft:chiseled_sandstone":7,"butcher:sulfur":4,"minecraft:blue_terracotta":1,"create:crimsite":14,"minecraft:diamond":7,"butcher:butchersguidebook":2,"minecraft:bread":11,"minecraft:emerald":1,"minecraft:oak_sapling":16,"minecraft:netherrack":39,"minecraft:diamond_pickaxe":1,"minecraft:mud":1,"minecraft:crafting_table":7,"minecraft:sandstone_slab":10,"minecraft:nether_wart":6,"minecraft:clay_ball":64,"minecraft:brown_mushroom":15,"butcher:bloodpuddle_2":2,"minecraft:gold_block":2,"butcher:villagerbrain":2,"minecraft:flint_and_steel":1,"minecraft:blackstone":6,"create:basin":1,"minecraft:light_gray_wool":1,"minecraft:chest":2,"minecraft:sugar_cane":46,"minecraft:birch_sapling":44,"minecraft:sandstone":180,"minecraft:raw_iron":125,"immersivecaves:immersive_caves_guide":3,"create:golden_sheet":1,"minecraft:polished_blackstone_bricks":2,"create:hand_crank":4,"iammusicplayer:cassette_tape":1,"minecraft:redstone":196,"minecraft:stone_pressure_plate":2,"minecraft:smooth_sandstone_slab":20,"minecraft:tnt":19,"minecraft:arrow":6,"minecraft:nether_bricks":6,"iammusicplayer:parabolic_antenna":2,"minecraft:hay_block":9,"minecraft:sandstone_stairs":3,"butcher:villager_head_brain_remove":1,"minecraft:mutton":6,"minecraft:white_wool":4,"minecraft:lime_bed":1,"create:iron_sheet":5,"minecraft:cut_sandstone":6,"minecraft:birch_planks":49,"minecraft:oak_log":33,"minecraft:gunpowder":3,"minecraft:orange_terracotta":161,"minecraft:smooth_sandstone":215,"minecraft:red_nether_brick_stairs":1,"minecraft:kelp":65,"minecraft:iron_ingot":10,"minecraft:soul_sand":16,"minecraft:flowering_azalea":1,"minecraft:quartz":52,"minecraft:cracked_nether_bricks":2,"minecraft:gravel":7,"epicfight:uchigatana":1,"minecraft:spider_eye":3,"create:millstone":1,"minecraft:slime_ball":17,"minecraft:birch_sign":5,"minecraft:mossy_cobblestone_stairs":2,"minecraft:terracotta":31,"minecraft:mangrove_propagule":1,"minecraft:coal":101}},"DataVersion":3465}