{"stats":{"minecraft:killed_by":{"minecraft:creeper":3,"minecraft:drowned":1,"sanitydim:rotting_stalker":2,"siren_head:siren_head":1,"minecraft:warden":1,"minecraft:silverfish":1,"siren_head:siren_head_crawl_had_to_make_seprate_entity_for_this_ver":3,"minecraft:skeleton":1,"minecraft:zombie":3,"boh:gray_alien":2},"minecraft:crafted":{"minecraft:iron_nugget":18,"minecraft:furnace":1,"minecraft:bone_meal":3,"minecraft:iron_boots":1,"minecraft:iron_axe":1,"minecraft:stone_pickaxe":8,"minecraft:chest":3,"sophisticatedbackpacks:backpack":1,"minecraft:cauldron":2,"minecraft:crafting_table":2,"minecraft:spruce_planks":24,"minecraft:wooden_pickaxe":1,"minecraft:iron_helmet":1,"minecraft:copper_ingot":17,"minecraft:bucket":1,"minecraft:stone_axe":3,"minecraft:air":0,"minecraft:shield":1,"minecraft:stick":8,"minecraft:iron_ingot":76,"minecraft:iron_pickaxe":2,"minecraft:iron_leggings":1,"minecraft:acacia_planks":12,"minecraft:torch":4},"minecraft:picked_up":{"minecraft:crafting_table":2,"minecraft:iron_chestplate":1,"minecraft:ladder":4,"minecraft:stone_slab":1,"minecraft:smithing_table":1,"dynamictrees:spruce_seed":17,"boh:spinel":19,"minecraft:potion":1,"minecraft:brewing_stand":1,"minecraft:amethyst_block":7,"minecraft:string":12,"minecraft:red_bed":2,"minecraft:raw_copper":418,"minecraft:cyan_carpet":4,"minecraft:cobbled_deepslate":68,"minecraft:cartography_table":1,"minecraft:smooth_stone":2,"minecraft:spruce_planks":2,"minecraft:beef":2,"minecraft:observer":1,"minecraft:iron_nugget":6,"dynamictrees:oak_seed":8,"minecraft:iron_pickaxe":2,"minecraft:sugar_cane":10,"minecraft:chest":2,"minecraft:spruce_trapdoor":1,"minecraft:furnace":1,"minecraft:egg":4,"minecraft:stick":64,"minecraft:raw_iron":114,"minecraft:composter":1,"minecraft:copper_ingot":18,"minecraft:torch":7,"minecraft:acacia_log":3,"minecraft:note_block":109,"minecraft:porkchop":5,"minecraft:pointed_dripstone":91,"minecraft:redstone":51,"minecraft:cauldron":3,"dtterralith:moonlight_pine_seed":1,"minecraft:arrow":33,"minecraft:rotten_flesh":7,"minecraft:gold_ingot":13,"minecraft:glow_berries":12,"minecraft:mutton":7,"minecraft:white_wool":17,"minecraft:cobblestone":73,"minecraft:lilac":1,"minecraft:feather":4,"minecraft:dark_oak_button":4,"minecraft:water_bucket":1,"minecraft:andesite":223,"minecraft:leather":6,"minecraft:tuff":3,"create:raw_zinc":161,"minecraft:gunpowder":34,"sanitydim:garland":3,"minecraft:lapis_lazuli":63,"minecraft:dirt":4,"boh:simons_book":1,"minecraft:bone":23,"minecraft:kelp":19,"minecraft:bow":1,"minecraft:wheat_seeds":9,"minecraft:raw_gold":42,"minecraft:iron_ingot":44,"minecraft:stone_pickaxe":1,"minecraft:glass_bottle":1,"minecraft:oak_planks":17,"minecraft:book":18,"minecraft:polished_andesite_stairs":1,"minecraft:dripstone_block":1,"minecraft:dropper":1,"minecraft:amethyst_shard":61,"minecraft:blast_furnace":2,"minecraft:ink_sac":3,"minecraft:spruce_log":13,"minecraft:spectral_arrow":12,"minecraft:spider_eye":8,"minecraft:bundle":1,"minecraft:dispenser":1,"create:crimsite":124,"minecraft:diamond":12,"minecraft:stone_axe":1,"minecraft:bone_meal":3,"minecraft:warped_roots":2,"minecraft:rooted_dirt":2,"minecraft:coal":298},"minecraft:custom":{"minecraft:interact_with_anvil":1,"minecraft:mob_kills":78,"minecraft:interact_with_crafting_table":28,"minecraft:open_barrel":33,"minecraft:leave_game":16,"minecraft:time_since_death":25264,"minecraft:climb_one_cm":4761,"minecraft:sprint_one_cm":342267,"minecraft:walk_one_cm":546691,"minecraft:damage_blocked_by_shield":735,"minecraft:drop":53,"minecraft:play_noteblock":77,"minecraft:damage_dealt_absorbed":33,"minecraft:talked_to_villager":35,"minecraft:play_time":289878,"minecraft:sneak_time":7024,"minecraft:deaths":24,"minecraft:walk_under_water_one_cm":15924,"minecraft:jump":4314,"minecraft:interact_with_brewingstand":1,"minecraft:interact_with_blast_furnace":11,"minecraft:walk_on_water_one_cm":21795,"minecraft:total_world_time":289878,"minecraft:interact_with_furnace":17,"minecraft:tune_noteblock":1,"minecraft:sleep_in_bed":2,"minecraft:time_since_rest":25652,"minecraft:damage_taken":7650,"minecraft:damage_absorbed":40,"minecraft:damage_dealt":16859,"minecraft:player_kills":4,"minecraft:swim_one_cm":25679,"minecraft:fly_one_cm":1051688,"minecraft:open_chest":55,"minecraft:crouch_one_cm":12812,"minecraft:interact_with_smoker":4,"minecraft:fall_one_cm":136416},"minecraft:broken":{"sanitydim:garland":2,"minecraft:stone_pickaxe":4,"minecraft:leather_boots":1,"minecraft:stone_axe":3,"minecraft:iron_pickaxe":1},"minecraft:dropped":{"minecraft:porkchop":2,"minecraft:wheat_seeds":5,"minecraft:glass_bottle":1,"minecraft:dripstone_block":1,"minecraft:glow_berries":9,"minecraft:warped_roots":2,"minecraft:dark_oak_button":4,"create:crimsite":60,"dynamictrees:spruce_seed":7,"minecraft:coal":20,"minecraft:dirt":4,"minecraft:torch":1,"minecraft:mutton":7,"minecraft:potion":1,"minecraft:amethyst_shard":5,"dtterralith:moonlight_pine_seed":1,"minecraft:iron_pickaxe":2,"minecraft:string":1,"minecraft:white_wool":5,"minecraft:bucket":1,"minecraft:acacia_planks":4,"minecraft:cyan_carpet":4,"minecraft:note_block":55,"minecraft:stone_axe":1,"minecraft:sugar_cane":3,"minecraft:cobbled_deepslate":2,"minecraft:rotten_flesh":5,"minecraft:stone_slab":1,"minecraft:rabbit_foot":1,"minecraft:leather_boots":1,"minecraft:ladder":2,"minecraft:spruce_log":7,"minecraft:beef":2,"minecraft:arrow":1,"minecraft:bow":1,"minecraft:stone_pickaxe":1,"minecraft:wooden_pickaxe":1,"boh:simons_book":1},"minecraft:killed":{"minecraft:spider":1,"minecraft:skeleton":12,"minecraft:drowned":1,"boh:rat":5,"minecraft:pig":1,"minecraft:squid":1,"minecraft:creeper":7,"minecraft:sheep":6,"minecraft:zombie":23,"minecraft:stray":1,"boh:saw_runner":1,"boh:gray_alien":5,"cave_dweller:cave_dweller":1,"minecraft:villager":3,"minecraft:cow":4},"minecraft:used":{"minecraft:chest":4,"minecraft:spruce_planks":1,"minecraft:shield":14,"minecraft:stone":6,"minecraft:torch":8,"minecraft:tuff":3,"minecraft:lava_bucket":6,"minecraft:rooted_dirt":2,"minecraft:iron_axe":40,"minecraft:polished_andesite_stairs":1,"minecraft:stone_bricks":3,"minecraft:furnace":2,"minecraft:cobbled_deepslate":34,"minecraft:pointed_dripstone":2,"minecraft:water_bucket":10,"minecraft:amethyst_block":6,"cave_dweller:cave_dweller_spawn_egg":1,"minecraft:stone_pickaxe":798,"minecraft:oak_planks":6,"minecraft:wooden_pickaxe":6,"minecraft:cauldron":2,"minecraft:large_amethyst_bud":3,"minecraft:golden_apple":1,"minecraft:crafting_table":4,"minecraft:red_bed":1,"minecraft:blast_furnace":2,"minecraft:small_amethyst_bud":1,"minecraft:amethyst_cluster":7,"minecraft:iron_pickaxe":288,"minecraft:budding_amethyst":1,"minecraft:spruce_trapdoor":1,"minecraft:stone_axe":261,"minecraft:cobblestone":3,"minecraft:andesite":2,"minecraft:bucket":16,"minecraft:kelp":1,"minecraft:smooth_stone":1},"minecraft:mined":{"create:zinc_ore":48,"minecraft:large_amethyst_bud":7,"create:deepslate_zinc_ore":54,"minecraft:tuff":3,"minecraft:spruce_planks":1,"minecraft:deepslate_diamond_ore":5,"minecraft:brewing_stand":1,"minecraft:budding_amethyst":1,"minecraft:chiseled_bookshelf":2,"farmersdelight:wild_cabbages":2,"minecraft:kelp":1,"minecraft:composter":1,"minecraft:cartography_table":1,"minecraft:moss_block":1,"minecraft:infested_chiseled_stone_bricks":1,"minecraft:rooted_dirt":3,"minecraft:smooth_stone":2,"minecraft:furnace":1,"minecraft:iron_ore":55,"minecraft:cobbled_deepslate":7,"minecraft:fire":6,"minecraft:andesite":224,"minecraft:deepslate_lapis_ore":3,"minecraft:water_cauldron":1,"minecraft:bookshelf":6,"minecraft:pointed_dripstone":17,"minecraft:cave_vines":2,"minecraft:deepslate_iron_ore":44,"minecraft:small_amethyst_bud":1,"minecraft:white_tulip":1,"minecraft:stone":67,"minecraft:smithing_table":1,"minecraft:deepslate_redstone_ore":6,"minecraft:red_bed":1,"minecraft:blackstone":6,"minecraft:kelp_plant":2,"minecraft:medium_amethyst_bud":1,"minecraft:soul_fire":2,"minecraft:amethyst_cluster":12,"minecraft:observer":1,"minecraft:cornflower":1,"minecraft:crafting_table":2,"minecraft:torch":2,"minecraft:note_block":57,"minecraft:blast_furnace":2,"minecraft:dropper":1,"minecraft:polished_andesite_stairs":1,"minecraft:warped_roots":1,"minecraft:chest":2,"minecraft:rose_bush":1,"minecraft:stone_slab":3,"minecraft:copper_ore":78,"minecraft:tall_grass":18,"minecraft:cobblestone":1,"minecraft:deepslate_gold_ore":25,"minecraft:lapis_ore":2,"minecraft:sugar_cane":4,"minecraft:wall_torch":2,"minecraft:amethyst_block":6,"minecraft:deepslate_copper_ore":11,"boh:spinel_ore_ore":18,"minecraft:lilac":1,"minecraft:grass":22,"minecraft:coal_ore":241,"minecraft:dirt":1,"minecraft:dripstone_block":4,"minecraft:dispenser":1,"minecraft:small_dripleaf":1,"create:crimsite":64,"minecraft:deepslate":49,"minecraft:fern":2}},"DataVersion":3465}