{"stats":{"minecraft:mined":{"create:zinc_ore":51,"create:deepslate_zinc_ore":55,"minecraft:tuff":3,"minecraft:stone_pressure_plate":2,"minecraft:deepslate_diamond_ore":2,"create:andesite_casing":3,"minecraft:red_nether_bricks":3,"minecraft:obsidian":9,"minecraft:grass_block":1,"minecraft:nether_wart":6,"minecraft:sandstone":162,"minecraft:sandstone_stairs":3,"minecraft:hay_block":7,"minecraft:polished_blackstone_bricks":2,"minecraft:redstone_ore":1,"create:shaft":2,"minecraft:glowstone":12,"minecraft:furnace":3,"minecraft:iron_ore":52,"minecraft:fire":2,"minecraft:chiseled_sandstone":1,"minecraft:andesite":194,"treechop:chopped_log":17,"minecraft:gold_block":2,"minecraft:pointed_dripstone":12,"minecraft:deepslate_iron_ore":10,"minecraft:lantern":1,"minecraft:stone":117,"minecraft:redstone_wall_torch":1,"create:mechanical_press":2,"create:limestone":33,"minecraft:green_bed":2,"minecraft:sandstone_slab":5,"minecraft:deepslate_redstone_ore":36,"create:cogwheel":3,"minecraft:cut_sandstone":5,"minecraft:brown_mushroom":14,"minecraft:soul_sand":16,"minecraft:blackstone":5,"minecraft:orange_terracotta":161,"minecraft:smooth_sandstone":197,"minecraft:clay":16,"minecraft:crafting_table":7,"minecraft:torch":5,"create:water_wheel":1,"minecraft:nether_quartz_ore":52,"minecraft:copper_ore":74,"minecraft:cobblestone":110,"minecraft:lapis_ore":1,"minecraft:deepslate_gold_ore":11,"minecraft:sugar_cane":11,"minecraft:oak_planks":11,"minecraft:smooth_sandstone_slab":7,"minecraft:wall_torch":4,"minecraft:amethyst_block":6,"create:basin":1,"minecraft:birch_planks":30,"minecraft:lime_bed":1,"minecraft:cactus":1,"minecraft:blue_terracotta":1,"minecraft:birch_log":1,"minecraft:wheat":5,"create:mechanical_mixer":1,"butcher:sulfurore":2,"minecraft:tnt":22,"minecraft:grass":7,"minecraft:coal_ore":47,"create:hand_crank":3,"minecraft:sand":42,"minecraft:dirt":4,"minecraft:crimson_planks":2,"minecraft:terracotta":31,"minecraft:netherrack":15,"minecraft:gold_ore":5,"create:crimsite":7,"minecraft:oak_leaves":7,"minecraft:deepslate":18,"paraglider:goddess_statue":2},"minecraft:killed_by":{"minecraft:husk":1,"minecraft:player":2,"minecraft:creeper":3,"minecraft:skeleton":5,"minecraft:zombie":4,"cataclysm:netherite_monstrosity":2},"minecraft:killed":{"minecraft:cave_spider":4,"minecraft:spider":1,"minecraft:skeleton":10,"minecraft:pig":6,"minecraft:sheep":4,"minecraft:zombie":2},"minecraft:picked_up":{"minecraft:crafting_table":7,"minecraft:wheat":3,"minecraft:sandstone_slab":4,"minecraft:nether_wart":6,"minecraft:clay_ball":64,"minecraft:brown_mushroom":15,"minecraft:gold_block":2,"minecraft:crimson_planks":2,"minecraft:amethyst_block":6,"paraglider:goddess_statue":2,"minecraft:string":8,"minecraft:raw_copper":255,"create:limestone":33,"minecraft:flint_and_steel":1,"minecraft:red_nether_bricks":3,"minecraft:blackstone":6,"create:water_wheel":1,"minecraft:sea_pickle":2,"minecraft:cobbled_deepslate":22,"create:mechanical_press":2,"minecraft:redstone_torch":2,"create:basin":1,"minecraft:azalea":13,"minecraft:iron_pickaxe":1,"minecraft:light_gray_wool":1,"minecraft:sugar_cane":36,"minecraft:birch_sapling":32,"minecraft:furnace":3,"minecraft:sandstone":162,"minecraft:stick":43,"minecraft:raw_iron":125,"immersivecaves:immersive_caves_guide":3,"create:mechanical_mixer":1,"create:golden_sheet":1,"minecraft:torch":16,"minecraft:green_bed":2,"create:andesite_casing":3,"epicfight:skillbook":1,"minecraft:polished_blackstone_bricks":2,"minecraft:porkchop":10,"create:hand_crank":4,"minecraft:pointed_dripstone":25,"minecraft:redstone":196,"minecraft:stone_pressure_plate":2,"minecraft:smooth_sandstone_slab":6,"minecraft:tnt":19,"minecraft:arrow":6,"minecraft:nether_bricks":3,"minecraft:hay_block":7,"minecraft:sandstone_stairs":3,"minecraft:netherite_chestplate":1,"minecraft:obsidian":9,"minecraft:mutton":6,"minecraft:cobblestone":219,"minecraft:white_wool":4,"minecraft:birch_log":85,"minecraft:lime_bed":1,"create:iron_sheet":5,"minecraft:dune_armor_trim_smithing_template":2,"minecraft:andesite":222,"minecraft:cut_sandstone":5,"minecraft:birch_planks":30,"minecraft:flint":1,"minecraft:tuff":5,"create:raw_zinc":124,"minecraft:oak_log":33,"minecraft:gunpowder":3,"minecraft:lapis_lazuli":4,"minecraft:dirt":5,"minecraft:lantern":1,"minecraft:orange_terracotta":159,"minecraft:smooth_sandstone":197,"minecraft:bone":6,"minecraft:red_nether_brick_stairs":1,"minecraft:bow":1,"minecraft:wheat_seeds":13,"minecraft:raw_gold":28,"minecraft:iron_ingot":5,"minecraft:diamond_helmet":1,"create:shaft":2,"minecraft:soul_sand":16,"minecraft:glowstone_dust":51,"minecraft:flowering_azalea":1,"minecraft:oak_planks":18,"create:cogwheel":5,"minecraft:quartz":52,"minecraft:gravel":7,"minecraft:sand":65,"epicfight:uchigatana":1,"minecraft:chiseled_sandstone":1,"minecraft:spider_eye":3,"butcher:sulfur":4,"minecraft:blue_terracotta":1,"create:crimsite":14,"minecraft:diamond":6,"butcher:butchersguidebook":2,"minecraft:emerald":1,"minecraft:terracotta":31,"minecraft:oak_sapling":15,"minecraft:netherrack":22,"minecraft:coal":100,"minecraft:diamond_pickaxe":1},"minecraft:dropped":{"minecraft:iron_ingot":5,"create:crimsite":14,"minecraft:flowering_azalea":1,"minecraft:iron_pickaxe":1,"minecraft:gold_ingot":1,"minecraft:iron_nugget":122,"minecraft:cobbled_deepslate":1,"minecraft:flint_and_steel":1,"minecraft:orange_terracotta":1,"minecraft:diamond_pickaxe":1,"minecraft:andesite":72,"minecraft:azalea":6},"minecraft:used":{"minecraft:flint_and_steel":1,"minecraft:chest":6,"minecraft:shield":4,"minecraft:sandstone_wall":13,"minecraft:torch":24,"minecraft:dirt":4,"minecraft:mutton":1,"create:mechanical_mixer":3,"create:cogwheel":34,"create:depot":3,"minecraft:obsidian":12,"minecraft:wooden_axe":39,"create:wrench":37,"minecraft:lantern":5,"minecraft:smooth_sandstone":115,"minecraft:golden_sword":2,"create:shaft":3,"minecraft:furnace":4,"minecraft:orange_terracotta":138,"minecraft:cobbled_deepslate":5,"minecraft:cooked_mutton":3,"minecraft:water_bucket":16,"epicfight:skillbook":6,"minecraft:sandstone_stairs":3,"minecraft:birch_planks":139,"minecraft:stone_pickaxe":271,"minecraft:oak_planks":7,"minecraft:smooth_sandstone_slab":5,"minecraft:wooden_pickaxe":59,"minecraft:sandstone":5,"minecraft:cut_sandstone":5,"minecraft:stonecutter":1,"minecraft:green_bed":2,"minecraft:sand":9,"minecraft:terracotta":23,"minecraft:crafting_table":8,"minecraft:smoker":1,"minecraft:oak_log":5,"minecraft:diamond_pickaxe":669,"minecraft:chiseled_sandstone":58,"create:mechanical_press":5,"minecraft:iron_pickaxe":544,"create:water_wheel":2,"create:large_water_wheel":15,"minecraft:stone_axe":213,"create:basin":3,"minecraft:cobblestone":131,"minecraft:sandstone_slab":5,"minecraft:bucket":19,"create:hand_crank":5,"epicfight:uchigatana":13,"create:large_cogwheel":12},"minecraft:broken":{"minecraft:wooden_pickaxe":1,"minecraft:stone_pickaxe":2,"minecraft:stone_axe":1,"minecraft:iron_pickaxe":2,"minecraft:wooden_axe":1},"minecraft:crafted":{"minecraft:oak_planks":36,"create:wrench":1,"minecraft:iron_nugget":90,"minecraft:furnace":2,"minecraft:stone":3,"minecraft:cooked_mutton":5,"minecraft:flint_and_steel":1,"minecraft:glass":2,"minecraft:lantern":4,"minecraft:iron_boots":1,"create:mechanical_press":1,"minecraft:stone_pickaxe":2,"minecraft:chest":6,"create:basin":1,"create:cogwheel":6,"minecraft:wheat":63,"minecraft:smoker":1,"create:depot":2,"create:andesite_alloy":12,"create:hand_crank":2,"minecraft:crafting_table":1,"minecraft:wooden_pickaxe":1,"minecraft:smooth_sandstone":48,"create:goggles":1,"create:large_water_wheel":11,"minecraft:sandstone_slab":6,"minecraft:birch_planks":340,"minecraft:bucket":1,"minecraft:stone_axe":2,"create:mechanical_mixer":1,"minecraft:air":0,"create:whisk":1,"minecraft:diamond_pickaxe":1,"create:water_wheel":10,"minecraft:shield":1,"minecraft:stick":24,"minecraft:iron_ingot":117,"minecraft:iron_pickaxe":2,"minecraft:wooden_axe":1,"minecraft:iron_block":1,"minecraft:iron_leggings":1,"minecraft:gold_ingot":18,"minecraft:sandstone":13,"minecraft:stonecutter":1,"create:large_cogwheel":8,"create:shaft":32,"minecraft:torch":16,"minecraft:sandstone_stairs":4,"minecraft:shears":1},"minecraft:custom":{"minecraft:mob_kills":29,"minecraft:animals_bred":1,"minecraft:interact_with_crafting_table":49,"minecraft:open_barrel":11,"minecraft:leave_game":5,"minecraft:time_since_death":19519,"minecraft:climb_one_cm":308,"minecraft:sprint_one_cm":464367,"minecraft:damage_blocked_by_shield":405,"minecraft:walk_one_cm":1115452,"minecraft:drop":15,"minecraft:play_time":213687,"minecraft:deaths":31,"minecraft:sneak_time":3365,"minecraft:walk_under_water_one_cm":3895,"minecraft:jump":3678,"minecraft:walk_on_water_one_cm":49455,"minecraft:total_world_time":213687,"minecraft:interact_with_furnace":34,"minecraft:interact_with_stonecutter":5,"minecraft:sleep_in_bed":3,"minecraft:time_since_rest":19545,"minecraft:damage_taken":7356,"minecraft:trigger_trapped_chest":1,"minecraft:damage_dealt":5095,"minecraft:player_kills":3,"minecraft:swim_one_cm":10956,"minecraft:fly_one_cm":1223174,"minecraft:open_chest":124,"minecraft:crouch_one_cm":18692,"minecraft:interact_with_smoker":10,"minecraft:fall_one_cm":122537}},"DataVersion":3465}