{"stats":{"minecraft:killed":{"minecraft:spider":2,"minecraft:skeleton":2,"minecraft:pig":4,"minecraft:creeper":3,"minecraft:sheep":5,"minecraft:zombie":4,"minecraft:enderman":1},"minecraft:crafted":{"minecraft:oak_planks":360,"minecraft:barrel":6,"create:wrench":1,"create:steam_engine":1,"minecraft:iron_nugget":135,"minecraft:furnace":1,"minecraft:oak_trapdoor":4,"minecraft:flint_and_steel":1,"minecraft:glass":2,"create:mechanical_press":1,"create:fluid_tank":6,"minecraft:stone_pickaxe":2,"minecraft:chest":3,"minecraft:copper_block":1,"create:basin":1,"create:cogwheel":22,"minecraft:oak_slab":36,"create:andesite_alloy":21,"create:hand_crank":1,"minecraft:crafting_table":4,"create:fluid_pipe":16,"minecraft:wooden_pickaxe":1,"create:goggles":1,"create:large_water_wheel":8,"minecraft:copper_ingot":128,"minecraft:bucket":1,"minecraft:stone_axe":2,"create:mechanical_mixer":1,"minecraft:air":0,"create:encased_fan":1,"create:whisk":1,"create:water_wheel":8,"minecraft:shield":1,"minecraft:stick":20,"create:mechanical_pump":1,"minecraft:iron_ingot":42,"minecraft:iron_pickaxe":2,"minecraft:iron_block":1,"minecraft:gold_ingot":6,"create:large_cogwheel":16,"create:propeller":1,"create:shaft":56,"minecraft:torch":4,"create:empty_blaze_burner":1},"minecraft:broken":{"minecraft:stone_pickaxe":1,"minecraft:stone_axe":2,"minecraft:iron_pickaxe":1},"minecraft:picked_up":{"create:copper_sheet":20,"minecraft:crafting_table":2,"minecraft:iron_chestplate":2,"minecraft:amethyst_block":8,"minecraft:oak_trapdoor":6,"minecraft:string":4,"minecraft:raw_copper":175,"minecraft:iron_leggings":1,"create:mechanical_press":2,"minecraft:cobbled_deepslate":97,"minecraft:calcite":16,"minecraft:light_gray_wool":1,"minecraft:sugar_cane":5,"minecraft:birch_sapling":2,"minecraft:iron_boots":1,"minecraft:raw_iron":29,"minecraft:stick":25,"create:golden_sheet":5,"minecraft:copper_ingot":3,"minecraft:torch":13,"create:andesite_casing":4,"minecraft:porkchop":9,"create:hand_crank":1,"minecraft:pointed_dripstone":36,"minecraft:redstone":397,"create:zinc_ingot":71,"minecraft:cauldron":3,"create:large_cogwheel":2,"minecraft:rotten_flesh":3,"minecraft:arrow":2,"minecraft:gold_ingot":5,"supplementaries:ash":5,"minecraft:mutton":20,"minecraft:rail":15,"minecraft:white_wool":6,"minecraft:cobblestone":37,"create:iron_sheet":31,"minecraft:cooked_beef":2,"minecraft:glow_ink_sac":1,"minecraft:water_bucket":1,"minecraft:andesite":236,"minecraft:flint":1,"minecraft:tuff":9,"create:raw_zinc":80,"minecraft:oak_log":106,"minecraft:yellow_bed":1,"minecraft:gunpowder":2,"minecraft:lapis_lazuli":35,"minecraft:dirt":338,"tombstone:gift":1,"minecraft:cooked_mutton":11,"minecraft:bone":2,"minecraft:apple":1,"minecraft:kelp":113,"minecraft:wheat_seeds":12,"minecraft:raw_gold":14,"minecraft:iron_ingot":23,"create:goggles":2,"minecraft:oak_planks":25,"create:large_water_wheel":13,"create:cogwheel":4,"minecraft:dripstone_block":1,"minecraft:gravel":1,"minecraft:sand":9,"minecraft:white_bed":3,"minecraft:spider_eye":1,"minecraft:diamond_shovel":1,"create:crimsite":8,"create:brass_ingot":24,"minecraft:diamond":3,"create:encased_fan":1,"minecraft:iron_helmet":1,"minecraft:gray_wool":1,"minecraft:bread":9,"minecraft:emerald":1,"minecraft:netherrack":1,"minecraft:oak_sapling":30,"minecraft:black_wool":1,"minecraft:coal":31,"minecraft:ender_pearl":1},"minecraft:used":{"minecraft:oak_trapdoor":10,"minecraft:flint_and_steel":4,"minecraft:chest":2,"minecraft:shield":2,"minecraft:torch":11,"create:fluid_tank":6,"create:mechanical_pump":1,"minecraft:dirt":334,"minecraft:mutton":5,"create:mechanical_mixer":1,"create:cogwheel":48,"minecraft:tuff":4,"minecraft:lava_bucket":1,"create:wrench":27,"create:shaft":6,"create:steam_engine":1,"minecraft:furnace":1,"create:fluid_pipe":3,"minecraft:cooked_beef":2,"minecraft:cobbled_deepslate":101,"minecraft:calcite":17,"minecraft:cooked_mutton":8,"minecraft:water_bucket":4,"minecraft:stone_pickaxe":206,"minecraft:oak_planks":71,"create:crimsite":7,"minecraft:wooden_pickaxe":23,"create:blaze_burner":4,"minecraft:sand":1,"create:encased_fan":4,"minecraft:oak_slab":4,"minecraft:crafting_table":4,"minecraft:white_bed":3,"minecraft:dripstone_block":1,"minecraft:oak_log":9,"easy_villagers:villager":1,"minecraft:apple":7,"minecraft:diamond_shovel":315,"create:mechanical_press":3,"minecraft:bread":9,"minecraft:iron_pickaxe":289,"create:andesite_casing":2,"create:large_water_wheel":23,"minecraft:stone_axe":213,"create:basin":1,"minecraft:cobblestone":7,"minecraft:porkchop":3,"minecraft:bucket":8,"create:hand_crank":1,"create:large_cogwheel":20},"minecraft:mined":{"minecraft:large_amethyst_bud":1,"create:deepslate_zinc_ore":18,"minecraft:tuff":10,"minecraft:white_bed":3,"minecraft:deepslate_diamond_ore":5,"create:andesite_casing":4,"minecraft:budding_amethyst":1,"minecraft:grass_block":247,"create:large_cogwheel":1,"create:encased_fan":1,"minecraft:kelp":2,"minecraft:redstone_ore":2,"minecraft:oak_trapdoor":6,"minecraft:fire":10,"minecraft:cobbled_deepslate":47,"minecraft:andesite":134,"treechop:chopped_log":13,"minecraft:deepslate_lapis_ore":5,"minecraft:peony":1,"minecraft:pointed_dripstone":11,"minecraft:deepslate_iron_ore":20,"minecraft:water_cauldron":3,"minecraft:dirt_path":10,"minecraft:rail":10,"minecraft:stone":32,"create:mechanical_press":2,"minecraft:deepslate_redstone_ore":90,"create:cogwheel":2,"minecraft:kelp_plant":15,"minecraft:medium_amethyst_bud":2,"minecraft:crafting_table":1,"minecraft:torch":5,"minecraft:calcite":16,"minecraft:copper_ore":11,"minecraft:tall_grass":1,"minecraft:cobblestone":3,"minecraft:deepslate_gold_ore":14,"minecraft:sugar_cane":2,"minecraft:oak_planks":25,"minecraft:wall_torch":5,"minecraft:amethyst_block":11,"minecraft:deepslate_copper_ore":8,"create:large_water_wheel":6,"supplementaries:urn":2,"create:water_wheel_structure":7,"minecraft:yellow_bed":1,"minecraft:grass":14,"minecraft:coal_ore":8,"minecraft:oak_log":26,"minecraft:gravel":2,"minecraft:dripstone_block":1,"minecraft:sand":6,"minecraft:dirt":69,"minecraft:netherrack":1,"create:crimsite":7,"minecraft:oak_leaves":11,"minecraft:deepslate":37},"minecraft:killed_by":{"minecraft:enderman":1,"minecraft:blaze":1},"minecraft:custom":{"minecraft:mob_kills":22,"minecraft:interact_with_crafting_table":47,"minecraft:time_since_death":39707,"minecraft:sprint_one_cm":218794,"minecraft:walk_one_cm":507188,"minecraft:damage_blocked_by_shield":135,"minecraft:drop":45,"minecraft:play_time":201187,"minecraft:sneak_time":5361,"minecraft:deaths":3,"minecraft:walk_under_water_one_cm":40525,"minecraft:jump":2519,"minecraft:interact_with_blast_furnace":24,"minecraft:walk_on_water_one_cm":58641,"minecraft:total_world_time":201187,"minecraft:interact_with_furnace":18,"minecraft:sleep_in_bed":3,"minecraft:time_since_rest":39406,"minecraft:damage_taken":2081,"minecraft:damage_dealt":3554,"minecraft:player_kills":1,"minecraft:swim_one_cm":61019,"minecraft:fly_one_cm":344169,"minecraft:open_chest":60,"minecraft:crouch_one_cm":14309,"tombstone:undead_killed":6,"minecraft:interact_with_smoker":6,"minecraft:fall_one_cm":59901},"minecraft:dropped":{"minecraft:water_bucket":1,"minecraft:iron_ingot":30,"minecraft:glow_ink_sac":1,"minecraft:crafting_table":2,"minecraft:copper_ingot":60,"minecraft:coal":6,"minecraft:stick":2,"minecraft:dirt":2,"minecraft:mutton":9,"create:goggles":1,"create:raw_zinc":64,"minecraft:gold_ingot":7,"minecraft:gravel":1,"minecraft:iron_nugget":64,"minecraft:cobbled_deepslate":11,"minecraft:cooked_mutton":3,"create:zinc_ingot":19,"minecraft:andesite":64,"minecraft:calcite":14,"create:andesite_alloy":1}},"DataVersion":3465}