{"stats":{"minecraft:killed":{"minecraft:sheep":1,"minecraft:pig":1},"minecraft:crafted":{"minecraft:oak_planks":28,"minecraft:crafting_table":1,"minecraft:stick":12,"minecraft:iron_ingot":3,"minecraft:wooden_pickaxe":1,"minecraft:iron_pickaxe":1,"minecraft:stone_pickaxe":2,"minecraft:furnace":1,"minecraft:torch":4,"minecraft:stone_axe":1,"minecraft:air":0},"minecraft:picked_up":{"minecraft:stick":1,"minecraft:raw_iron":6,"minecraft:andesite":130,"minecraft:torch":2,"minecraft:dripstone_block":1,"minecraft:porkchop":3,"minecraft:tuff":7,"minecraft:oak_log":7,"minecraft:pointed_dripstone":36,"minecraft:redstone":41,"minecraft:lapis_lazuli":29,"minecraft:dirt":5,"minecraft:raw_copper":66,"minecraft:apple":1,"minecraft:wheat_seeds":2,"minecraft:cobbled_deepslate":6,"minecraft:raw_gold":3,"minecraft:sugar_cane":3,"minecraft:oak_sapling":4,"minecraft:mutton":2,"minecraft:coal":1,"minecraft:white_wool":1,"minecraft:cobblestone":29},"minecraft:broken":{"minecraft:stone_pickaxe":1},"minecraft:used":{"minecraft:apple":1,"minecraft:stone_pickaxe":192,"minecraft:iron_pickaxe":14,"minecraft:wooden_pickaxe":23,"minecraft:stone_axe":2,"minecraft:torch":2,"minecraft:dirt":5,"minecraft:crafting_table":1,"minecraft:furnace":1,"minecraft:porkchop":3,"minecraft:dripstone_block":1,"minecraft:tuff":1},"minecraft:mined":{"minecraft:deepslate_redstone_ore":7,"minecraft:tuff":8,"minecraft:redstone_ore":2,"minecraft:andesite":134,"treechop:chopped_log":2,"minecraft:deepslate_lapis_ore":4,"minecraft:grass_block":2,"minecraft:pointed_dripstone":11,"minecraft:deepslate_iron_ore":6,"minecraft:dirt":2,"minecraft:dripstone_block":1,"minecraft:copper_ore":11,"minecraft:cobblestone":1,"minecraft:deepslate_gold_ore":3,"minecraft:stone":27,"minecraft:sugar_cane":1,"minecraft:oak_leaves":6,"minecraft:deepslate":6,"minecraft:wall_torch":2,"minecraft:deepslate_copper_ore":8},"minecraft:dropped":{"minecraft:mutton":2},"minecraft:custom":{"minecraft:time_since_rest":39187,"minecraft:interact_with_furnace":5,"minecraft:sprint_one_cm":27561,"minecraft:damage_taken":120,"minecraft:walk_one_cm":56619,"minecraft:mob_kills":2,"minecraft:drop":1,"minecraft:damage_dealt":180,"minecraft:interact_with_crafting_table":7,"minecraft:fly_one_cm":50479,"minecraft:crouch_one_cm":951,"minecraft:play_time":39187,"minecraft:sneak_time":328,"minecraft:walk_under_water_one_cm":1854,"minecraft:jump":468,"minecraft:walk_on_water_one_cm":4795,"minecraft:time_since_death":39187,"minecraft:total_world_time":39187,"minecraft:fall_one_cm":19323}},"DataVersion":3465}