{"stats":{"minecraft:killed":{"jujutsucraft:cursed_spirit_grade_32":11,"jujutsucraft:transfigured_human_3":4,"jujutsucraft:cursed_spirit_grade_21":1,"jujutsucraft:cursed_spirit_grade_31":2,"jujutsucraft:cursed_spirit_grade_33":12,"jujutsucraft:stevenson_screen":3,"jujutsucraft:nanako":1,"jujutsucraft:cursed_spirit_grade_11":1,"jujutsucraft:yorozu":1,"jujutsucraft:cursed_spirit_grade_12":1,"jujutsucraft:cursed_spirit_grade_24":1,"jujutsucraft:earthen_insect_trance":7,"jujutsucraft:fushiguro_megumi_shibuya":1,"jujutsucraft:cursed_spirit_grade_37":1,"jujutsucraft:cursed_spirit_grade_35":1,"jujutsucraft:rock_fragment":7,"jujutsucraft:yoshino_junpei":1,"minecraft:cod":6,"jujutsucraft:cursed_spirit_grade_318":8,"jujutsucraft:mahito":3,"jujutsucraft:cursed_spirit_grade_316":2,"jujutsucraft:cursed_spirit_grade_26":1,"jujutsucraft:rika_2":1,"jujutsucraft:kumiya_juzo":1,"jujutsucraft:cursed_spirit_grade_22":5,"jujutsucraft:transfigured_human_2":5,"jujutsucraft:cursed_spirit_grade_03":1,"jujutsucraft:cursed_spirit_grade_01":3,"jujutsucraft:miwa_kasumi":1,"jujutsucraft:cursed_spirit_grade_04":1,"jujutsucraft:cursed_spirit_grade_05":2,"jujutsucraft:cursed_spirit_grade_39":32,"jujutsucraft:okkotsu_yuta":1,"jujutsucraft:cursed_spirit_grade_312":5,"jujutsucraft:cursed_spirit_grade_313":3,"minecraft:bee":1,"jujutsucraft:cursed_spirit_grade_15":2,"minecraft:chicken":5,"jujutsucraft:kechizu":1,"jujutsucraft:cursed_spirit_grade_16":1,"jujutsucraft:sea_serpent":14,"jujutsucraft:divine_dog_black":1,"jujutsucraft:rozetsu_shikigami":6,"jujutsucraft:cursed_spirit_grade_08":2,"jujutsucraft:cursed_spirit_grade_23":2,"jujutsucraft:cursed_spirit_grade_214":3,"jujutsucraft:cursed_spirit_grade_317":10,"jujutsucraft:cursed_spirit_grade_38":2,"jujutsucraft:cursed_spirit_grade_34":8,"jujutsucraft:transfigured_human_1":6,"jujutsucraft:nobara_kugisaki":1,"jujutsucraft:cursed_spirit_grade_27":4,"jujutsucraft:hazenoki":1,"jujutsucraft:ember_insect":15,"jujutsucraft:dagon_2":2,"jujutsucraft:cursed_spirit_grade_210":1,"minecraft:pig":1,"jujutsucraft:dagon_1":1,"jujutsucraft:kukuru":1,"jujutsucraft:jujutsu_sorcerer":2,"minecraft:salmon":28,"jujutsucraft:cursed_spirit_grade_213":3,"jujutsucraft:cursed_spirit_grade_09":1,"minecraft:bat":45,"jujutsucraft:curse_user_1":5,"jujutsucraft:coffin":1,"jujutsucraft:curse_user":5,"jujutsucraft:cursed_spirit_grade_07":1,"minecraft:squid":4,"jujutsucraft:cursed_spirit_grade_321":5,"minecraft:sheep":1,"jujutsucraft:cursed_spirit_grade_29":2,"jujutsucraft:jogo":1,"jujutsucraft:cursed_spirit_grade_314":8,"jujutsucraft:entity_scissors":12,"jujutsucraft:cockroaches":16,"jujutsucraft:cursed_spirit_grade_311":3,"jujutsucraft:cursed_spirit_grade_310":7,"jujutsucraft:cursed_spirit_grade_18":1,"jujutsucraft:cursed_spirit_grade_17":1,"jujutsucraft:cursed_spirit_grade_36":14,"jujutsucraft:cursed_spirit_grade_25":4,"jujutsucraft:hanami":1,"jujutsucraft:moon_dregs":1,"jujutsucraft:kashimo_hajime":1,"jujutsucraft:cursed_spirit_grade_110":1,"jujutsucraft:cursed_spirit_grade_315":10,"jujutsucraft:cursed_spirit_grade_212":1,"jujutsucraft:hoshi_kirara":1,"jujutsucraft:cursed_spirit_grade_319":10,"jujutsucraft:cursed_spirit_grade_322":15,"jujutsucraft:killer_1":2,"jujutsucraft:geto_suguru_curse_user":1,"jujutsucraft:ice_spear":9,"jujutsucraft:kamo_noritoshi":1,"jujutsucraft:q":2,"minecraft:cow":5,"jujutsucraft:entity_tornado":1,"jujutsucraft:gravestone_3":2,"jujutsucraft:ogami":1},"minecraft:custom":{"minecraft:mob_kills":525,"minecraft:open_barrel":9,"minecraft:damage_dealt_resisted":722754,"minecraft:leave_game":7,"minecraft:time_since_death":235,"minecraft:climb_one_cm":838,"minecraft:damage_resisted":396818,"minecraft:sprint_one_cm":1280928,"minecraft:walk_one_cm":1836331,"minecraft:drop":58,"minecraft:play_time":244582,"minecraft:deaths":337,"minecraft:sneak_time":726,"minecraft:walk_under_water_one_cm":13248,"minecraft:jump":3929,"minecraft:walk_on_water_one_cm":114569,"minecraft:total_world_time":244582,"minecraft:time_since_rest":265,"minecraft:damage_taken":186475,"minecraft:damage_dealt":157082,"minecraft:swim_one_cm":21932,"minecraft:fly_one_cm":3478372,"minecraft:player_kills":19,"minecraft:open_chest":7,"minecraft:crouch_one_cm":4119,"minecraft:fall_one_cm":473982},"minecraft:used":{"jujutsucraft:slaughter_demon":4,"jujutsucraft:jogo_spawn_egg":1,"minecraft:dark_oak_wood":1,"jujutsucraft:hanami_spawn_egg":1,"jujutsucraft:sword_kusakabe":11,"minecraft:written_book":1,"jujutsucraft:playful_cloud":12,"minecraft:white_wool":1,"jujutsucraft:split_soul_katana":1730,"jujutsucraft:inverted_spear_of_heaven":93,"jujutsucraft:clothes_kusakabe_chestplate":1,"jujutsucraft:clothes_kusakabe_leggings":1,"jujutsucraft:muscular_body_chestplate":1,"jujutsucraft:mahito_spawn_egg":1},"minecraft:picked_up":{"jujutsucraft:slaughter_demon":2,"minecraft:chicken":1,"minecraft:raw_copper":3,"jujutsucraft:sword_ogi":2,"jujutsucraftaddon:clan_changer":2,"minecraft:beef":8,"minecraft:birch_sapling":16,"minecraft:copper_ore":1,"minecraft:stick":14,"minecraft:stone":17,"jujutsucraft:playful_cloud":3,"minecraft:porkchop":3,"minecraft:light_gray_banner":1,"jujutsucraft:hanami_eye":1,"jujutsucraft:naginata":2,"minecraft:shears":1,"jujutsucraft:clothes_kusakabe_leggings":1,"jujutsucraft:muscular_body_chestplate":1,"minecraft:mutton":10,"minecraft:white_wool":6,"minecraft:cobblestone":6,"jujutsucraft:clothes_kusakabe_chestplate":1,"minecraft:birch_leaves":13,"minecraft:feather":2,"jujutsucraft:uniform_gojo_boots":2,"minecraft:andesite":3,"minecraft:salmon":6,"minecraft:leather":6,"jujutsucraft:sukuna_finger":2,"jujutsucraft:sword_kusakabe":1,"jujutsucraft:inverted_spear_of_heaven":1,"minecraft:dirt":24,"jujutsucraft:pendant_todo_aoi":1,"minecraft:apple":4,"jujutsucraft:knife":2,"jujutsucraft:split_soul_katana":3,"jujutsucraft:dragon_bone":1,"jujutsucraft:clothes_kirara_helmet":2,"minecraft:gravel":4,"minecraft:sand":3,"jujutsucraft:uniform_normal_chestplate":1,"minecraft:ink_sac":8,"minecraft:grass_block":5,"minecraft:grass":3,"minecraft:oak_sapling":9,"minecraft:dark_oak_wood":1,"minecraft:oak_leaves":9},"minecraft:killed_by":{"jujutsucraft:cursed_spirit_grade_25":1,"jujutsucraft:cursed_spirit_grade_321":1,"jujutsucraft:cursed_spirit_grade_01":8,"jujutsucraft:cursed_spirit_grade_36":2,"minecraft:player":183,"jujutsucraft:awasaka_jiro":1,"jujutsucraft:cursed_spirit_grade_16":3,"jujutsucraft:cursed_spirit_grade_310":1,"jujutsucraft:cursed_spirit_grade_312":1,"jujutsucraft:kenjaku":3,"jujutsucraft:cursed_spirit_grade_13":1,"jujutsucraft:cursed_spirit_grade_05":2,"jujutsucraft:hakari_kinji":2,"jujutsucraft:cursed_spirit_grade_03":2,"jujutsucraft:cursed_spirit_grade_22":2,"jujutsucraft:miyo_rokujushi":2,"jujutsucraft:yoshino_junpei":1,"jujutsucraft:cursed_spirit_grade_19":2,"jujutsucraft:fushiguro_toji":8,"jujutsucraft:sukuna":16,"jujutsucraft:fushiguro_megumi":1,"jujutsucraft:cursed_spirit_grade_319":3,"jujutsucraft:cursed_spirit_grade_315":1,"jujutsucraft:curse_user":5,"jujutsucraft:cursed_spirit_grade_34":3,"jujutsucraft:gojo_satoru":7,"jujutsucraftaddon:yuta_culling_games":2,"jujutsucraft:cursed_spirit_grade_27":1,"jujutsucraft:rozetsu":5,"jujutsucraft:sukuna_fushiguro":1,"jujutsucraft:kechizu":2,"jujutsucraft:kurusu_hana":2,"jujutsucraft:reggie_star":3,"jujutsucraft:okkotsu_yuta_culling_game":1,"jujutsucraft:rozetsu_shikigami":4,"jujutsucraft:negi_toshihisa":4,"jujutsucraft:jogo":5,"jujutsucraft:higuruma_hiromi":1,"jujutsucraft:moon_dregs":1,"jujutsucraft:larue":5,"jujutsucraft:ino_takuma":1,"jujutsucraft:yorozu":1,"jujutsucraft:q":6,"jujutsucraft:fushiguro_megumi_shibuya":1,"jujutsucraft:shigemo_haruta":1,"jujutsucraft:miwa_kasumi":4,"jujutsucraft:cursed_spirit_grade_317":1,"jujutsucraft:cursed_spirit_grade_29":1,"jujutsucraftaddon:sukuna_no_shirt":5,"jujutsucraft:itadori_yuji_shibuya":1,"jujutsucraft:eight_handled_swrod_divergent_sila_divine_general_mahoraga":1,"jujutsucraft:cursed_spirit_grade_32":1,"jujutsucraft:cursed_spirit_grade_02":2,"jujutsucraft:geto_suguru_curse_user":5,"jujutsucraft:jujutsu_sorcerer":1},"minecraft:mined":{"minecraft:grass":1,"minecraft:oak_leaves":5},"minecraft:dropped":{"minecraft:porkchop":3,"minecraft:birch_leaves":11,"jujutsucraftaddon:random_ct_changer":1,"minecraft:feather":2,"minecraft:cobblestone":6,"minecraft:apple":4,"jujutsucraft:split_soul_katana":2,"minecraft:grass_block":5,"minecraft:stick":10,"jujutsucraft:slaughter_demon":1,"minecraft:dirt":1,"minecraft:grass":3,"minecraft:ink_sac":5,"jujutsucraft:clothes_kirara_helmet":2,"jujutsucraftaddon:clan_changer":1,"jujutsucraft:muscular_body_chestplate":1,"minecraft:sand":3,"jujutsucraft:pendant_todo_aoi":1,"jujutsucraft:sukuna_finger":2,"minecraft:gravel":4,"jujutsucraft:uniform_gojo_boots":3,"jujutsucraft:uniform_normal_leggings":1,"minecraft:raw_copper":3,"minecraft:birch_sapling":10,"minecraft:chicken":1,"jujutsucraft:knife":1,"minecraft:shears":1,"minecraft:salmon":6,"jujutsucraft:uniform_normal_chestplate":2,"minecraft:copper_ore":1,"minecraft:stone":17,"minecraft:andesite":3,"jujutsucraft:clothes_kusakabe_leggings":1,"jujutsucraft:clothes_kusakabe_chestplate":1,"jujutsucraft:uniform_normal_boots":1,"minecraft:oak_leaves":9}},"DataVersion":3465}