{"stats":{"minecraft:dropped":{"minecraft:birch_planks":7,"create:crimsite":14,"minecraft:iron_pickaxe":1,"iammusicplayer:parabolic_antenna":1,"minecraft:gold_ingot":1,"minecraft:stone_axe":1,"minecraft:iron_nugget":122,"minecraft:cobbled_deepslate":1,"minecraft:wheat":2,"minecraft:azalea":6,"minecraft:iron_ingot":5,"create:rose_quartz":17,"butcher:villager_meat":4,"minecraft:copper_ingot":64,"butcher:drained_villager_corpse_item":1,"minecraft:rabbit":1,"minecraft:flowering_azalea":1,"minecraft:mud":1,"butcher:villagerbrain":2,"minecraft:kelp":1,"butcher:villager_head_brain_remove":1,"minecraft:flint_and_steel":1,"butcher:cooked_villager_meat":8,"minecraft:orange_terracotta":1,"create:zinc_ingot":41,"minecraft:diamond_pickaxe":1,"minecraft:andesite":72},"minecraft:killed":{"minecraft:cave_spider":4,"minecraft:spider":1,"minecraft:skeleton":11,"minecraft:pig":6,"minecraft:iron_golem":1,"minecraft:sheep":4,"minecraft:zombie":4,"minecraft:blaze":1,"minecraft:enderman":1},"minecraft:custom":{"minecraft:animals_bred":7,"minecraft:interact_with_crafting_table":93,"minecraft:open_barrel":16,"minecraft:leave_game":11,"minecraft:time_since_death":15711,"minecraft:sprint_one_cm":837256,"minecraft:damage_blocked_by_shield":960,"minecraft:drop":37,"minecraft:talked_to_villager":1,"minecraft:play_time":519114,"minecraft:deaths":43,"minecraft:jump":6735,"minecraft:walk_on_water_one_cm":173034,"minecraft:interact_with_furnace":47,"minecraft:sleep_in_bed":7,"minecraft:damage_dealt":7804,"minecraft:player_kills":6,"minecraft:crouch_one_cm":33713,"minecraft:interact_with_smoker":11,"minecraft:interact_with_smithing_table":1,"minecraft:mob_kills":35,"minecraft:climb_one_cm":1901,"minecraft:walk_one_cm":2278913,"minecraft:sneak_time":9201,"minecraft:walk_under_water_one_cm":29320,"minecraft:total_world_time":519114,"minecraft:interact_with_stonecutter":9,"minecraft:time_since_rest":15733,"minecraft:damage_taken":9373,"minecraft:trigger_trapped_chest":1,"minecraft:swim_one_cm":30027,"minecraft:fly_one_cm":2156203,"minecraft:open_chest":290,"minecraft:fall_one_cm":184593},"minecraft:broken":{"minecraft:stone_pickaxe":2,"minecraft:stone_axe":2,"minecraft:wooden_axe":1,"minecraft:wooden_pickaxe":1,"minecraft:iron_pickaxe":2},"minecraft:used":{"wom:satsujin":8,"minecraft:chest":10,"minecraft:shield":10,"minecraft:smooth_sandstone_stairs":2,"minecraft:mutton":1,"iammusicplayer:boombox":4,"create:white_sail":32,"create:cogwheel":104,"create:mechanical_crafter":23,"create:depot":4,"minecraft:obsidian":12,"minecraft:lava_bucket":2,"minecraft:lantern":5,"create:millstone":4,"minecraft:golden_sword":2,"minecraft:birch_trapdoor":9,"create:shaft":9,"minecraft:furnace":4,"epicfight:skillbook":7,"minecraft:stone_pickaxe":271,"minecraft:oak_planks":12,"minecraft:wooden_pickaxe":59,"minecraft:sandstone":5,"iammusicplayer:music_manager":3,"butcher:pork_belly":1,"minecraft:white_wool":2,"minecraft:sand":17,"createaddition:rolling_mill":1,"minecraft:birch_fence":3,"minecraft:lever":1,"minecraft:chiseled_sandstone":99,"minecraft:dark_oak_log":8,"minecraft:bread":3,"create:andesite_casing":1,"create:basin":3,"minecraft:smithing_table":1,"create:stressometer":3,"minecraft:birch_log":4,"create:large_cogwheel":22,"minecraft:flint_and_steel":1,"minecraft:sandstone_wall":18,"minecraft:torch":26,"minecraft:dirt":17,"minecraft:anvil":1,"create:mechanical_mixer":3,"minecraft:wooden_axe":39,"create:wrench":175,"minecraft:smooth_sandstone":171,"minecraft:spawner":1,"minecraft:barrel":1,"butcher:hook_block":2,"minecraft:cobbled_deepslate":5,"minecraft:orange_terracotta":209,"minecraft:cooked_mutton":3,"minecraft:water_bucket":19,"minecraft:sandstone_stairs":3,"minecraft:birch_planks":264,"create:empty_blaze_burner":1,"minecraft:smooth_sandstone_slab":15,"minecraft:cut_sandstone":6,"minecraft:stonecutter":1,"minecraft:green_bed":3,"create:blaze_burner":1,"minecraft:terracotta":37,"create:encased_fan":1,"minecraft:lime_bed":1,"minecraft:crafting_table":8,"minecraft:birch_sign":9,"minecraft:smoker":1,"minecraft:oak_log":7,"minecraft:diamond_pickaxe":984,"create:mechanical_press":5,"create:windmill_bearing":2,"minecraft:iron_pickaxe":544,"create:water_wheel":2,"create:large_water_wheel":18,"minecraft:stone_axe":428,"minecraft:cobblestone":148,"minecraft:jungle_door":2,"minecraft:bucket":26,"minecraft:sandstone_slab":61,"create:hand_crank":7,"create:clutch":1,"minecraft:kelp":26,"create:redstone_link":3,"epicfight:uchigatana":13},"minecraft:crafted":{"minecraft:oak_planks":112,"iammusicplayer:music_manager":1,"minecraft:barrel":1,"iammusicplayer:boombox":1,"createaddition:rolling_mill":1,"minecraft:birch_slab":6,"minecraft:stone":4,"minecraft:lever":1,"minecraft:cooked_mutton":5,"minecraft:glass":2,"createdieselgenerators:pumpjack_head":1,"minecraft:iron_boots":1,"create:mechanical_press":1,"minecraft:chest":8,"minecraft:birch_button":1,"create:cogwheel":31,"minecraft:smoker":1,"create:depot":3,"create:rose_quartz":9,"minecraft:crafting_table":8,"minecraft:wooden_pickaxe":1,"minecraft:clock":1,"create:sand_paper":3,"minecraft:birch_planks":540,"createdieselgenerators:oil_scanner":1,"create:redstone_link":4,"create:mechanical_mixer":1,"create:clutch":1,"create:stressometer":1,"create:encased_fan":1,"minecraft:paper":3,"minecraft:diamond_pickaxe":1,"create:water_wheel":12,"minecraft:shield":1,"create:super_glue":1,"minecraft:birch_fence":3,"minecraft:stick":100,"minecraft:iron_ingot":117,"minecraft:compass":1,"minecraft:iron_pickaxe":2,"minecraft:iron_block":1,"minecraft:gold_ingot":18,"minecraft:sandstone":16,"create:large_cogwheel":14,"create:propeller":1,"minecraft:redstone_torch":3,"minecraft:shears":2,"minecraft:sandstone_stairs":4,"create:empty_blaze_burner":1,"minecraft:redstone":63,"create:wrench":1,"minecraft:jukebox":1,"minecraft:iron_nugget":90,"create:white_sail":26,"minecraft:furnace":2,"minecraft:bone_meal":3,"minecraft:glass_pane":16,"minecraft:flint_and_steel":1,"minecraft:lantern":4,"minecraft:slime_ball":2,"create:millstone":1,"minecraft:lime_dye":4,"minecraft:stone_pickaxe":2,"create:basin":1,"create:electron_tube":9,"create:belt_connector":2,"create:windmill_bearing":1,"minecraft:birch_sign":3,"minecraft:wheat":81,"create:andesite_alloy":12,"create:hand_crank":2,"minecraft:dried_kelp":13,"create:dough":2,"minecraft:smooth_sandstone":48,"create:goggles":1,"create:large_water_wheel":13,"iammusicplayer:radio_antenna":1,"minecraft:sandstone_slab":6,"minecraft:mangrove_planks":16,"minecraft:bucket":1,"minecraft:stone_axe":4,"minecraft:air":0,"wom:satsujin":1,"create:speedometer":1,"create:whisk":1,"butcher:cooked_villager_meat":8,"minecraft:white_dye":2,"create:mechanical_crafter":21,"minecraft:birch_trapdoor":14,"minecraft:wooden_axe":2,"minecraft:iron_leggings":1,"minecraft:stonecutter":1,"create:shaft":64,"minecraft:note_block":2,"minecraft:torch":16},"minecraft:killed_by":{"minecraft:creeper":3,"minecraft:zombie":5,"minecraft:husk":1,"minecraft:player":2,"minecraft:iron_golem":1,"minecraft:skeleton":5,"cataclysm:netherite_monstrosity":2},"minecraft:mined":{"create:deepslate_zinc_ore":55,"butcher:villager_skeleton":1,"minecraft:stone_pressure_plate":2,"create:andesite_casing":3,"minecraft:red_nether_bricks":4,"minecraft:obsidian":9,"minecraft:potted_dead_bush":2,"minecraft:grass_block":1,"iammusicplayer:boombox":2,"minecraft:nether_wart":6,"minecraft:sandstone_stairs":3,"minecraft:spawner":1,"minecraft:polished_blackstone_bricks":2,"minecraft:tall_seagrass":4,"minecraft:glowstone":12,"minecraft:iron_ore":52,"minecraft:cobbled_deepslate":1,"minecraft:fire":5,"minecraft:anvil":1,"butcher:villagerbrain":2,"minecraft:pointed_dripstone":12,"minecraft:birch_wall_sign":4,"minecraft:smooth_sandstone_stairs":8,"create:mechanical_press":2,"iammusicplayer:music_manager":1,"create:limestone":33,"minecraft:green_bed":6,"minecraft:jungle_button":6,"minecraft:sandstone_slab":19,"minecraft:deepslate_redstone_ore":36,"create:cogwheel":3,"minecraft:cut_sandstone":8,"minecraft:brown_mushroom":14,"minecraft:jungle_door":3,"minecraft:blackstone":5,"minecraft:kelp_plant":15,"minecraft:orange_terracotta":237,"minecraft:light_gray_terracotta":2,"minecraft:clay":16,"minecraft:torch":5,"minecraft:chest":2,"minecraft:dead_bush":1,"minecraft:nether_quartz_ore":52,"minecraft:cobblestone":125,"minecraft:sugar_cane":15,"minecraft:oak_planks":13,"minecraft:smooth_sandstone_slab":22,"minecraft:wall_torch":4,"minecraft:amethyst_block":6,"minecraft:seagrass":5,"create:basin":1,"minecraft:blue_terracotta":1,"minecraft:birch_log":1,"minecraft:wheat":5,"minecraft:birch_trapdoor":2,"create:mechanical_mixer":1,"butcher:sulfurore":2,"minecraft:tnt":23,"minecraft:grass":8,"create:hand_crank":3,"minecraft:sand":73,"minecraft:dirt":4,"minecraft:crimson_planks":2,"minecraft:sandstone_wall":2,"minecraft:mangrove_log":1,"minecraft:netherrack":15,"create:crimsite":7,"minecraft:oak_leaves":7,"minecraft:deepslate":18,"minecraft:yellow_terracotta":1,"create:zinc_ore":51,"minecraft:tuff":3,"minecraft:deepslate_diamond_ore":2,"minecraft:mangrove_roots":18,"minecraft:nether_bricks":2,"minecraft:kelp":8,"minecraft:sandstone":246,"minecraft:hay_block":9,"minecraft:redstone_ore":1,"create:shaft":2,"minecraft:furnace":3,"minecraft:chiseled_sandstone":23,"minecraft:andesite":194,"treechop:chopped_log":27,"butcher:drained_villager_corpse":1,"minecraft:gold_block":2,"minecraft:deepslate_iron_ore":10,"minecraft:lantern":1,"minecraft:stone":117,"butcher:hanging_villager_carcass":2,"minecraft:redstone_wall_torch":1,"minecraft:redstone_block":7,"minecraft:soul_sand":16,"minecraft:smooth_sandstone":236,"minecraft:crafting_table":7,"butcher:villager_head_brain_remove":2,"create:water_wheel":1,"minecraft:copper_ore":74,"minecraft:deepslate_gold_ore":11,"minecraft:lapis_ore":1,"minecraft:lime_bed":2,"minecraft:birch_planks":83,"minecraft:cactus":3,"butcher:hook_block":2,"minecraft:coal_ore":47,"minecraft:terracotta":44,"minecraft:birch_sign":2,"minecraft:gold_ore":5,"paraglider:goddess_statue":2},"minecraft:picked_up":{"minecraft:wheat":3,"minecraft:redstone_block":7,"minecraft:flower_pot":2,"minecraft:anvil":1,"minecraft:crimson_planks":2,"minecraft:amethyst_block":6,"paraglider:goddess_statue":2,"minecraft:string":13,"minecraft:raw_copper":255,"create:limestone":33,"minecraft:red_nether_bricks":3,"create:water_wheel":1,"minecraft:sea_pickle":2,"minecraft:cobbled_deepslate":23,"create:mechanical_press":2,"minecraft:redstone_torch":2,"minecraft:azalea":13,"minecraft:netherite_upgrade_smithing_template":1,"minecraft:iron_pickaxe":1,"minecraft:mangrove_log":4,"minecraft:furnace":3,"minecraft:stick":58,"create:mechanical_mixer":1,"minecraft:jungle_door":4,"minecraft:birch_trapdoor":2,"minecraft:torch":16,"minecraft:green_bed":6,"create:andesite_casing":3,"minecraft:porkchop":10,"minecraft:sandstone_wall":2,"epicfight:skillbook":2,"minecraft:pointed_dripstone":25,"butcher:villager_corpse_skeleton_item":1,"minecraft:cactus":6,"minecraft:rotten_flesh":3,"minecraft:mangrove_roots":18,"minecraft:netherite_chestplate":1,"minecraft:obsidian":9,"iammusicplayer:boombox":2,"minecraft:iron_bars":2,"minecraft:cobblestone":234,"minecraft:birch_log":138,"minecraft:dune_armor_trim_smithing_template":2,"minecraft:andesite":222,"paraglider:spirit_orb":2,"minecraft:flint":1,"create:raw_zinc":124,"minecraft:tuff":5,"minecraft:smooth_sandstone_stairs":7,"butcher:pork_belly":1,"butcher:ham":1,"minecraft:lapis_lazuli":4,"minecraft:stripped_birch_log":1,"minecraft:dirt":18,"minecraft:lantern":1,"minecraft:bone":9,"minecraft:bow":1,"minecraft:wheat_seeds":13,"minecraft:raw_gold":28,"minecraft:rabbit":1,"create:shaft":2,"minecraft:diamond_helmet":1,"minecraft:glowstone_dust":51,"minecraft:oak_planks":20,"create:cogwheel":5,"minecraft:sand":96,"minecraft:nether_brick_stairs":1,"minecraft:dead_bush":2,"minecraft:chiseled_sandstone":23,"butcher:sulfur":4,"minecraft:light_gray_terracotta":2,"minecraft:blue_terracotta":1,"create:crimsite":14,"minecraft:diamond":7,"butcher:butchersguidebook":2,"minecraft:emerald":1,"minecraft:bread":11,"minecraft:oak_sapling":16,"minecraft:netherrack":39,"minecraft:diamond_pickaxe":1,"minecraft:mud":1,"minecraft:crafting_table":7,"minecraft:sandstone_slab":24,"minecraft:nether_wart":6,"minecraft:clay_ball":64,"minecraft:brown_mushroom":15,"butcher:bloodpuddle_2":2,"minecraft:gold_block":2,"butcher:villagerbrain":2,"minecraft:moss_carpet":2,"minecraft:flint_and_steel":1,"minecraft:blackstone":6,"create:basin":1,"minecraft:light_gray_wool":1,"minecraft:chest":2,"minecraft:sugar_cane":46,"minecraft:birch_sapling":44,"minecraft:sandstone":246,"minecraft:raw_iron":125,"immersivecaves:immersive_caves_guide":3,"create:golden_sheet":1,"minecraft:polished_blackstone_bricks":2,"create:hand_crank":4,"iammusicplayer:cassette_tape":1,"minecraft:redstone":196,"minecraft:stone_pressure_plate":2,"minecraft:smooth_sandstone_slab":21,"minecraft:tnt":19,"minecraft:arrow":6,"minecraft:nether_bricks":6,"iammusicplayer:parabolic_antenna":2,"minecraft:hay_block":9,"minecraft:sandstone_stairs":3,"butcher:villager_head_brain_remove":1,"minecraft:mutton":6,"minecraft:white_wool":19,"minecraft:lime_bed":2,"create:iron_sheet":5,"butcher:villager_meat":4,"butcher:pork_leg":4,"minecraft:cut_sandstone":8,"minecraft:birch_planks":83,"minecraft:oak_log":33,"minecraft:jungle_button":6,"minecraft:gunpowder":3,"minecraft:orange_terracotta":235,"minecraft:smooth_sandstone":234,"minecraft:red_nether_brick_stairs":1,"minecraft:kelp":67,"minecraft:iron_ingot":10,"butcher:hook_block":2,"minecraft:soul_sand":16,"minecraft:flowering_azalea":1,"butcher:drained_villager_corpse_item":1,"minecraft:quartz":52,"minecraft:cracked_nether_bricks":2,"minecraft:gravel":7,"epicfight:uchigatana":1,"minecraft:spider_eye":3,"create:millstone":1,"minecraft:slime_ball":17,"minecraft:stone_axe":1,"minecraft:birch_sign":5,"create:rose_quartz":8,"minecraft:mossy_cobblestone_stairs":2,"minecraft:terracotta":44,"minecraft:mangrove_propagule":1,"minecraft:coal":101}},"DataVersion":3465}