{"stats":{"minecraft:killed":{"minecraft:sheep":1,"jujutsucraft:cursed_spirit_grade_32":2,"jujutsucraft:cursed_spirit_grade_313":1,"jujutsucraft:cursed_spirit_grade_39":2,"jujutsucraft:cursed_spirit_grade_31":1,"jujutsucraft:cursed_spirit_grade_33":1,"jujutsucraft:cursed_spirit_grade_312":1,"jujutsucraft:cursed_spirit_grade_314":1,"jujutsucraft:stevenson_screen":2,"minecraft:pig":1,"jujutsucraft:cursed_spirit_grade_311":1,"jujutsucraft:cursed_spirit_grade_310":3,"jujutsucraft:jujutsu_sorcerer":1,"minecraft:chicken":2,"jujutsucraft:divine_dog_black":1,"minecraft:salmon":5,"jujutsucraft:cursed_spirit_grade_36":3,"jujutsucraft:cursed_spirit_grade_214":1,"jujutsucraft:yoshino_junpei":1,"jujutsucraft:cursed_spirit_grade_110":1,"jujutsucraft:cursed_spirit_grade_318":1,"jujutsucraft:cursed_spirit_grade_317":7,"jujutsucraft:cursed_spirit_grade_315":6,"jujutsucraft:cursed_spirit_grade_38":1,"jujutsucraft:cursed_spirit_grade_319":4,"jujutsucraft:curse_user":1,"jujutsucraft:cursed_spirit_grade_322":8,"jujutsucraft:cursed_spirit_grade_01":1,"jujutsucraft:cursed_spirit_grade_321":2,"minecraft:cow":3},"minecraft:custom":{"minecraft:time_since_rest":914,"minecraft:sprint_one_cm":233694,"minecraft:damage_taken":13070,"minecraft:walk_one_cm":229285,"minecraft:mob_kills":70,"minecraft:drop":5,"minecraft:damage_dealt":10566,"minecraft:swim_one_cm":10470,"minecraft:fly_one_cm":323129,"minecraft:player_kills":4,"minecraft:play_time":35650,"minecraft:deaths":30,"minecraft:sneak_time":8,"minecraft:walk_under_water_one_cm":2728,"minecraft:jump":807,"minecraft:damage_dealt_resisted":12978,"minecraft:leave_game":1,"minecraft:walk_on_water_one_cm":19472,"minecraft:time_since_death":885,"minecraft:climb_one_cm":502,"minecraft:total_world_time":35650,"minecraft:damage_resisted":855,"minecraft:fall_one_cm":38827},"minecraft:used":{"jujutsucraft:slaughter_demon":4,"minecraft:white_wool":1,"jujutsucraft:split_soul_katana":238,"minecraft:written_book":1},"minecraft:picked_up":{"jujutsucraft:slaughter_demon":1,"minecraft:leather":3,"jujutsucraft:split_soul_katana":1,"minecraft:beef":6,"minecraft:oak_sapling":2,"minecraft:white_wool":1},"minecraft:killed_by":{"jujutsucraft:yoshino_junpei":1,"jujutsucraft:cursed_spirit_grade_01":4,"jujutsucraft:kurusu_hana":1,"jujutsucraft:kechizu":2,"jujutsucraft:cursed_spirit_grade_36":1,"jujutsucraft:q":5,"minecraft:player":4,"jujutsucraft:cursed_spirit_grade_16":1,"jujutsucraft:cursed_spirit_grade_310":1,"jujutsucraft:fushiguro_megumi":1,"jujutsucraft:cursed_spirit_grade_319":2,"jujutsucraft:cursed_spirit_grade_315":1,"jujutsucraft:cursed_spirit_grade_29":1,"jujutsucraft:curse_user":2,"jujutsucraft:cursed_spirit_grade_32":1,"jujutsucraft:cursed_spirit_grade_34":1,"jujutsucraft:ino_takuma":1},"minecraft:mined":{"minecraft:grass":1,"minecraft:oak_leaves":4},"minecraft:dropped":{"jujutsucraft:uniform_gojo_boots":1,"jujutsucraft:uniform_normal_leggings":1,"jujutsucraftaddon:random_ct_changer":1,"jujutsucraft:uniform_normal_boots":1,"jujutsucraft:uniform_normal_chestplate":1}},"DataVersion":3465}