{"stats":{"minecraft:killed":{"minecraft:cave_spider":8,"minecraft:skeleton":8,"minecraft:chicken":1,"minecraft:pig":4,"spore:inf_player":4,"minecraft:creeper":1,"boh:deer":2,"spore:inf_villager":5,"spore:inf_human":17,"minecraft:zombie":18,"minecraft:stray":1,"minecraft:cow":2,"spore:inf_pillager":2,"spore:inf_witch":2},"minecraft:mined":{"create:deepslate_zinc_ore":21,"minecraft:white_bed":1,"scpo:cobalt_ore_deepslate":2,"create:andesite_casing":3,"scpo:cobalt_ore":3,"minecraft:grass_block":9,"boh:ovamorph_open":1,"minecraft:tall_seagrass":1,"minecraft:magma_block":3,"minecraft:iron_ore":58,"minecraft:cobbled_deepslate":8,"minecraft:fire":6,"minecraft:pointed_dripstone":2,"minecraft:oak_sign":1,"create:mechanical_press":1,"minecraft:deepslate_redstone_ore":14,"create:cogwheel":4,"minecraft:brown_mushroom":9,"minecraft:red_bed":1,"farmersdelight:organic_compost":8,"minecraft:kelp_plant":5,"minecraft:smoker":3,"minecraft:torch":19,"minecraft:chest":1,"minecraft:cobblestone":88,"minecraft:sugar_cane":1,"minecraft:wall_torch":10,"create:large_water_wheel":3,"boh:spinel_ore_ore":2,"minecraft:grass":19,"the_silence:tele":1,"minecraft:sand":11,"minecraft:dirt":79,"minecraft:deepslate":42,"create:zinc_ore":36,"minecraft:mossy_cobblestone":2,"minecraft:deepslate_diamond_ore":13,"minecraft:lever":1,"minecraft:ladder":72,"minecraft:spruce_fence":7,"create:large_cogwheel":3,"minecraft:decorated_pot":1,"minecraft:kelp":1,"minecraft:spore_blossom":1,"create:shaft":3,"minecraft:furnace":2,"minecraft:carrots":1,"minecraft:snow":9,"minecraft:andesite":138,"dynamictrees:spruce_leaves":5,"scpo:iridium_ore":2,"minecraft:bookshelf":19,"minecraft:potatoes":16,"minecraft:deepslate_iron_ore":24,"minecraft:stone":422,"minecraft:podzol":1,"minecraft:smithing_table":1,"minecraft:crafting_table":2,"minecraft:tall_grass":7,"minecraft:copper_ore":22,"minecraft:deepslate_gold_ore":26,"create:water_wheel_structure":2,"minecraft:ice":3,"minecraft:spruce_log":22,"minecraft:coal_ore":98,"minecraft:cobweb":12,"minecraft:stone_bricks":4},"minecraft:picked_up":{"spore:mutated_heart":5,"minecraft:black_carpet":2,"minecraft:smithing_table":1,"boh:spinel":2,"minecraft:potion":1,"minecraft:enchanted_book":1,"minecraft:string":14,"minecraft:raw_copper":80,"minecraft:cooked_salmon":4,"minecraft:oak_sign":1,"minecraft:deepslate_tiles":3,"scpo:raw_iridium":2,"create:mechanical_press":1,"minecraft:cobbled_deepslate":80,"dynamictrees:oak_seed":23,"minecraft:furnace":2,"minecraft:stick":210,"minecraft:torch":31,"create:andesite_casing":3,"minecraft:porkchop":15,"minecraft:pointed_dripstone":5,"the_silence:tape_monster":2,"create:large_cogwheel":3,"easy_villagers:villager":1,"minecraft:stone_sword":3,"minecraft:rotten_flesh":3,"minecraft:snowball":67,"minecraft:cobblestone":802,"minecraft:magma_block":2,"minecraft:feather":1,"minecraft:andesite":203,"minecraft:brown_wool":1,"minecraft:smoker":3,"minecraft:potato":22,"minecraft:tuff":1,"create:raw_zinc":55,"minecraft:dirt":107,"minecraft:bone":4,"minecraft:wheat_seeds":1,"minecraft:raw_gold":27,"create:shaft":3,"spore:cerebrum":10,"minecraft:cooked_porkchop":12,"create:cogwheel":4,"minecraft:sand":11,"minecraft:stripped_spruce_log":10,"sophisticatedbackpacks:iron_backpack":1,"minecraft:spruce_fence_gate":1,"minecraft:diamond":35,"waystones:waystone":2,"minecraft:lever":2,"minecraft:crossbow":1,"minecraft:shelter_pottery_sherd":3,"minecraft:crafting_table":3,"boh:venison":6,"minecraft:chicken":2,"minecraft:ladder":170,"minecraft:brown_mushroom":9,"dynamictrees:spruce_seed":35,"minecraft:brick":3,"the_silence:tele":1,"minecraft:red_bed":2,"minecraft:moss_carpet":1,"minecraft:iron_axe":3,"create:redstone_link":1,"minecraft:beef":2,"minecraft:sugar_cane":10,"minecraft:chest":1,"minecraft:spruce_trapdoor":1,"minecraft:raw_iron":150,"minecraft:spruce_fence":7,"minecraft:amethyst_cluster":3,"sophisticatedbackpacks:backpack":1,"minecraft:stone_button":1,"minecraft:redstone":229,"minecraft:carrot":1,"minecraft:arrow":3,"minecraft:diamond_boots":1,"spore:tendons":6,"minecraft:mutton":3,"minecraft:white_wool":2,"minecraft:leather":6,"minecraft:oak_log":18,"minecraft:gunpowder":4,"farmersdelight:organic_compost":8,"minecraft:cooked_mutton":1,"minecraft:stone_bricks":3,"minecraft:kelp":54,"minecraft:spore_blossom":1,"minecraft:iron_ingot":41,"minecraft:stone_pickaxe":1,"spore:mutated_fiber":40,"minecraft:book":54,"create:large_water_wheel":8,"minecraft:dandelion":1,"minecraft:gravel":2,"minecraft:white_bed":1,"minecraft:spruce_log":141,"minecraft:leather_helmet":1,"minecraft:stone_axe":1,"scpo:raw_cobalt":7,"minecraft:coal":140},"minecraft:custom":{"minecraft:interact_with_crafting_table":68,"minecraft:open_barrel":8,"minecraft:leave_game":8,"minecraft:time_since_death":8919,"minecraft:sprint_one_cm":555007,"minecraft:damage_blocked_by_shield":974,"minecraft:drop":65,"minecraft:play_time":356020,"minecraft:deaths":66,"minecraft:jump":6450,"minecraft:walk_on_water_one_cm":35966,"minecraft:interact_with_furnace":45,"minecraft:sleep_in_bed":14,"minecraft:waystone_activated":1,"minecraft:damage_dealt":15479,"minecraft:player_kills":3,"minecraft:crouch_one_cm":57124,"minecraft:interact_with_smoker":16,"minecraft:interact_with_smithing_table":2,"minecraft:mob_kills":110,"minecraft:climb_one_cm":26449,"minecraft:walk_one_cm":994633,"minecraft:damage_dealt_absorbed":67,"minecraft:sneak_time":11609,"minecraft:walk_under_water_one_cm":23680,"minecraft:interact_with_lectern":1,"minecraft:total_world_time":356020,"minecraft:time_since_rest":7655,"minecraft:damage_taken":20549,"minecraft:swim_one_cm":23501,"minecraft:fly_one_cm":1145221,"minecraft:open_chest":61,"minecraft:fall_one_cm":180686},"minecraft:crafted":{"minecraft:oak_planks":56,"minecraft:stone":1,"minecraft:lever":2,"create:mechanical_bearing":1,"minecraft:green_dye":2,"minecraft:glass":2,"minecraft:iron_boots":1,"create:mechanical_press":1,"minecraft:chest":5,"create:cogwheel":27,"minecraft:smoker":1,"minecraft:oak_slab":6,"create:depot":1,"sophisticatedbackpacks:backpack":1,"minecraft:cooked_porkchop":15,"minecraft:crafting_table":5,"minecraft:spruce_planks":252,"minecraft:wooden_pickaxe":1,"minecraft:iron_helmet":2,"minecraft:copper_ingot":3,"create:gearshift":2,"create:mechanical_mixer":1,"create:gearbox":2,"minecraft:iron_chestplate":2,"minecraft:diamond_pickaxe":1,"create:water_wheel":8,"minecraft:shield":1,"create:super_glue":1,"minecraft:stick":36,"minecraft:iron_ingot":111,"minecraft:iron_pickaxe":5,"minecraft:iron_block":1,"minecraft:stone_sword":1,"minecraft:gold_ingot":4,"create:large_cogwheel":9,"create:wrench":1,"minecraft:iron_nugget":144,"minecraft:furnace":2,"minecraft:bone_meal":3,"minecraft:spruce_fence":6,"minecraft:iron_axe":1,"minecraft:ladder":27,"create:millstone":1,"minecraft:slime_ball":2,"minecraft:lime_dye":4,"minecraft:stone_pickaxe":2,"create:basin":1,"create:belt_connector":1,"create:copper_valve_handle":1,"minecraft:cooked_beef":1,"create:andesite_alloy":32,"create:hand_crank":1,"minecraft:dried_kelp":6,"minecraft:iron_sword":1,"create:dough":2,"create:goggles":1,"create:large_water_wheel":8,"create:redstone_contact":2,"minecraft:bucket":1,"minecraft:stone_axe":1,"minecraft:air":0,"create:whisk":1,"minecraft:white_dye":2,"create:linear_chassis":24,"minecraft:iron_shovel":1,"minecraft:iron_leggings":2,"create:shaft":64,"minecraft:torch":32},"minecraft:used":{"minecraft:iron_shovel":69,"minecraft:ladder":202,"minecraft:chest":5,"minecraft:shield":15,"minecraft:iron_sword":183,"create:mechanical_bearing":1,"minecraft:mutton":3,"create:cogwheel":33,"create:depot":1,"minecraft:lava_bucket":13,"create:millstone":1,"minecraft:magma_block":1,"create:shaft":17,"minecraft:furnace":3,"minecraft:diamond_boots":1,"minecraft:stone_pickaxe":202,"minecraft:oak_planks":9,"minecraft:wooden_pickaxe":7,"create:copper_valve_handle":12,"minecraft:crossbow":1,"minecraft:lever":5,"easy_villagers:villager":1,"minecraft:bread":2,"minecraft:brown_wool":1,"minecraft:spore_blossom":1,"create:andesite_casing":3,"create:basin":1,"minecraft:smithing_table":1,"create:vertical_gearbox":2,"create:large_cogwheel":23,"minecraft:stone_sword":164,"minecraft:torch":33,"minecraft:dirt":9,"create:mechanical_mixer":1,"create:redstone_contact":4,"minecraft:spruce_fence":7,"create:wrench":64,"create:gearbox":2,"minecraft:iron_axe":188,"minecraft:iron_boots":1,"minecraft:cooked_beef":1,"minecraft:cobbled_deepslate":15,"create:belt_connector":4,"create:gearshift":3,"minecraft:cooked_mutton":1,"minecraft:water_bucket":20,"minecraft:brown_mushroom":1,"minecraft:crafting_table":7,"minecraft:red_bed":2,"minecraft:white_bed":1,"minecraft:smoker":4,"minecraft:spruce_log":54,"create:linear_chassis":31,"minecraft:diamond_pickaxe":6,"minecraft:apple":5,"create:mechanical_press":2,"minecraft:iron_pickaxe":847,"create:large_water_wheel":16,"minecraft:stone_axe":6,"minecraft:cobblestone":730,"minecraft:potion":1,"minecraft:cooked_porkchop":15,"minecraft:bucket":36,"create:hand_crank":4,"create:redstone_link":3},"minecraft:dropped":{"scpo:money":3,"minecraft:diamond_axe":1,"minecraft:crafting_table":1,"minecraft:cooked_porkchop":12,"dynamictrees:spruce_seed":3,"minecraft:dirt":23,"scpo:raw_cobalt":7,"minecraft:white_wool":2,"minecraft:gravel":2,"minecraft:stone_axe":2,"dynamictrees:oak_seed":23,"minecraft:iron_nugget":64,"minecraft:cobbled_deepslate":7,"minecraft:black_carpet":2,"minecraft:wheat":10,"minecraft:rotten_flesh":2,"boh:venison":6,"minecraft:gunpowder":1,"minecraft:arrow":4,"the_silence:tape_monster":2,"minecraft:stripped_spruce_log":5,"minecraft:shelter_pottery_sherd":3,"minecraft:wheat_seeds":1,"minecraft:feather":1,"minecraft:cobblestone":3,"minecraft:golden_apple":1,"minecraft:stick":2,"minecraft:torch":5,"farmersdelight:organic_compost":8,"minecraft:dandelion":1,"minecraft:redstone":22,"minecraft:moss_carpet":1,"minecraft:stone_sword":3,"minecraft:tuff":1,"minecraft:chicken":2,"sophisticatedbackpacks:backpack":1,"minecraft:spruce_trapdoor":1,"minecraft:andesite":64,"minecraft:stone_bricks":3,"minecraft:stone_pickaxe":2,"minecraft:wooden_pickaxe":1,"minecraft:amethyst_cluster":3,"minecraft:brick":3},"minecraft:broken":{"minecraft:iron_chestplate":1,"minecraft:iron_leggings":1,"minecraft:stone_pickaxe":1,"minecraft:stone_sword":1,"minecraft:iron_pickaxe":2,"minecraft:iron_helmet":1},"minecraft:killed_by":{"minecraft:creeper":10,"spore:inf_human":4,"sanitydim:rotting_stalker":2,"spore:inf_player":1,"minecraft:cave_spider":7,"minecraft:zombie":1,"minecraft:player":1,"spore:busser":1,"minecraft:stray":2,"minecraft:iron_golem":1,"spore:inf_wanderer":1,"apollyon:the_damned":5,"minecraft:skeleton":2}},"DataVersion":3465}