{"stats":{"minecraft:crafted":{"minecraft:oak_planks":32,"minecraft:cooked_porkchop":11,"minecraft:crafting_table":4,"minecraft:wooden_pickaxe":1,"minecraft:iron_helmet":1,"minecraft:furnace":2,"minecraft:stone_axe":1,"minecraft:air":0,"minecraft:iron_boots":1,"minecraft:iron_chestplate":1,"minecraft:iron_ingot":25,"minecraft:iron_pickaxe":1,"minecraft:stone_pickaxe":2,"minecraft:stone_sword":1,"minecraft:iron_leggings":1,"minecraft:torch":4,"minecraft:smoker":1},"minecraft:dropped":{"minecraft:shelter_pottery_sherd":2,"minecraft:wheat_seeds":1,"dynamictrees:oak_seed":23,"minecraft:stone_sword":3,"minecraft:cobbled_deepslate":7,"minecraft:black_carpet":2,"minecraft:crafting_table":1,"minecraft:tuff":1,"minecraft:cooked_porkchop":12,"minecraft:feather":1,"minecraft:stick":1,"minecraft:torch":1,"scpo:raw_cobalt":1,"minecraft:arrow":1,"minecraft:wooden_pickaxe":1,"minecraft:white_wool":1,"minecraft:dandelion":1,"minecraft:brick":3,"minecraft:redstone":22},"minecraft:killed":{"minecraft:cave_spider":3,"minecraft:pig":4,"spore:inf_player":2,"boh:deer":2,"minecraft:creeper":1,"spore:inf_pillager":1,"spore:inf_villager":4,"minecraft:skeleton":3,"minecraft:zombie":11,"spore:inf_human":7,"minecraft:chicken":1,"minecraft:cow":2},"minecraft:used":{"minecraft:stone_sword":164,"minecraft:oak_planks":7,"minecraft:stone_pickaxe":202,"minecraft:wooden_pickaxe":7,"minecraft:torch":21,"minecraft:mutton":3,"minecraft:crafting_table":5,"minecraft:smoker":2,"minecraft:iron_axe":14,"minecraft:brown_wool":1,"minecraft:iron_pickaxe":119,"minecraft:iron_boots":1,"minecraft:stone_axe":6,"minecraft:cobblestone":4,"minecraft:furnace":2,"minecraft:cooked_porkchop":7,"minecraft:cobbled_deepslate":8},"minecraft:killed_by":{"spore:inf_player":1,"spore:busser":1,"minecraft:skeleton":2,"minecraft:creeper":9,"spore:inf_human":3,"spore:inf_wanderer":1,"sanitydim:rotting_stalker":1},"minecraft:picked_up":{"minecraft:crafting_table":2,"minecraft:shelter_pottery_sherd":3,"spore:mutated_heart":2,"minecraft:black_carpet":2,"minecraft:feather":1,"minecraft:chicken":2,"boh:venison":6,"minecraft:andesite":71,"minecraft:leather":5,"minecraft:brown_wool":1,"minecraft:smoker":1,"minecraft:tuff":1,"create:raw_zinc":20,"minecraft:oak_log":18,"minecraft:brick":3,"minecraft:dirt":22,"minecraft:raw_copper":41,"minecraft:iron_axe":1,"minecraft:wheat_seeds":1,"minecraft:cobbled_deepslate":15,"minecraft:raw_gold":25,"minecraft:iron_ingot":12,"minecraft:beef":2,"spore:mutated_fiber":18,"dynamictrees:oak_seed":23,"minecraft:furnace":1,"minecraft:raw_iron":39,"minecraft:stick":65,"spore:cerebrum":1,"minecraft:cooked_porkchop":12,"minecraft:torch":21,"minecraft:dandelion":1,"minecraft:porkchop":11,"minecraft:pointed_dripstone":5,"minecraft:redstone":85,"minecraft:stone_sword":3,"minecraft:arrow":1,"minecraft:diamond":16,"scpo:raw_cobalt":5,"minecraft:coal":84,"spore:tendons":6,"minecraft:mutton":3,"minecraft:white_wool":2,"minecraft:cobblestone":50},"minecraft:custom":{"minecraft:interact_with_furnace":11,"minecraft:mob_kills":59,"minecraft:interact_with_crafting_table":10,"minecraft:leave_game":3,"minecraft:time_since_death":2686,"minecraft:time_since_rest":2716,"minecraft:sprint_one_cm":146508,"minecraft:damage_taken":11132,"minecraft:walk_one_cm":187062,"minecraft:drop":24,"minecraft:damage_dealt":7160,"minecraft:player_kills":1,"minecraft:swim_one_cm":5748,"minecraft:fly_one_cm":194747,"minecraft:open_chest":4,"minecraft:crouch_one_cm":8023,"minecraft:play_time":77510,"minecraft:deaths":23,"minecraft:sneak_time":1827,"minecraft:walk_under_water_one_cm":1260,"minecraft:jump":1528,"minecraft:walk_on_water_one_cm":6207,"minecraft:fall_one_cm":47046,"minecraft:total_world_time":77510,"minecraft:interact_with_smoker":4},"minecraft:mined":{"minecraft:deepslate_redstone_ore":14,"create:deepslate_zinc_ore":20,"scpo:cobalt_ore_deepslate":2,"minecraft:deepslate_diamond_ore":11,"minecraft:smoker":1,"scpo:cobalt_ore":3,"minecraft:crafting_table":1,"minecraft:torch":14,"minecraft:grass_block":3,"minecraft:decorated_pot":1,"minecraft:copper_ore":12,"minecraft:tall_grass":7,"minecraft:deepslate_gold_ore":26,"minecraft:wall_torch":5,"minecraft:furnace":1,"minecraft:iron_ore":28,"minecraft:cobbled_deepslate":1,"minecraft:andesite":70,"minecraft:grass":18,"minecraft:pointed_dripstone":2,"minecraft:coal_ore":42,"minecraft:deepslate_iron_ore":11,"minecraft:dirt":1,"minecraft:stone":46,"minecraft:deepslate":29},"minecraft:broken":{"minecraft:stone_pickaxe":1,"minecraft:stone_sword":1}},"DataVersion":3465}