{"stats":{"minecraft:custom":{"minecraft:jump":214,"minecraft:time_since_rest":2498,"minecraft:damage_dealt":51,"minecraft:damage_taken":530,"minecraft:leave_game":1,"minecraft:crouch_one_cm":94,"minecraft:time_since_death":2473,"minecraft:play_time":26983,"minecraft:sprint_one_cm":12717,"minecraft:walk_one_cm":15776,"minecraft:walk_on_water_one_cm":313,"minecraft:deaths":2,"minecraft:sneak_time":33,"minecraft:total_world_time":26983,"minecraft:fall_one_cm":6192,"minecraft:fly_one_cm":41186},"minecraft:picked_up":{"minecraft:sugar_cane":12},"minecraft:killed_by":{"apollyon:the_damned":1,"spore:inf_villager":1},"minecraft:mined":{"minecraft:sugar_cane":4}},"DataVersion":3465}