{"stats":{"minecraft:mined":{"create:zinc_ore":51,"create:deepslate_zinc_ore":55,"minecraft:tuff":3,"minecraft:stone_pressure_plate":2,"minecraft:deepslate_diamond_ore":2,"create:andesite_casing":3,"minecraft:red_nether_bricks":3,"minecraft:obsidian":9,"minecraft:grass_block":1,"minecraft:nether_wart":6,"minecraft:sandstone":162,"minecraft:spawner":1,"minecraft:sandstone_stairs":3,"minecraft:hay_block":9,"minecraft:polished_blackstone_bricks":2,"minecraft:redstone_ore":1,"create:shaft":2,"minecraft:glowstone":12,"minecraft:furnace":3,"minecraft:iron_ore":52,"minecraft:fire":3,"minecraft:chiseled_sandstone":3,"minecraft:andesite":194,"treechop:chopped_log":19,"minecraft:gold_block":2,"minecraft:pointed_dripstone":12,"minecraft:deepslate_iron_ore":10,"minecraft:lantern":1,"minecraft:birch_wall_sign":4,"minecraft:stone":117,"minecraft:redstone_wall_torch":1,"create:mechanical_press":2,"create:limestone":33,"minecraft:green_bed":3,"minecraft:sandstone_slab":5,"minecraft:deepslate_redstone_ore":36,"create:cogwheel":3,"minecraft:cut_sandstone":5,"minecraft:brown_mushroom":14,"minecraft:jungle_door":1,"minecraft:soul_sand":16,"minecraft:blackstone":5,"minecraft:orange_terracotta":161,"minecraft:smooth_sandstone":204,"minecraft:clay":16,"minecraft:crafting_table":7,"minecraft:torch":5,"minecraft:chest":2,"create:water_wheel":1,"minecraft:nether_quartz_ore":52,"minecraft:copper_ore":74,"minecraft:cobblestone":111,"minecraft:lapis_ore":1,"minecraft:deepslate_gold_ore":11,"minecraft:sugar_cane":15,"minecraft:oak_planks":13,"minecraft:smooth_sandstone_slab":12,"minecraft:wall_torch":4,"minecraft:amethyst_block":6,"create:basin":1,"minecraft:birch_planks":36,"minecraft:lime_bed":1,"minecraft:cactus":3,"minecraft:blue_terracotta":1,"minecraft:birch_log":1,"minecraft:wheat":5,"create:mechanical_mixer":1,"butcher:sulfurore":2,"minecraft:tnt":22,"minecraft:grass":8,"minecraft:coal_ore":47,"create:hand_crank":3,"minecraft:sand":54,"minecraft:dirt":4,"minecraft:crimson_planks":2,"minecraft:sandstone_wall":2,"minecraft:terracotta":31,"minecraft:birch_sign":2,"minecraft:netherrack":15,"minecraft:gold_ore":5,"create:crimsite":7,"minecraft:oak_leaves":7,"minecraft:deepslate":18,"paraglider:goddess_statue":2},"minecraft:killed_by":{"minecraft:husk":1,"minecraft:player":2,"minecraft:creeper":3,"minecraft:iron_golem":1,"minecraft:skeleton":5,"minecraft:zombie":4,"cataclysm:netherite_monstrosity":2},"minecraft:killed":{"minecraft:cave_spider":4,"minecraft:spider":1,"minecraft:skeleton":10,"minecraft:pig":6,"minecraft:iron_golem":1,"minecraft:sheep":4,"minecraft:zombie":2,"minecraft:enderman":1},"minecraft:dropped":{"minecraft:iron_ingot":5,"create:crimsite":14,"minecraft:rabbit":1,"minecraft:flowering_azalea":1,"minecraft:mud":1,"minecraft:iron_pickaxe":1,"minecraft:gold_ingot":1,"minecraft:iron_nugget":122,"minecraft:cobbled_deepslate":1,"minecraft:flint_and_steel":1,"minecraft:orange_terracotta":1,"minecraft:diamond_pickaxe":1,"minecraft:andesite":72,"minecraft:azalea":6},"minecraft:picked_up":{"minecraft:mud":1,"minecraft:crafting_table":7,"minecraft:wheat":3,"minecraft:sandstone_slab":4,"minecraft:nether_wart":6,"minecraft:clay_ball":64,"minecraft:brown_mushroom":15,"minecraft:gold_block":2,"minecraft:crimson_planks":2,"minecraft:amethyst_block":6,"paraglider:goddess_statue":2,"minecraft:string":8,"minecraft:raw_copper":255,"create:limestone":33,"minecraft:flint_and_steel":1,"minecraft:red_nether_bricks":3,"minecraft:blackstone":6,"create:water_wheel":1,"minecraft:sea_pickle":2,"minecraft:cobbled_deepslate":22,"create:mechanical_press":2,"minecraft:redstone_torch":2,"create:basin":1,"minecraft:azalea":13,"minecraft:iron_pickaxe":1,"minecraft:light_gray_wool":1,"minecraft:chest":2,"minecraft:sugar_cane":46,"minecraft:birch_sapling":33,"minecraft:jungle_door":1,"minecraft:furnace":3,"minecraft:sandstone":162,"minecraft:stick":46,"minecraft:raw_iron":125,"immersivecaves:immersive_caves_guide":3,"create:mechanical_mixer":1,"create:golden_sheet":1,"minecraft:torch":16,"minecraft:green_bed":3,"create:andesite_casing":3,"minecraft:sandstone_wall":2,"epicfight:skillbook":1,"minecraft:polished_blackstone_bricks":2,"minecraft:porkchop":10,"create:hand_crank":4,"minecraft:pointed_dripstone":25,"minecraft:redstone":196,"minecraft:stone_pressure_plate":2,"minecraft:smooth_sandstone_slab":11,"minecraft:tnt":19,"minecraft:cactus":6,"minecraft:arrow":6,"minecraft:nether_bricks":3,"minecraft:hay_block":9,"minecraft:sandstone_stairs":3,"minecraft:netherite_chestplate":1,"minecraft:obsidian":9,"minecraft:mutton":6,"minecraft:cobblestone":220,"minecraft:white_wool":4,"minecraft:birch_log":95,"minecraft:lime_bed":1,"create:iron_sheet":5,"minecraft:dune_armor_trim_smithing_template":2,"minecraft:andesite":222,"minecraft:cut_sandstone":5,"minecraft:birch_planks":36,"paraglider:spirit_orb":2,"minecraft:flint":1,"minecraft:tuff":5,"create:raw_zinc":124,"minecraft:oak_log":33,"minecraft:gunpowder":3,"minecraft:lapis_lazuli":4,"minecraft:dirt":5,"minecraft:lantern":1,"minecraft:orange_terracotta":159,"minecraft:smooth_sandstone":204,"minecraft:bone":6,"minecraft:red_nether_brick_stairs":1,"minecraft:bow":1,"minecraft:wheat_seeds":13,"minecraft:raw_gold":28,"minecraft:iron_ingot":10,"minecraft:rabbit":1,"minecraft:diamond_helmet":1,"create:shaft":2,"minecraft:soul_sand":16,"minecraft:glowstone_dust":51,"minecraft:flowering_azalea":1,"minecraft:oak_planks":20,"create:cogwheel":5,"minecraft:quartz":52,"minecraft:gravel":7,"minecraft:sand":77,"epicfight:uchigatana":1,"minecraft:chiseled_sandstone":3,"minecraft:spider_eye":3,"butcher:sulfur":4,"minecraft:blue_terracotta":1,"create:crimsite":14,"minecraft:slime_ball":17,"minecraft:diamond":6,"butcher:butchersguidebook":2,"minecraft:birch_sign":5,"minecraft:emerald":1,"minecraft:terracotta":31,"minecraft:oak_sapling":15,"minecraft:netherrack":22,"minecraft:coal":100,"minecraft:diamond_pickaxe":1},"minecraft:used":{"minecraft:flint_and_steel":1,"minecraft:chest":10,"minecraft:shield":4,"minecraft:sandstone_wall":17,"minecraft:torch":24,"minecraft:dirt":4,"minecraft:mutton":1,"create:mechanical_mixer":3,"create:cogwheel":78,"create:depot":4,"minecraft:obsidian":12,"minecraft:lava_bucket":1,"minecraft:wooden_axe":39,"create:wrench":49,"minecraft:lantern":5,"minecraft:smooth_sandstone":120,"minecraft:spawner":1,"create:millstone":3,"minecraft:golden_sword":2,"create:shaft":5,"minecraft:furnace":4,"minecraft:orange_terracotta":138,"minecraft:cobbled_deepslate":5,"minecraft:cooked_mutton":3,"minecraft:water_bucket":18,"epicfight:skillbook":6,"minecraft:sandstone_stairs":3,"minecraft:birch_planks":154,"minecraft:stone_pickaxe":271,"minecraft:oak_planks":12,"minecraft:smooth_sandstone_slab":8,"minecraft:wooden_pickaxe":59,"minecraft:sandstone":5,"minecraft:cut_sandstone":5,"minecraft:stonecutter":1,"minecraft:green_bed":3,"minecraft:sand":9,"minecraft:terracotta":23,"create:encased_fan":1,"minecraft:crafting_table":8,"createaddition:rolling_mill":1,"minecraft:birch_sign":9,"minecraft:smoker":1,"minecraft:oak_log":6,"minecraft:diamond_pickaxe":687,"minecraft:chiseled_sandstone":58,"create:mechanical_press":5,"minecraft:iron_pickaxe":544,"create:water_wheel":2,"create:large_water_wheel":17,"minecraft:stone_axe":256,"create:basin":3,"minecraft:cobblestone":132,"minecraft:jungle_door":1,"minecraft:birch_log":2,"minecraft:sandstone_slab":5,"minecraft:bucket":23,"create:hand_crank":6,"epicfight:uchigatana":13,"create:large_cogwheel":17},"minecraft:broken":{"minecraft:wooden_pickaxe":1,"minecraft:stone_pickaxe":2,"minecraft:stone_axe":2,"minecraft:iron_pickaxe":2,"minecraft:wooden_axe":1},"minecraft:crafted":{"minecraft:oak_planks":52,"create:wrench":1,"minecraft:iron_nugget":90,"createaddition:rolling_mill":1,"minecraft:furnace":2,"minecraft:stone":4,"minecraft:cooked_mutton":5,"minecraft:flint_and_steel":1,"minecraft:glass":2,"minecraft:lantern":4,"minecraft:iron_boots":1,"create:mechanical_press":1,"create:millstone":1,"minecraft:stone_pickaxe":2,"minecraft:chest":8,"create:basin":1,"create:cogwheel":27,"minecraft:birch_sign":3,"minecraft:wheat":81,"minecraft:smoker":1,"create:depot":3,"create:andesite_alloy":12,"create:hand_crank":2,"minecraft:crafting_table":1,"minecraft:wooden_pickaxe":1,"minecraft:smooth_sandstone":48,"create:goggles":1,"create:large_water_wheel":13,"minecraft:sandstone_slab":6,"minecraft:birch_planks":360,"minecraft:bucket":1,"minecraft:stone_axe":3,"create:mechanical_mixer":1,"minecraft:air":0,"create:encased_fan":1,"create:whisk":1,"minecraft:diamond_pickaxe":1,"create:water_wheel":12,"minecraft:shield":1,"minecraft:stick":24,"minecraft:iron_ingot":117,"minecraft:iron_pickaxe":2,"minecraft:wooden_axe":2,"minecraft:iron_block":1,"minecraft:iron_leggings":1,"minecraft:gold_ingot":18,"minecraft:sandstone":16,"minecraft:stonecutter":1,"create:large_cogwheel":11,"create:propeller":1,"create:shaft":56,"minecraft:torch":16,"minecraft:sandstone_stairs":4,"minecraft:shears":1},"minecraft:custom":{"minecraft:mob_kills":31,"minecraft:animals_bred":2,"minecraft:interact_with_crafting_table":59,"minecraft:open_barrel":11,"minecraft:leave_game":5,"minecraft:time_since_death":1692,"minecraft:climb_one_cm":308,"minecraft:sprint_one_cm":535236,"minecraft:damage_blocked_by_shield":405,"minecraft:walk_one_cm":1378079,"minecraft:drop":17,"minecraft:play_time":249687,"minecraft:deaths":34,"minecraft:sneak_time":4232,"minecraft:walk_under_water_one_cm":4639,"minecraft:jump":4120,"minecraft:walk_on_water_one_cm":55388,"minecraft:total_world_time":249687,"minecraft:interact_with_furnace":38,"minecraft:interact_with_stonecutter":7,"minecraft:sleep_in_bed":5,"minecraft:time_since_rest":1715,"minecraft:damage_taken":7834,"minecraft:trigger_trapped_chest":1,"minecraft:damage_dealt":6239,"minecraft:player_kills":3,"minecraft:swim_one_cm":14079,"minecraft:fly_one_cm":1374064,"minecraft:open_chest":149,"minecraft:crouch_one_cm":20980,"minecraft:interact_with_smoker":11,"minecraft:fall_one_cm":129027}},"DataVersion":3465}