{"stats":{"minecraft:killed":{"minecraft:spider":2,"minecraft:skeleton":2,"minecraft:pig":4,"minecraft:creeper":3,"minecraft:sheep":5,"minecraft:zombie":3,"minecraft:enderman":1},"minecraft:crafted":{"minecraft:oak_planks":292,"minecraft:iron_nugget":135,"minecraft:furnace":1,"minecraft:flint_and_steel":1,"minecraft:glass":2,"create:mechanical_press":1,"minecraft:stone_pickaxe":2,"minecraft:chest":3,"create:basin":1,"create:cogwheel":13,"create:andesite_alloy":21,"minecraft:crafting_table":4,"minecraft:wooden_pickaxe":1,"create:goggles":1,"create:large_water_wheel":7,"minecraft:bucket":1,"minecraft:stone_axe":2,"create:mechanical_mixer":1,"minecraft:air":0,"create:whisk":1,"create:water_wheel":7,"minecraft:shield":1,"minecraft:stick":16,"minecraft:iron_ingot":42,"minecraft:iron_pickaxe":2,"minecraft:iron_block":1,"minecraft:gold_ingot":6,"create:large_cogwheel":9,"create:shaft":40,"minecraft:torch":4,"create:empty_blaze_burner":1},"minecraft:broken":{"minecraft:stone_pickaxe":1,"minecraft:stone_axe":1,"minecraft:iron_pickaxe":1},"minecraft:picked_up":{"minecraft:crafting_table":1,"minecraft:iron_chestplate":2,"minecraft:amethyst_block":8,"minecraft:string":4,"minecraft:raw_copper":175,"minecraft:iron_leggings":1,"create:mechanical_press":2,"minecraft:cobbled_deepslate":97,"minecraft:calcite":16,"minecraft:light_gray_wool":1,"minecraft:sugar_cane":5,"minecraft:birch_sapling":2,"minecraft:iron_boots":1,"minecraft:raw_iron":29,"minecraft:stick":25,"create:golden_sheet":3,"minecraft:torch":13,"create:andesite_casing":4,"minecraft:porkchop":9,"minecraft:pointed_dripstone":36,"minecraft:redstone":397,"minecraft:cauldron":3,"create:large_cogwheel":1,"minecraft:rotten_flesh":3,"minecraft:arrow":2,"minecraft:gold_ingot":4,"supplementaries:ash":5,"minecraft:mutton":20,"minecraft:rail":15,"minecraft:white_wool":6,"minecraft:cobblestone":35,"create:iron_sheet":13,"minecraft:cooked_beef":2,"minecraft:glow_ink_sac":1,"minecraft:water_bucket":1,"minecraft:andesite":236,"minecraft:flint":1,"minecraft:tuff":9,"create:raw_zinc":80,"minecraft:oak_log":106,"minecraft:yellow_bed":1,"minecraft:gunpowder":2,"minecraft:lapis_lazuli":35,"minecraft:dirt":331,"tombstone:gift":1,"minecraft:cooked_mutton":11,"minecraft:bone":2,"minecraft:apple":1,"minecraft:kelp":113,"minecraft:wheat_seeds":12,"minecraft:raw_gold":14,"minecraft:iron_ingot":23,"minecraft:oak_planks":20,"create:large_water_wheel":13,"create:cogwheel":4,"minecraft:dripstone_block":1,"minecraft:gravel":1,"minecraft:sand":9,"minecraft:white_bed":3,"minecraft:spider_eye":1,"minecraft:diamond_shovel":1,"create:crimsite":8,"minecraft:diamond":3,"minecraft:iron_helmet":1,"minecraft:gray_wool":1,"minecraft:bread":9,"minecraft:emerald":1,"minecraft:netherrack":1,"minecraft:oak_sapling":30,"minecraft:black_wool":1,"minecraft:coal":6},"minecraft:used":{"minecraft:flint_and_steel":4,"minecraft:chest":2,"minecraft:shield":2,"minecraft:torch":11,"minecraft:dirt":329,"minecraft:mutton":5,"create:mechanical_mixer":1,"create:cogwheel":27,"minecraft:tuff":4,"minecraft:furnace":1,"minecraft:cooked_beef":2,"minecraft:cobbled_deepslate":101,"minecraft:calcite":17,"minecraft:cooked_mutton":8,"minecraft:water_bucket":3,"minecraft:stone_pickaxe":206,"minecraft:oak_planks":29,"create:crimsite":7,"minecraft:wooden_pickaxe":23,"create:blaze_burner":1,"minecraft:sand":1,"minecraft:crafting_table":3,"minecraft:white_bed":3,"minecraft:dripstone_block":1,"minecraft:oak_log":3,"easy_villagers:villager":1,"minecraft:apple":3,"minecraft:diamond_shovel":315,"create:mechanical_press":3,"minecraft:bread":7,"minecraft:iron_pickaxe":286,"create:andesite_casing":1,"create:large_water_wheel":20,"minecraft:stone_axe":192,"create:basin":1,"minecraft:cobblestone":5,"minecraft:porkchop":3,"minecraft:bucket":4,"create:large_cogwheel":10},"minecraft:mined":{"minecraft:large_amethyst_bud":1,"create:deepslate_zinc_ore":18,"minecraft:tuff":10,"minecraft:white_bed":3,"minecraft:deepslate_diamond_ore":5,"create:andesite_casing":4,"minecraft:budding_amethyst":1,"minecraft:grass_block":244,"create:large_cogwheel":1,"minecraft:kelp":2,"minecraft:redstone_ore":2,"minecraft:fire":7,"minecraft:cobbled_deepslate":47,"minecraft:andesite":134,"treechop:chopped_log":13,"minecraft:deepslate_lapis_ore":5,"minecraft:peony":1,"minecraft:pointed_dripstone":11,"minecraft:deepslate_iron_ore":20,"minecraft:water_cauldron":3,"minecraft:dirt_path":10,"minecraft:rail":10,"minecraft:stone":32,"create:mechanical_press":2,"minecraft:deepslate_redstone_ore":90,"create:cogwheel":2,"minecraft:kelp_plant":15,"minecraft:medium_amethyst_bud":2,"minecraft:torch":5,"minecraft:calcite":16,"minecraft:copper_ore":11,"minecraft:tall_grass":1,"minecraft:cobblestone":1,"minecraft:deepslate_gold_ore":14,"minecraft:sugar_cane":2,"minecraft:oak_planks":20,"minecraft:wall_torch":5,"minecraft:amethyst_block":11,"minecraft:deepslate_copper_ore":8,"create:large_water_wheel":6,"supplementaries:urn":2,"create:water_wheel_structure":7,"minecraft:yellow_bed":1,"minecraft:grass":13,"minecraft:coal_ore":8,"minecraft:oak_log":26,"minecraft:gravel":2,"minecraft:dripstone_block":1,"minecraft:sand":6,"minecraft:dirt":65,"minecraft:netherrack":1,"create:crimsite":7,"minecraft:oak_leaves":11,"minecraft:deepslate":37},"minecraft:killed_by":{"minecraft:enderman":1,"minecraft:blaze":1},"minecraft:custom":{"minecraft:mob_kills":21,"minecraft:interact_with_crafting_table":30,"minecraft:time_since_death":3707,"minecraft:sprint_one_cm":196086,"minecraft:walk_one_cm":403428,"minecraft:damage_blocked_by_shield":135,"minecraft:drop":32,"minecraft:play_time":165187,"minecraft:sneak_time":4192,"minecraft:deaths":3,"minecraft:walk_under_water_one_cm":32023,"minecraft:jump":2265,"minecraft:interact_with_blast_furnace":13,"minecraft:walk_on_water_one_cm":54979,"minecraft:total_world_time":165187,"minecraft:interact_with_furnace":14,"minecraft:sleep_in_bed":3,"minecraft:time_since_rest":3406,"minecraft:damage_taken":2045,"minecraft:damage_dealt":3348,"minecraft:player_kills":1,"minecraft:swim_one_cm":55193,"minecraft:fly_one_cm":310319,"minecraft:open_chest":24,"minecraft:crouch_one_cm":11340,"tombstone:undead_killed":5,"minecraft:interact_with_smoker":6,"minecraft:fall_one_cm":57763},"minecraft:dropped":{"minecraft:water_bucket":1,"minecraft:iron_ingot":30,"minecraft:glow_ink_sac":1,"minecraft:crafting_table":2,"minecraft:coal":1,"minecraft:stick":2,"minecraft:dirt":2,"minecraft:mutton":9,"minecraft:gold_ingot":4,"minecraft:gravel":1,"minecraft:iron_nugget":64,"minecraft:cobbled_deepslate":11,"minecraft:cooked_mutton":3,"minecraft:andesite":64,"minecraft:calcite":14,"create:andesite_alloy":1}},"DataVersion":3465}