{"stats":{"minecraft:used":{"minecraft:stone_sword":164,"minecraft:iron_shovel":69,"minecraft:chest":3,"minecraft:shield":6,"minecraft:iron_sword":136,"minecraft:torch":29,"minecraft:dirt":9,"minecraft:mutton":3,"create:mechanical_mixer":1,"create:cogwheel":32,"create:depot":1,"minecraft:lava_bucket":12,"create:wrench":8,"minecraft:iron_axe":104,"minecraft:iron_boots":1,"minecraft:magma_block":1,"create:shaft":7,"minecraft:furnace":3,"minecraft:cooked_beef":1,"minecraft:cobbled_deepslate":8,"minecraft:cooked_mutton":1,"minecraft:water_bucket":20,"minecraft:diamond_boots":1,"minecraft:stone_pickaxe":202,"minecraft:oak_planks":9,"minecraft:wooden_pickaxe":7,"minecraft:crafting_table":7,"minecraft:white_bed":1,"minecraft:spruce_log":48,"minecraft:smoker":4,"easy_villagers:villager":1,"minecraft:diamond_pickaxe":6,"minecraft:apple":5,"create:mechanical_press":2,"minecraft:bread":2,"minecraft:brown_wool":1,"minecraft:iron_pickaxe":512,"create:andesite_casing":3,"create:large_water_wheel":16,"minecraft:stone_axe":6,"create:basin":1,"minecraft:cobblestone":389,"minecraft:cooked_porkchop":15,"minecraft:smithing_table":1,"minecraft:bucket":33,"create:large_cogwheel":16},"minecraft:killed_by":{"minecraft:player":1,"spore:busser":1,"minecraft:stray":2,"minecraft:creeper":9,"spore:inf_human":4,"minecraft:iron_golem":1,"spore:inf_wanderer":1,"sanitydim:rotting_stalker":2,"spore:inf_player":1,"apollyon:the_damned":2,"minecraft:cave_spider":7,"minecraft:skeleton":2,"minecraft:zombie":1},"minecraft:crafted":{"minecraft:oak_planks":56,"create:wrench":1,"minecraft:iron_nugget":72,"minecraft:furnace":2,"minecraft:glass":2,"minecraft:iron_boots":1,"create:mechanical_press":1,"minecraft:iron_axe":1,"minecraft:stone_pickaxe":2,"minecraft:chest":3,"create:basin":1,"create:cogwheel":15,"minecraft:smoker":1,"minecraft:cooked_beef":1,"create:depot":1,"create:andesite_alloy":32,"sophisticatedbackpacks:backpack":1,"minecraft:cooked_porkchop":15,"minecraft:crafting_table":5,"minecraft:spruce_planks":184,"minecraft:wooden_pickaxe":1,"minecraft:iron_helmet":2,"minecraft:iron_sword":1,"create:goggles":1,"create:large_water_wheel":8,"minecraft:bucket":1,"minecraft:stone_axe":1,"create:mechanical_mixer":1,"minecraft:air":0,"create:whisk":1,"minecraft:iron_chestplate":2,"create:water_wheel":8,"minecraft:diamond_pickaxe":1,"minecraft:shield":1,"minecraft:iron_ingot":63,"minecraft:iron_pickaxe":4,"minecraft:iron_block":1,"minecraft:stone_sword":1,"minecraft:gold_ingot":4,"minecraft:iron_shovel":1,"minecraft:iron_leggings":1,"create:large_cogwheel":9,"create:shaft":40,"minecraft:torch":4},"minecraft:killed":{"minecraft:cave_spider":8,"minecraft:skeleton":5,"minecraft:chicken":1,"minecraft:pig":4,"spore:inf_player":4,"minecraft:creeper":1,"boh:deer":2,"spore:inf_pillager":1,"spore:inf_villager":5,"minecraft:zombie":15,"spore:inf_human":16,"minecraft:stray":1,"spore:inf_witch":1,"minecraft:cow":2},"minecraft:dropped":{"scpo:money":3,"minecraft:stripped_spruce_log":5,"minecraft:diamond_axe":1,"minecraft:shelter_pottery_sherd":3,"minecraft:wheat_seeds":1,"minecraft:crafting_table":1,"minecraft:cooked_porkchop":12,"minecraft:feather":1,"minecraft:cobblestone":3,"dynamictrees:spruce_seed":3,"minecraft:stick":2,"minecraft:dirt":23,"minecraft:torch":4,"farmersdelight:organic_compost":8,"scpo:raw_cobalt":7,"minecraft:white_wool":2,"minecraft:dandelion":1,"minecraft:redstone":22,"minecraft:gravel":2,"minecraft:moss_carpet":1,"minecraft:stone_axe":2,"dynamictrees:oak_seed":23,"minecraft:cobbled_deepslate":7,"minecraft:stone_sword":3,"minecraft:black_carpet":2,"minecraft:tuff":1,"minecraft:chicken":2,"sophisticatedbackpacks:backpack":1,"boh:venison":6,"minecraft:spruce_trapdoor":1,"minecraft:gunpowder":1,"minecraft:stone_bricks":3,"minecraft:arrow":3,"minecraft:wooden_pickaxe":1,"minecraft:stone_pickaxe":2,"minecraft:amethyst_cluster":3,"the_silence:tape_monster":1,"minecraft:brick":3},"minecraft:picked_up":{"spore:mutated_heart":3,"minecraft:shelter_pottery_sherd":3,"minecraft:crafting_table":3,"minecraft:black_carpet":2,"boh:venison":6,"minecraft:chicken":2,"dynamictrees:spruce_seed":21,"minecraft:smithing_table":1,"minecraft:enchanted_book":1,"minecraft:brick":3,"the_silence:tele":1,"minecraft:string":14,"minecraft:moss_carpet":1,"minecraft:raw_copper":41,"minecraft:iron_axe":3,"minecraft:deepslate_tiles":3,"create:mechanical_press":1,"minecraft:cobbled_deepslate":73,"minecraft:beef":2,"dynamictrees:oak_seed":23,"minecraft:sugar_cane":10,"minecraft:chest":1,"minecraft:spruce_trapdoor":1,"minecraft:furnace":2,"minecraft:stick":143,"minecraft:raw_iron":93,"sophisticatedbackpacks:backpack":1,"minecraft:torch":29,"create:andesite_casing":3,"minecraft:amethyst_cluster":3,"minecraft:porkchop":15,"the_silence:tape_monster":1,"minecraft:pointed_dripstone":5,"minecraft:carrot":1,"minecraft:redstone":85,"create:large_cogwheel":3,"easy_villagers:villager":1,"minecraft:stone_sword":3,"minecraft:arrow":3,"minecraft:diamond_boots":1,"spore:tendons":6,"minecraft:mutton":3,"minecraft:snowball":66,"minecraft:white_wool":2,"minecraft:cobblestone":499,"minecraft:magma_block":1,"minecraft:feather":1,"minecraft:andesite":71,"minecraft:brown_wool":1,"minecraft:leather":6,"minecraft:smoker":3,"minecraft:potato":22,"minecraft:oak_log":18,"minecraft:tuff":1,"create:raw_zinc":20,"minecraft:gunpowder":4,"minecraft:dirt":107,"minecraft:cooked_mutton":1,"farmersdelight:organic_compost":8,"minecraft:bone":1,"minecraft:stone_bricks":3,"minecraft:wheat_seeds":1,"minecraft:raw_gold":27,"minecraft:iron_ingot":41,"minecraft:stone_pickaxe":1,"create:shaft":3,"spore:mutated_fiber":38,"minecraft:book":54,"create:large_water_wheel":8,"spore:cerebrum":9,"minecraft:cooked_porkchop":12,"create:cogwheel":4,"minecraft:gravel":2,"minecraft:dandelion":1,"minecraft:sand":11,"minecraft:stripped_spruce_log":10,"minecraft:white_bed":1,"minecraft:spruce_log":94,"minecraft:leather_helmet":1,"minecraft:spruce_fence_gate":1,"minecraft:diamond":35,"minecraft:stone_axe":1,"scpo:raw_cobalt":7,"minecraft:coal":108},"minecraft:custom":{"minecraft:interact_with_smithing_table":2,"minecraft:mob_kills":99,"minecraft:interact_with_crafting_table":42,"minecraft:leave_game":6,"minecraft:time_since_death":5430,"minecraft:climb_one_cm":3073,"minecraft:sprint_one_cm":396705,"minecraft:walk_one_cm":613156,"minecraft:damage_blocked_by_shield":389,"minecraft:drop":56,"minecraft:play_time":218032,"minecraft:deaths":47,"minecraft:sneak_time":6436,"minecraft:walk_under_water_one_cm":16923,"minecraft:interact_with_lectern":1,"minecraft:jump":4571,"minecraft:walk_on_water_one_cm":29443,"minecraft:total_world_time":218032,"minecraft:interact_with_furnace":33,"minecraft:sleep_in_bed":3,"minecraft:time_since_rest":5453,"minecraft:damage_taken":17376,"minecraft:damage_dealt":13024,"minecraft:swim_one_cm":8343,"minecraft:fly_one_cm":826710,"minecraft:player_kills":2,"minecraft:open_chest":37,"minecraft:crouch_one_cm":37411,"minecraft:interact_with_smoker":14,"minecraft:fall_one_cm":121777},"minecraft:broken":{"minecraft:stone_sword":1,"minecraft:iron_chestplate":1,"minecraft:stone_pickaxe":1,"minecraft:iron_pickaxe":1,"minecraft:iron_helmet":1},"minecraft:mined":{"create:deepslate_zinc_ore":20,"minecraft:white_bed":1,"minecraft:mossy_cobblestone":2,"scpo:cobalt_ore_deepslate":2,"minecraft:deepslate_diamond_ore":13,"create:andesite_casing":3,"scpo:cobalt_ore":3,"minecraft:ladder":2,"minecraft:grass_block":9,"minecraft:spruce_fence":1,"create:large_cogwheel":3,"minecraft:decorated_pot":1,"minecraft:magma_block":2,"create:shaft":3,"minecraft:furnace":2,"minecraft:carrots":1,"minecraft:fire":6,"minecraft:iron_ore":32,"minecraft:cobbled_deepslate":1,"minecraft:snow":9,"minecraft:andesite":70,"dynamictrees:spruce_leaves":5,"minecraft:potatoes":16,"minecraft:bookshelf":19,"minecraft:pointed_dripstone":2,"minecraft:deepslate_iron_ore":20,"minecraft:stone":340,"create:mechanical_press":1,"minecraft:podzol":1,"minecraft:smithing_table":1,"minecraft:deepslate_redstone_ore":14,"create:cogwheel":4,"farmersdelight:organic_compost":8,"minecraft:smoker":3,"minecraft:crafting_table":2,"minecraft:torch":19,"minecraft:chest":1,"minecraft:cobblestone":29,"minecraft:tall_grass":7,"minecraft:copper_ore":12,"minecraft:deepslate_gold_ore":26,"minecraft:sugar_cane":1,"minecraft:wall_torch":9,"create:large_water_wheel":3,"create:water_wheel_structure":2,"minecraft:ice":3,"minecraft:spruce_log":22,"minecraft:grass":18,"minecraft:coal_ore":66,"the_silence:tele":1,"minecraft:sand":11,"minecraft:dirt":79,"minecraft:cobweb":12,"minecraft:stone_bricks":4,"minecraft:deepslate":42}},"DataVersion":3465}