{"stats":{"minecraft:killed_by":{"minecraft:player":3,"minecraft:creeper":3,"minecraft:drowned":1,"sanitydim:rotting_stalker":2,"siren_head:siren_head":1,"boh:smile_dog":2,"minecraft:warden":1,"minecraft:silverfish":1,"siren_head:siren_head_crawl_had_to_make_seprate_entity_for_this_ver":3,"minecraft:skeleton":1,"minecraft:zombie":3,"boh:gray_alien":2},"minecraft:crafted":{"minecraft:iron_nugget":18,"minecraft:furnace":1,"edible_monsters:cooked_flesh":1,"minecraft:bone_meal":3,"minecraft:glass_pane":16,"minecraft:glass":6,"minecraft:diamond":4,"minecraft:iron_boots":1,"minecraft:iron_axe":1,"minecraft:stone_pickaxe":8,"minecraft:chest":3,"minecraft:deepslate":10,"sophisticatedbackpacks:backpack":1,"minecraft:cauldron":2,"minecraft:crafting_table":2,"minecraft:spruce_planks":24,"boh:dvdburner":1,"minecraft:wooden_pickaxe":1,"minecraft:iron_helmet":1,"minecraft:copper_ingot":17,"minecraft:bucket":1,"minecraft:stone_axe":3,"minecraft:air":0,"boh:empty_dvd":2,"minecraft:shield":1,"minecraft:stick":8,"minecraft:iron_ingot":76,"minecraft:iron_pickaxe":2,"minecraft:iron_leggings":1,"minecraft:acacia_planks":12,"minecraft:torch":4},"minecraft:picked_up":{"minecraft:iron_chestplate":1,"minecraft:crafting_table":2,"minecraft:ladder":4,"minecraft:stone_slab":1,"minecraft:smithing_table":1,"dynamictrees:spruce_seed":17,"boh:spinel":26,"minecraft:potion":1,"minecraft:brewing_stand":1,"minecraft:amethyst_block":7,"minecraft:string":12,"minecraft:red_bed":3,"minecraft:raw_copper":418,"boh:exe_dvd":4,"minecraft:cyan_carpet":4,"minecraft:cartography_table":1,"minecraft:smooth_stone":2,"minecraft:cobbled_deepslate":79,"minecraft:spruce_planks":2,"minecraft:beef":2,"minecraft:observer":1,"minecraft:iron_nugget":6,"dynamictrees:oak_seed":8,"minecraft:iron_pickaxe":2,"minecraft:sugar_cane":10,"minecraft:chest":2,"minecraft:spruce_trapdoor":1,"minecraft:furnace":1,"minecraft:egg":4,"minecraft:stick":64,"minecraft:raw_iron":114,"minecraft:composter":1,"minecraft:copper_ingot":18,"minecraft:torch":7,"minecraft:acacia_log":3,"minecraft:note_block":109,"minecraft:porkchop":5,"minecraft:pointed_dripstone":91,"minecraft:redstone":51,"minecraft:cauldron":3,"dtterralith:moonlight_pine_seed":1,"minecraft:arrow":33,"minecraft:rotten_flesh":7,"minecraft:gold_ingot":13,"boh:gametable":4,"minecraft:glow_berries":12,"minecraft:mutton":7,"minecraft:white_wool":17,"minecraft:cobblestone":73,"minecraft:lilac":1,"minecraft:feather":4,"minecraft:dark_oak_button":4,"boh:exe_boots_boots":2,"minecraft:water_bucket":1,"minecraft:andesite":223,"minecraft:leather":6,"minecraft:flint":2,"minecraft:tuff":3,"create:raw_zinc":161,"boh:dvdburner":4,"minecraft:gunpowder":34,"sanitydim:garland":3,"minecraft:lapis_lazuli":63,"minecraft:dirt":4,"boh:simons_book":1,"minecraft:bone":23,"minecraft:kelp":26,"minecraft:bow":1,"minecraft:wheat_seeds":9,"minecraft:raw_gold":42,"minecraft:iron_ingot":44,"minecraft:stone_pickaxe":1,"minecraft:glass_bottle":1,"boh:whiteface_dvd":1,"minecraft:oak_planks":17,"minecraft:book":18,"minecraft:polished_andesite_stairs":1,"boh:killer_knife":1,"minecraft:dripstone_block":1,"minecraft:gravel":67,"minecraft:dropper":1,"minecraft:sand":15,"minecraft:amethyst_shard":69,"minecraft:blast_furnace":2,"minecraft:ink_sac":3,"minecraft:spruce_log":13,"minecraft:spectral_arrow":12,"minecraft:spider_eye":8,"minecraft:bundle":1,"minecraft:dispenser":1,"create:crimsite":124,"minecraft:diamond":12,"minecraft:stone_axe":1,"minecraft:bone_meal":3,"minecraft:warped_roots":2,"minecraft:rooted_dirt":2,"minecraft:coal":298},"minecraft:custom":{"minecraft:interact_with_anvil":1,"minecraft:mob_kills":89,"minecraft:interact_with_crafting_table":35,"minecraft:open_barrel":33,"minecraft:leave_game":19,"minecraft:time_since_death":250,"minecraft:climb_one_cm":4761,"minecraft:sprint_one_cm":441433,"minecraft:walk_one_cm":687779,"minecraft:damage_blocked_by_shield":735,"minecraft:drop":63,"minecraft:play_noteblock":77,"minecraft:damage_dealt_absorbed":33,"minecraft:talked_to_villager":56,"minecraft:play_time":379386,"minecraft:sneak_time":8123,"minecraft:deaths":39,"minecraft:walk_under_water_one_cm":28772,"minecraft:jump":5577,"minecraft:interact_with_brewingstand":1,"minecraft:interact_with_blast_furnace":11,"minecraft:walk_on_water_one_cm":26231,"minecraft:total_world_time":379386,"minecraft:interact_with_furnace":27,"minecraft:traded_with_villager":6,"minecraft:tune_noteblock":4,"minecraft:sleep_in_bed":40,"minecraft:time_since_rest":273,"minecraft:waystone_activated":1,"minecraft:damage_taken":12255,"minecraft:damage_absorbed":40,"minecraft:damage_dealt":18649,"minecraft:player_kills":6,"minecraft:swim_one_cm":33142,"minecraft:fly_one_cm":1422631,"minecraft:open_chest":68,"minecraft:crouch_one_cm":14455,"minecraft:interact_with_smoker":4,"minecraft:fall_one_cm":178799},"minecraft:broken":{"minecraft:iron_chestplate":1,"sanitydim:garland":2,"minecraft:stone_pickaxe":4,"minecraft:leather_boots":1,"minecraft:stone_axe":3,"minecraft:iron_helmet":1,"minecraft:iron_pickaxe":1},"minecraft:dropped":{"minecraft:porkchop":2,"minecraft:wheat_seeds":5,"minecraft:glass_bottle":1,"minecraft:dripstone_block":1,"minecraft:glow_berries":9,"minecraft:warped_roots":2,"minecraft:dark_oak_button":4,"create:crimsite":60,"dynamictrees:spruce_seed":7,"minecraft:coal":20,"minecraft:dirt":4,"minecraft:torch":1,"minecraft:mutton":7,"minecraft:potion":1,"minecraft:amethyst_shard":6,"dtterralith:moonlight_pine_seed":1,"minecraft:iron_pickaxe":2,"minecraft:string":1,"minecraft:white_wool":5,"minecraft:bucket":1,"minecraft:acacia_planks":4,"minecraft:spruce_sapling":4,"minecraft:cyan_carpet":4,"minecraft:gravel":49,"minecraft:note_block":55,"minecraft:stone_axe":1,"minecraft:sugar_cane":3,"minecraft:cobbled_deepslate":2,"minecraft:rotten_flesh":5,"minecraft:stone_slab":1,"minecraft:rabbit_foot":1,"boh:gametable":2,"edible_monsters:cooked_flesh":1,"boh:exe_dvd":3,"minecraft:leather_boots":1,"minecraft:ladder":2,"minecraft:spruce_log":7,"minecraft:beef":2,"minecraft:arrow":1,"minecraft:bow":1,"minecraft:stone_pickaxe":1,"minecraft:wooden_pickaxe":1,"boh:exe_boots_boots":1,"boh:simons_book":1},"minecraft:killed":{"boh:smile_dog":1,"minecraft:spider":1,"minecraft:skeleton":12,"minecraft:drowned":1,"boh:rat":5,"minecraft:pig":1,"minecraft:wandering_trader":1,"minecraft:squid":1,"minecraft:creeper":7,"minecraft:sheep":6,"minecraft:zombie":23,"minecraft:stray":1,"boh:saw_runner":1,"boh:gray_alien":5,"cave_dweller:cave_dweller":1,"minecraft:villager":10,"boh:jeff_the_killer":1,"minecraft:cow":4},"minecraft:used":{"minecraft:iron_shovel":11,"minecraft:chest":4,"minecraft:spruce_planks":1,"minecraft:shield":14,"minecraft:stone":6,"minecraft:torch":8,"boh:gametable":7,"minecraft:tuff":3,"minecraft:lava_bucket":6,"minecraft:villager_spawn_egg":8,"boh:dvdburner":7,"minecraft:rooted_dirt":2,"minecraft:iron_axe":50,"minecraft:polished_andesite_stairs":1,"minecraft:stone_bricks":3,"minecraft:furnace":2,"boh:killer_knife":36,"minecraft:cobbled_deepslate":47,"minecraft:pointed_dripstone":3,"minecraft:water_bucket":10,"minecraft:amethyst_block":6,"boh:exe_dvd":19,"minecraft:cartography_table":1,"minecraft:oak_planks":6,"cave_dweller:cave_dweller_spawn_egg":1,"minecraft:stone_pickaxe":798,"minecraft:wooden_pickaxe":6,"minecraft:cauldron":2,"minecraft:large_amethyst_bud":5,"minecraft:golden_apple":1,"minecraft:red_bed":2,"minecraft:crafting_table":4,"minecraft:blast_furnace":2,"minecraft:painting":1,"minecraft:note_block":1,"minecraft:small_amethyst_bud":2,"minecraft:amethyst_cluster":18,"minecraft:iron_pickaxe":309,"minecraft:deepslate":8,"minecraft:spruce_trapdoor":1,"minecraft:budding_amethyst":1,"minecraft:gravel":18,"boh:whiteface_dvd":7,"minecraft:stone_axe":261,"minecraft:potion":1,"minecraft:cobblestone":3,"minecraft:medium_amethyst_bud":1,"minecraft:andesite":2,"minecraft:bucket":16,"minecraft:kelp":1,"minecraft:smooth_stone":1},"minecraft:mined":{"create:zinc_ore":48,"minecraft:large_amethyst_bud":7,"create:deepslate_zinc_ore":54,"minecraft:tuff":3,"minecraft:spruce_planks":1,"minecraft:deepslate_diamond_ore":5,"minecraft:brewing_stand":1,"minecraft:budding_amethyst":1,"minecraft:chiseled_bookshelf":2,"farmersdelight:wild_cabbages":2,"minecraft:kelp":2,"minecraft:composter":1,"minecraft:cartography_table":1,"minecraft:moss_block":1,"minecraft:infested_chiseled_stone_bricks":1,"boh:gametable":2,"minecraft:rooted_dirt":3,"minecraft:smooth_stone":2,"minecraft:furnace":1,"minecraft:iron_ore":55,"minecraft:fire":9,"minecraft:cobbled_deepslate":10,"minecraft:andesite":224,"boh:dvdburner":4,"minecraft:deepslate_lapis_ore":3,"minecraft:water_cauldron":1,"minecraft:bookshelf":6,"minecraft:pointed_dripstone":17,"minecraft:cave_vines":2,"minecraft:deepslate_iron_ore":44,"minecraft:small_amethyst_bud":1,"minecraft:white_tulip":1,"minecraft:stone":67,"minecraft:smithing_table":1,"minecraft:deepslate_redstone_ore":6,"minecraft:red_bed":2,"minecraft:blackstone":6,"minecraft:kelp_plant":3,"minecraft:medium_amethyst_bud":1,"minecraft:soul_fire":2,"minecraft:amethyst_cluster":14,"minecraft:observer":1,"minecraft:cornflower":1,"minecraft:crafting_table":2,"minecraft:torch":2,"minecraft:note_block":57,"minecraft:blast_furnace":2,"minecraft:dropper":1,"minecraft:polished_andesite_stairs":1,"minecraft:warped_roots":1,"minecraft:dead_bush":1,"minecraft:chest":2,"minecraft:rose_bush":1,"minecraft:stone_slab":3,"minecraft:copper_ore":78,"minecraft:tall_grass":18,"minecraft:cobblestone":1,"minecraft:deepslate_gold_ore":25,"minecraft:lapis_ore":2,"minecraft:sugar_cane":4,"minecraft:wall_torch":3,"minecraft:amethyst_block":6,"minecraft:deepslate_copper_ore":11,"boh:spinel_ore_ore":18,"minecraft:lilac":1,"minecraft:sand":15,"minecraft:grass":23,"minecraft:coal_ore":241,"minecraft:gravel":14,"minecraft:dirt":1,"minecraft:dripstone_block":4,"minecraft:dispenser":1,"minecraft:small_dripleaf":1,"create:crimsite":64,"minecraft:deepslate":59,"minecraft:fern":2}},"DataVersion":3465}