{"stats":{"minecraft:killed_by":{"minecraft:creeper":3,"minecraft:drowned":1,"sanitydim:rotting_stalker":2,"minecraft:warden":1,"minecraft:silverfish":1,"minecraft:skeleton":1,"minecraft:zombie":3,"boh:gray_alien":2},"minecraft:crafted":{"minecraft:iron_nugget":18,"minecraft:furnace":1,"minecraft:bone_meal":3,"minecraft:iron_boots":1,"minecraft:stone_pickaxe":8,"minecraft:chest":3,"sophisticatedbackpacks:backpack":1,"minecraft:crafting_table":2,"minecraft:spruce_planks":24,"minecraft:wooden_pickaxe":1,"minecraft:iron_helmet":1,"minecraft:copper_ingot":17,"minecraft:bucket":1,"minecraft:stone_axe":3,"minecraft:air":0,"minecraft:shield":1,"minecraft:stick":8,"minecraft:iron_ingot":76,"minecraft:iron_pickaxe":2,"minecraft:iron_leggings":1,"minecraft:acacia_planks":12,"minecraft:torch":4},"minecraft:picked_up":{"minecraft:crafting_table":2,"minecraft:iron_chestplate":1,"minecraft:ladder":2,"dynamictrees:spruce_seed":11,"minecraft:smithing_table":1,"minecraft:stone_slab":1,"boh:spinel":18,"minecraft:string":11,"minecraft:red_bed":1,"minecraft:raw_copper":268,"minecraft:cobbled_deepslate":34,"minecraft:smooth_stone":2,"minecraft:beef":2,"dynamictrees:oak_seed":8,"minecraft:iron_pickaxe":2,"minecraft:sugar_cane":10,"minecraft:egg":2,"minecraft:furnace":1,"minecraft:stick":43,"minecraft:raw_iron":99,"minecraft:torch":6,"minecraft:acacia_log":3,"minecraft:note_block":4,"minecraft:porkchop":2,"minecraft:pointed_dripstone":45,"minecraft:redstone":28,"minecraft:cauldron":1,"minecraft:arrow":9,"dtterralith:moonlight_pine_seed":1,"minecraft:rotten_flesh":6,"minecraft:mutton":7,"minecraft:white_wool":11,"minecraft:cobblestone":68,"minecraft:water_bucket":1,"minecraft:andesite":223,"minecraft:leather":5,"create:raw_zinc":78,"minecraft:gunpowder":9,"sanitydim:garland":3,"minecraft:lapis_lazuli":24,"minecraft:dirt":4,"minecraft:bone":11,"minecraft:bow":1,"minecraft:kelp":10,"minecraft:wheat_seeds":5,"minecraft:raw_gold":17,"minecraft:iron_ingot":12,"minecraft:stone_pickaxe":1,"minecraft:oak_planks":17,"minecraft:dripstone_block":1,"minecraft:amethyst_shard":4,"minecraft:blast_furnace":2,"minecraft:spruce_log":13,"minecraft:spider_eye":4,"minecraft:stone_axe":1,"create:crimsite":124,"minecraft:diamond":6,"minecraft:warped_roots":1,"minecraft:coal":273},"minecraft:custom":{"minecraft:interact_with_anvil":1,"minecraft:mob_kills":64,"minecraft:interact_with_crafting_table":26,"minecraft:open_barrel":9,"minecraft:leave_game":15,"minecraft:time_since_death":612,"minecraft:climb_one_cm":632,"minecraft:sprint_one_cm":217701,"minecraft:walk_one_cm":389123,"minecraft:damage_blocked_by_shield":330,"minecraft:drop":36,"minecraft:play_noteblock":5,"minecraft:damage_dealt_absorbed":33,"minecraft:talked_to_villager":1,"minecraft:play_time":200917,"minecraft:deaths":17,"minecraft:sneak_time":5817,"minecraft:walk_under_water_one_cm":7951,"minecraft:jump":2961,"minecraft:interact_with_blast_furnace":11,"minecraft:walk_on_water_one_cm":14865,"minecraft:total_world_time":200917,"minecraft:interact_with_furnace":16,"minecraft:sleep_in_bed":2,"minecraft:time_since_rest":634,"minecraft:damage_taken":5477,"minecraft:damage_absorbed":40,"minecraft:damage_dealt":13109,"minecraft:swim_one_cm":13302,"minecraft:fly_one_cm":803181,"minecraft:open_chest":20,"minecraft:crouch_one_cm":9938,"minecraft:interact_with_smoker":4,"minecraft:fall_one_cm":94734},"minecraft:broken":{"sanitydim:garland":2,"minecraft:stone_pickaxe":4,"minecraft:leather_boots":1,"minecraft:stone_axe":2},"minecraft:dropped":{"minecraft:porkchop":2,"minecraft:wheat_seeds":4,"minecraft:dripstone_block":1,"minecraft:warped_roots":1,"create:crimsite":60,"dynamictrees:spruce_seed":6,"minecraft:coal":20,"minecraft:dirt":4,"minecraft:torch":1,"minecraft:mutton":7,"minecraft:amethyst_shard":4,"dtterralith:moonlight_pine_seed":1,"minecraft:iron_pickaxe":2,"minecraft:string":1,"minecraft:bucket":1,"minecraft:white_wool":5,"minecraft:acacia_planks":4,"minecraft:stone_axe":1,"minecraft:rotten_flesh":5,"minecraft:stone_slab":1,"minecraft:rabbit_foot":1,"minecraft:leather_boots":1,"minecraft:ladder":2,"minecraft:bow":1,"minecraft:spruce_log":7,"minecraft:wooden_pickaxe":1,"minecraft:beef":2,"minecraft:arrow":1,"minecraft:stone_pickaxe":1},"minecraft:killed":{"minecraft:spider":1,"minecraft:skeleton":10,"minecraft:drowned":1,"boh:rat":5,"minecraft:pig":1,"minecraft:creeper":6,"minecraft:sheep":6,"minecraft:zombie":19,"minecraft:stray":1,"boh:gray_alien":5,"cave_dweller:cave_dweller":1,"minecraft:cow":4},"minecraft:used":{"minecraft:chest":2,"minecraft:shield":6,"minecraft:torch":8,"minecraft:lava_bucket":3,"minecraft:furnace":2,"minecraft:cobbled_deepslate":18,"minecraft:pointed_dripstone":1,"minecraft:water_bucket":9,"cave_dweller:cave_dweller_spawn_egg":1,"minecraft:stone_pickaxe":798,"minecraft:oak_planks":6,"minecraft:wooden_pickaxe":6,"minecraft:cauldron":1,"minecraft:golden_apple":1,"minecraft:crafting_table":4,"minecraft:red_bed":1,"minecraft:blast_furnace":2,"minecraft:iron_pickaxe":188,"minecraft:stone_axe":197,"minecraft:cobblestone":3,"minecraft:bucket":12,"minecraft:andesite":2,"minecraft:kelp":1},"minecraft:mined":{"create:zinc_ore":48,"create:deepslate_zinc_ore":30,"minecraft:deepslate_diamond_ore":5,"minecraft:kelp":1,"minecraft:smooth_stone":2,"minecraft:furnace":1,"minecraft:cobbled_deepslate":3,"minecraft:iron_ore":55,"minecraft:fire":3,"minecraft:andesite":224,"minecraft:deepslate_lapis_ore":1,"minecraft:water_cauldron":1,"minecraft:pointed_dripstone":17,"minecraft:deepslate_iron_ore":44,"minecraft:white_tulip":1,"minecraft:stone":67,"minecraft:smithing_table":1,"minecraft:deepslate_redstone_ore":6,"minecraft:red_bed":1,"minecraft:blackstone":6,"minecraft:kelp_plant":2,"minecraft:soul_fire":2,"minecraft:amethyst_cluster":1,"minecraft:crafting_table":2,"minecraft:torch":1,"minecraft:note_block":4,"minecraft:blast_furnace":2,"minecraft:warped_roots":1,"minecraft:stone_slab":3,"minecraft:cobblestone":1,"minecraft:tall_grass":16,"minecraft:copper_ore":78,"minecraft:lapis_ore":2,"minecraft:deepslate_gold_ore":17,"minecraft:sugar_cane":4,"minecraft:wall_torch":2,"minecraft:deepslate_copper_ore":3,"boh:spinel_ore_ore":18,"minecraft:grass":20,"minecraft:coal_ore":241,"minecraft:dripstone_block":4,"minecraft:dirt":1,"create:crimsite":64,"minecraft:deepslate":34,"minecraft:fern":1}},"DataVersion":3465}