{"stats":{"minecraft:killed_by":{"minecraft:creeper":3,"minecraft:drowned":1,"sanitydim:rotting_stalker":1,"minecraft:silverfish":1,"minecraft:skeleton":1,"minecraft:zombie":3,"boh:gray_alien":2},"minecraft:crafted":{"minecraft:iron_nugget":18,"minecraft:furnace":1,"minecraft:iron_boots":1,"minecraft:stone_pickaxe":8,"minecraft:chest":1,"sophisticatedbackpacks:backpack":1,"minecraft:crafting_table":1,"minecraft:wooden_pickaxe":1,"minecraft:iron_helmet":1,"minecraft:copper_ingot":17,"minecraft:bucket":1,"minecraft:stone_axe":3,"minecraft:air":0,"minecraft:stick":8,"minecraft:iron_ingot":36,"minecraft:iron_pickaxe":1,"minecraft:iron_leggings":1,"minecraft:acacia_planks":12,"minecraft:torch":4},"minecraft:picked_up":{"minecraft:crafting_table":2,"minecraft:iron_chestplate":1,"minecraft:ladder":2,"dynamictrees:spruce_seed":11,"minecraft:smithing_table":1,"minecraft:stone_slab":1,"boh:spinel":18,"minecraft:string":11,"minecraft:raw_copper":215,"minecraft:smooth_stone":2,"minecraft:beef":2,"dynamictrees:oak_seed":8,"minecraft:iron_pickaxe":1,"minecraft:sugar_cane":10,"minecraft:egg":2,"minecraft:furnace":1,"minecraft:stick":43,"minecraft:raw_iron":66,"minecraft:acacia_log":3,"minecraft:note_block":4,"minecraft:porkchop":2,"minecraft:pointed_dripstone":45,"minecraft:arrow":6,"dtterralith:moonlight_pine_seed":1,"minecraft:rotten_flesh":5,"minecraft:mutton":7,"minecraft:white_wool":11,"minecraft:cobblestone":66,"minecraft:andesite":220,"minecraft:leather":5,"create:raw_zinc":65,"minecraft:gunpowder":8,"sanitydim:garland":3,"minecraft:lapis_lazuli":15,"minecraft:dirt":4,"minecraft:bone":4,"minecraft:kelp":9,"minecraft:wheat_seeds":5,"minecraft:raw_gold":6,"minecraft:stone_pickaxe":1,"minecraft:oak_planks":17,"minecraft:dripstone_block":1,"minecraft:amethyst_shard":4,"minecraft:blast_furnace":1,"minecraft:spruce_log":13,"minecraft:spider_eye":4,"create:crimsite":124,"minecraft:diamond":3,"minecraft:warped_roots":1,"minecraft:coal":261},"minecraft:custom":{"minecraft:mob_kills":55,"minecraft:interact_with_crafting_table":19,"minecraft:open_barrel":1,"minecraft:leave_game":15,"minecraft:time_since_death":7554,"minecraft:climb_one_cm":632,"minecraft:sprint_one_cm":179491,"minecraft:walk_one_cm":299498,"minecraft:drop":31,"minecraft:play_noteblock":5,"minecraft:damage_dealt_absorbed":33,"minecraft:talked_to_villager":1,"minecraft:play_time":158917,"minecraft:deaths":14,"minecraft:sneak_time":4710,"minecraft:walk_under_water_one_cm":6600,"minecraft:jump":2405,"minecraft:interact_with_blast_furnace":3,"minecraft:walk_on_water_one_cm":11829,"minecraft:total_world_time":158917,"minecraft:interact_with_furnace":13,"minecraft:sleep_in_bed":1,"minecraft:time_since_rest":7583,"minecraft:damage_taken":4338,"minecraft:damage_absorbed":40,"minecraft:damage_dealt":11010,"minecraft:swim_one_cm":13302,"minecraft:fly_one_cm":728805,"minecraft:open_chest":13,"minecraft:crouch_one_cm":7055,"minecraft:fall_one_cm":75126},"minecraft:broken":{"sanitydim:garland":2,"minecraft:stone_pickaxe":3,"minecraft:leather_boots":1,"minecraft:stone_axe":2},"minecraft:dropped":{"minecraft:porkchop":2,"minecraft:wheat_seeds":4,"minecraft:dripstone_block":1,"minecraft:warped_roots":1,"create:crimsite":60,"dynamictrees:spruce_seed":6,"minecraft:coal":20,"minecraft:dirt":4,"minecraft:mutton":7,"minecraft:amethyst_shard":4,"dtterralith:moonlight_pine_seed":1,"minecraft:iron_pickaxe":1,"minecraft:string":1,"minecraft:white_wool":5,"minecraft:acacia_planks":4,"minecraft:rotten_flesh":5,"minecraft:stone_slab":1,"minecraft:rabbit_foot":1,"minecraft:leather_boots":1,"minecraft:ladder":2,"minecraft:spruce_log":7,"minecraft:wooden_pickaxe":1,"minecraft:beef":2,"minecraft:arrow":1,"minecraft:stone_pickaxe":1},"minecraft:killed":{"minecraft:spider":1,"minecraft:skeleton":7,"minecraft:drowned":1,"boh:rat":5,"minecraft:pig":1,"minecraft:creeper":5,"minecraft:sheep":6,"minecraft:zombie":15,"boh:gray_alien":5,"cave_dweller:cave_dweller":1,"minecraft:cow":4},"minecraft:used":{"minecraft:torch":2,"minecraft:furnace":1,"cave_dweller:cave_dweller_spawn_egg":1,"minecraft:stone_pickaxe":731,"minecraft:oak_planks":6,"minecraft:wooden_pickaxe":6,"minecraft:golden_apple":1,"minecraft:crafting_table":3,"minecraft:blast_furnace":1,"minecraft:iron_pickaxe":120,"minecraft:stone_axe":173,"minecraft:cobblestone":3,"minecraft:bucket":1,"minecraft:andesite":1},"minecraft:mined":{"create:zinc_ore":37,"create:deepslate_zinc_ore":28,"minecraft:deepslate_diamond_ore":2,"minecraft:smooth_stone":2,"minecraft:furnace":1,"minecraft:iron_ore":50,"minecraft:fire":3,"minecraft:andesite":223,"minecraft:pointed_dripstone":17,"minecraft:deepslate_iron_ore":16,"minecraft:white_tulip":1,"minecraft:stone":66,"minecraft:smithing_table":1,"minecraft:blackstone":6,"minecraft:kelp_plant":2,"minecraft:amethyst_cluster":1,"minecraft:crafting_table":2,"minecraft:note_block":4,"minecraft:blast_furnace":1,"minecraft:warped_roots":1,"minecraft:stone_slab":3,"minecraft:tall_grass":16,"minecraft:copper_ore":63,"minecraft:lapis_ore":2,"minecraft:deepslate_gold_ore":6,"minecraft:sugar_cane":4,"minecraft:deepslate_copper_ore":3,"boh:spinel_ore_ore":18,"minecraft:grass":20,"minecraft:coal_ore":229,"minecraft:dripstone_block":4,"minecraft:dirt":1,"create:crimsite":64,"minecraft:deepslate":4,"minecraft:fern":1}},"DataVersion":3465}