{"stats":{"minecraft:killed":{"minecraft:pig":1,"minecraft:spider":1,"minecraft:creeper":2,"minecraft:skeleton":3,"minecraft:sheep":6,"minecraft:zombie":3,"minecraft:drowned":1,"boh:rat":4},"minecraft:dropped":{"minecraft:porkchop":2,"minecraft:warped_roots":1,"minecraft:stone_slab":1,"dynamictrees:spruce_seed":1,"minecraft:rabbit_foot":1,"minecraft:coal":3,"minecraft:dirt":4,"minecraft:mutton":7,"minecraft:amethyst_shard":4,"dtterralith:moonlight_pine_seed":1,"minecraft:wooden_pickaxe":1},"minecraft:killed_by":{"man:managgresive":1,"minecraft:silverfish":1,"minecraft:skeleton":1,"minecraft:creeper":1,"minecraft:drowned":1},"minecraft:mined":{"create:zinc_ore":9,"minecraft:smithing_table":1,"create:deepslate_zinc_ore":3,"minecraft:kelp_plant":2,"minecraft:amethyst_cluster":1,"minecraft:crafting_table":2,"minecraft:note_block":4,"minecraft:blast_furnace":1,"minecraft:warped_roots":1,"minecraft:stone_slab":2,"minecraft:tall_grass":5,"minecraft:copper_ore":21,"minecraft:lapis_ore":2,"minecraft:sugar_cane":4,"minecraft:smooth_stone":2,"boh:spinel_ore_ore":3,"minecraft:furnace":1,"minecraft:iron_ore":23,"minecraft:andesite":221,"minecraft:grass":8,"minecraft:deepslate_iron_ore":4,"minecraft:coal_ore":141,"minecraft:dirt":1,"minecraft:stone":34,"create:crimsite":64,"minecraft:deepslate":3,"minecraft:fern":1},"minecraft:crafted":{"minecraft:crafting_table":1,"minecraft:wooden_pickaxe":1,"minecraft:furnace":1,"minecraft:copper_ingot":17,"minecraft:bucket":1,"minecraft:stone_axe":1,"minecraft:air":0,"minecraft:stick":8,"minecraft:iron_ingot":12,"minecraft:iron_pickaxe":1,"minecraft:stone_pickaxe":5},"minecraft:broken":{"minecraft:stone_pickaxe":2},"minecraft:custom":{"minecraft:interact_with_furnace":9,"minecraft:mob_kills":21,"minecraft:interact_with_crafting_table":9,"minecraft:open_barrel":1,"minecraft:leave_game":11,"minecraft:time_since_death":7063,"minecraft:sleep_in_bed":1,"minecraft:climb_one_cm":632,"minecraft:time_since_rest":7096,"minecraft:sprint_one_cm":94359,"minecraft:damage_taken":1563,"minecraft:walk_one_cm":155795,"minecraft:drop":11,"minecraft:damage_dealt":3008,"minecraft:play_noteblock":5,"minecraft:swim_one_cm":13302,"minecraft:talked_to_villager":1,"minecraft:fly_one_cm":199565,"minecraft:open_chest":9,"minecraft:crouch_one_cm":3073,"minecraft:play_time":78986,"minecraft:sneak_time":1287,"minecraft:deaths":5,"minecraft:walk_under_water_one_cm":6418,"minecraft:jump":1089,"minecraft:walk_on_water_one_cm":8005,"minecraft:total_world_time":78986,"minecraft:fall_one_cm":32348},"minecraft:picked_up":{"minecraft:iron_chestplate":1,"minecraft:crafting_table":2,"minecraft:ladder":2,"minecraft:andesite":218,"dynamictrees:spruce_seed":6,"minecraft:smithing_table":1,"minecraft:stone_slab":1,"boh:spinel":3,"create:raw_zinc":12,"minecraft:gunpowder":4,"sanitydim:garland":2,"minecraft:lapis_lazuli":15,"minecraft:string":1,"minecraft:dirt":4,"minecraft:raw_copper":72,"minecraft:kelp":9,"minecraft:wheat_seeds":3,"minecraft:smooth_stone":2,"dynamictrees:oak_seed":8,"minecraft:sugar_cane":10,"minecraft:oak_planks":17,"minecraft:furnace":1,"minecraft:stick":26,"minecraft:raw_iron":27,"minecraft:acacia_log":3,"minecraft:note_block":4,"minecraft:porkchop":2,"minecraft:amethyst_shard":4,"minecraft:blast_furnace":1,"minecraft:spruce_log":7,"minecraft:spider_eye":4,"dtterralith:moonlight_pine_seed":1,"create:crimsite":64,"minecraft:arrow":5,"minecraft:warped_roots":1,"minecraft:mutton":7,"minecraft:coal":143,"minecraft:white_wool":6,"minecraft:cobblestone":34},"minecraft:used":{"minecraft:stone_pickaxe":513,"minecraft:oak_planks":6,"minecraft:wooden_pickaxe":6,"minecraft:crafting_table":2,"minecraft:iron_pickaxe":18,"minecraft:stone_axe":65,"minecraft:furnace":1,"minecraft:andesite":1,"minecraft:bucket":1}},"DataVersion":3465}