{"stats":{"minecraft:custom":{"minecraft:interact_with_crafting_table":111,"minecraft:open_barrel":8,"minecraft:leave_game":23,"minecraft:time_since_death":12487,"minecraft:damage_resisted":405,"minecraft:sprint_one_cm":890168,"minecraft:damage_blocked_by_shield":1648,"minecraft:drop":111,"minecraft:play_time":647382,"minecraft:deaths":99,"minecraft:jump":10522,"minecraft:walk_on_water_one_cm":41280,"minecraft:interact_with_furnace":51,"minecraft:sleep_in_bed":18,"minecraft:waystone_activated":1,"minecraft:damage_dealt":21914,"minecraft:player_kills":5,"minecraft:crouch_one_cm":76829,"minecraft:interact_with_smoker":19,"minecraft:interact_with_smithing_table":2,"minecraft:mob_kills":132,"minecraft:damage_dealt_resisted":239,"minecraft:climb_one_cm":93073,"minecraft:walk_one_cm":1782990,"minecraft:damage_dealt_absorbed":146,"minecraft:sneak_time":20409,"minecraft:walk_under_water_one_cm":31394,"minecraft:interact_with_lectern":1,"minecraft:total_world_time":647382,"minecraft:time_since_rest":12512,"minecraft:damage_taken":32560,"minecraft:swim_one_cm":24909,"minecraft:fly_one_cm":1886290,"minecraft:open_chest":232,"minecraft:fall_one_cm":259050},"minecraft:dropped":{"scpo:money":3,"minecraft:diamond_axe":1,"minecraft:crafting_table":1,"minecraft:cooked_porkchop":12,"minecraft:leather":1,"dynamictrees:spruce_seed":17,"the_anomaly:fog_changer":1,"minecraft:dirt":23,"scpo:raw_cobalt":7,"minecraft:snowball":21,"minecraft:bone_meal":1,"minecraft:white_wool":2,"minecraft:gravel":5,"minecraft:stone_axe":2,"minecraft:iron_nugget":200,"dynamictrees:oak_seed":23,"minecraft:cobbled_deepslate":33,"minecraft:black_carpet":2,"minecraft:wheat":10,"minecraft:rotten_flesh":2,"minecraft:oak_planks":1,"boh:venison":6,"boh:ovamorph":1,"minecraft:gunpowder":1,"minecraft:spruce_slab":12,"minecraft:arrow":7,"the_silence:tape_monster":2,"create:rose_quartz":7,"minecraft:stripped_spruce_log":5,"minecraft:shelter_pottery_sherd":3,"minecraft:wheat_seeds":1,"minecraft:golden_helmet":1,"minecraft:feather":1,"minecraft:cobblestone":35,"minecraft:copper_ingot":96,"minecraft:golden_apple":1,"minecraft:stick":2,"origins:orb_of_origin":1,"minecraft:torch":5,"the_anomaly:moon_phase_change":1,"farmersdelight:organic_compost":8,"minecraft:iron_leggings":1,"create:raw_zinc":128,"minecraft:dandelion":1,"minecraft:redstone":22,"minecraft:snow_block":1,"minecraft:moss_carpet":1,"minecraft:kelp":20,"minecraft:stone_sword":3,"minecraft:raw_copper":107,"minecraft:tuff":1,"minecraft:raw_iron":44,"minecraft:chicken":2,"sophisticatedbackpacks:backpack":1,"minecraft:spruce_planks":1,"minecraft:spruce_trapdoor":1,"create:zinc_ingot":96,"minecraft:andesite":256,"minecraft:stone_bricks":3,"minecraft:stone_pickaxe":2,"minecraft:wooden_pickaxe":1,"minecraft:magma_block":11,"minecraft:amethyst_cluster":3,"minecraft:brick":3},"minecraft:mined":{"create:deepslate_zinc_ore":21,"minecraft:spruce_planks":3,"minecraft:white_bed":2,"scpo:cobalt_ore_deepslate":2,"create:andesite_casing":3,"scpo:cobalt_ore":3,"minecraft:carved_pumpkin":1,"minecraft:obsidian":6,"minecraft:grass_block":29,"boh:ovamorph_open":1,"minecraft:tall_seagrass":1,"minecraft:magma_block":23,"minecraft:iron_ore":62,"minecraft:cobbled_deepslate":8,"minecraft:fire":16,"minecraft:pumpkin":1,"minecraft:pointed_dripstone":2,"minecraft:oak_sign":1,"create:mechanical_press":1,"minecraft:spruce_slab":1,"minecraft:deepslate_redstone_ore":14,"create:cogwheel":4,"minecraft:brown_mushroom":9,"minecraft:red_bed":1,"farmersdelight:organic_compost":8,"minecraft:kelp_plant":5,"minecraft:smoker":3,"minecraft:torch":22,"minecraft:chest":1,"minecraft:nether_quartz_ore":9,"minecraft:cobblestone":176,"minecraft:sugar_cane":1,"minecraft:wall_torch":15,"create:large_water_wheel":3,"boh:spinel_ore_ore":2,"minecraft:grass":19,"the_silence:tele":1,"minecraft:sand":11,"minecraft:dirt":127,"minecraft:netherrack":92,"minecraft:deepslate":42,"create:zinc_ore":36,"minecraft:mossy_cobblestone":2,"minecraft:deepslate_diamond_ore":13,"minecraft:lever":1,"minecraft:ladder":90,"minecraft:spruce_fence":7,"create:large_cogwheel":3,"minecraft:decorated_pot":1,"minecraft:kelp":2,"minecraft:large_fern":1,"minecraft:spore_blossom":1,"create:shaft":3,"minecraft:furnace":2,"minecraft:carrots":1,"minecraft:snow":12,"minecraft:andesite":138,"dynamictrees:spruce_leaves":5,"scpo:iridium_ore":2,"minecraft:bookshelf":19,"minecraft:potatoes":16,"minecraft:deepslate_iron_ore":24,"minecraft:stone":922,"minecraft:podzol":1,"minecraft:smithing_table":1,"minecraft:crafting_table":2,"minecraft:copper_ore":26,"minecraft:tall_grass":7,"minecraft:deepslate_gold_ore":26,"create:water_wheel_structure":2,"minecraft:ice":48,"minecraft:spruce_log":23,"minecraft:coal_ore":101,"minecraft:gravel":1,"minecraft:cobweb":12,"minecraft:stone_bricks":4,"minecraft:fern":1},"minecraft:broken":{"minecraft:iron_chestplate":1,"minecraft:iron_leggings":1,"minecraft:stone_pickaxe":1,"minecraft:iron_sword":1,"minecraft:stone_sword":1,"minecraft:iron_pickaxe":3,"minecraft:iron_helmet":2},"minecraft:killed":{"minecraft:cave_spider":12,"minecraft:skeleton":9,"minecraft:chicken":1,"minecraft:pig":4,"spore:inf_player":4,"minecraft:creeper":3,"boh:deer":2,"spore:inf_villager":6,"minecraft:zombie":22,"spore:inf_human":21,"minecraft:stray":2,"minecraft:cow":2,"spore:inf_pillager":3,"spore:inf_witch":2},"minecraft:used":{"minecraft:iron_shovel":91,"minecraft:spruce_slab":2,"create:piston_extension_pole":33,"minecraft:ladder":250,"minecraft:chest":7,"minecraft:shield":26,"minecraft:stone":7,"minecraft:iron_sword":325,"create:mechanical_bearing":1,"minecraft:mutton":3,"create:cogwheel":79,"create:mechanical_crafter":21,"minecraft:carrot":1,"create:depot":1,"minecraft:obsidian":31,"minecraft:lava_bucket":27,"create:millstone":1,"minecraft:magma_block":1,"create:shaft":32,"minecraft:furnace":3,"minecraft:potato":18,"minecraft:diamond_boots":1,"create:crushing_wheel":4,"minecraft:oak_planks":9,"minecraft:stone_pickaxe":202,"minecraft:cactus":6,"minecraft:wooden_pickaxe":7,"create:copper_valve_handle":13,"create:spout":1,"minecraft:sand":3,"minecraft:crossbow":1,"minecraft:shears":1,"minecraft:lever":7,"easy_villagers:villager":1,"minecraft:bread":2,"minecraft:brown_wool":1,"minecraft:spore_blossom":1,"minecraft:gravel":3,"create:andesite_casing":3,"create:basin":1,"minecraft:smithing_table":1,"create:vertical_gearbox":7,"create:large_cogwheel":32,"minecraft:stone_sword":164,"minecraft:flint_and_steel":5,"minecraft:carved_pumpkin":1,"minecraft:spruce_planks":9,"create:sticky_mechanical_piston":18,"minecraft:cooked_salmon":3,"minecraft:netherrack":16,"minecraft:torch":55,"create:mechanical_pump":1,"minecraft:dirt":128,"create:mechanical_mixer":1,"create:redstone_contact":4,"minecraft:spruce_fence":7,"create:chute":2,"minecraft:iron_hoe":19,"create:gearbox":19,"create:wrench":228,"minecraft:iron_axe":254,"create:hose_pulley":1,"minecraft:iron_boots":1,"create:encased_chain_drive":7,"minecraft:golden_carrot":11,"create:fluid_pipe":2,"minecraft:cooked_beef":1,"minecraft:cobbled_deepslate":15,"minecraft:pumpkin":2,"create:belt_connector":4,"create:gearshift":5,"minecraft:cooked_mutton":1,"minecraft:water_bucket":38,"minecraft:snow_block":2,"minecraft:baked_potato":1,"minecraft:brown_mushroom":1,"minecraft:cobblestone_slab":5,"create:blaze_burner":1,"create:encased_fan":1,"minecraft:crafting_table":7,"minecraft:red_bed":2,"minecraft:white_bed":2,"minecraft:spruce_log":65,"minecraft:smoker":4,"minecraft:oak_log":2,"create:linear_chassis":31,"minecraft:diamond_pickaxe":616,"minecraft:apple":5,"create:mechanical_press":2,"minecraft:iron_pickaxe":1013,"create:water_wheel":2,"create:large_water_wheel":19,"minecraft:stone_axe":6,"minecraft:cobblestone":1273,"minecraft:potion":1,"minecraft:cooked_porkchop":15,"minecraft:bucket":70,"create:hand_crank":19,"minecraft:kelp":17,"create:redstone_link":3},"minecraft:killed_by":{"the_silence:the_silence_principal":1,"minecraft:creeper":10,"spore:inf_human":5,"spore:inf_player":1,"minecraft:cave_spider":10,"minecraft:zombie":3,"minecraft:player":8,"spore:busser":1,"minecraft:stray":2,"minecraft:iron_golem":1,"spore:inf_wanderer":1,"apollyon:the_damned":6,"minecraft:skeleton":2},"minecraft:crafted":{"minecraft:oak_planks":92,"minecraft:cobblestone_slab":6,"minecraft:stone":1,"minecraft:lever":4,"create:mechanical_bearing":1,"minecraft:green_dye":4,"create:vertical_gearbox":1,"minecraft:glass":2,"minecraft:iron_boots":1,"create:mechanical_press":1,"minecraft:chest":7,"create:spout":1,"minecraft:dried_kelp_block":1,"create:cogwheel":70,"minecraft:smoker":1,"minecraft:oak_slab":6,"create:depot":1,"sophisticatedbackpacks:backpack":1,"create:rose_quartz":7,"minecraft:cooked_porkchop":15,"minecraft:crafting_table":12,"minecraft:spruce_planks":344,"create:fluid_pipe":12,"minecraft:wooden_pickaxe":1,"create:piston_extension_pole":16,"minecraft:iron_helmet":2,"minecraft:copper_ingot":3,"create:sand_paper":3,"create:gearshift":4,"minecraft:pumpkin_seeds":4,"create:encased_chain_drive":3,"create:mechanical_mixer":1,"create:gearbox":8,"create:encased_fan":1,"minecraft:iron_chestplate":2,"minecraft:paper":3,"minecraft:diamond_pickaxe":1,"create:water_wheel":12,"minecraft:shield":1,"create:super_glue":1,"minecraft:stick":40,"create:mechanical_pump":1,"minecraft:iron_ingot":120,"minecraft:iron_pickaxe":5,"spore:plated_muscle":3,"minecraft:iron_block":1,"minecraft:stone_sword":1,"minecraft:snow_block":2,"minecraft:gold_ingot":4,"create:large_cogwheel":15,"create:propeller":1,"spore:living_helmet":1,"minecraft:shears":1,"create:empty_blaze_burner":1,"create:chute":4,"create:wrench":1,"minecraft:iron_nugget":225,"minecraft:furnace":2,"minecraft:bone_meal":6,"minecraft:spruce_fence":6,"minecraft:flint_and_steel":1,"create:millstone":1,"minecraft:iron_axe":3,"minecraft:ladder":27,"minecraft:iron_hoe":1,"minecraft:spruce_slab":6,"minecraft:slime_ball":5,"minecraft:lime_dye":8,"minecraft:stone_pickaxe":2,"create:hose_pulley":1,"create:basin":1,"create:electron_tube":7,"create:belt_connector":2,"minecraft:cooked_beef":1,"create:copper_valve_handle":1,"create:andesite_alloy":32,"create:hand_crank":4,"create:mechanical_piston":3,"minecraft:dried_kelp":6,"minecraft:iron_sword":2,"create:dough":5,"create:goggles":1,"create:large_water_wheel":10,"create:redstone_contact":2,"minecraft:mangrove_planks":36,"minecraft:bucket":1,"create:sticky_mechanical_piston":3,"minecraft:stone_axe":1,"minecraft:air":0,"create:whisk":1,"minecraft:white_dye":4,"create:linear_chassis":24,"create:mechanical_crafter":21,"minecraft:iron_shovel":1,"minecraft:iron_leggings":2,"create:shaft":120,"spore:nerves":8,"minecraft:torch":32},"minecraft:picked_up":{"minecraft:wheat":1,"spore:mutated_heart":6,"minecraft:black_carpet":2,"minecraft:smithing_table":1,"boh:spinel":2,"minecraft:potion":1,"minecraft:enchanted_book":1,"minecraft:string":14,"minecraft:raw_copper":100,"minecraft:cooked_salmon":8,"minecraft:iron_leggings":1,"minecraft:oak_sign":1,"create:sticky_mechanical_piston":1,"minecraft:deepslate_tiles":3,"scpo:raw_iridium":2,"create:mechanical_press":1,"minecraft:cobbled_deepslate":106,"minecraft:spruce_planks":8,"minecraft:calcite":24,"dynamictrees:oak_seed":23,"minecraft:mangrove_log":9,"minecraft:furnace":2,"minecraft:golden_helmet":1,"minecraft:stick":246,"minecraft:torch":39,"create:andesite_casing":3,"minecraft:snow_block":1,"minecraft:porkchop":15,"minecraft:dried_kelp":20,"minecraft:pointed_dripstone":5,"the_silence:tape_monster":2,"create:large_cogwheel":3,"easy_villagers:villager":1,"minecraft:cactus":3,"minecraft:stone_sword":3,"minecraft:rotten_flesh":6,"minecraft:carved_pumpkin":1,"minecraft:obsidian":22,"minecraft:snowball":109,"minecraft:cobblestone":1427,"minecraft:magma_block":19,"minecraft:feather":4,"minecraft:andesite":331,"minecraft:brown_wool":1,"minecraft:golden_leggings":1,"minecraft:smoker":3,"minecraft:potato":22,"minecraft:flint":2,"minecraft:tuff":1,"create:raw_zinc":145,"minecraft:dirt":176,"minecraft:bone":6,"minecraft:wheat_seeds":1,"minecraft:raw_gold":27,"create:shaft":5,"minecraft:oak_planks":2,"spore:cerebrum":12,"minecraft:cooked_porkchop":12,"create:cogwheel":4,"minecraft:sand":11,"minecraft:stripped_spruce_log":10,"sophisticatedbackpacks:iron_backpack":1,"spore:claw_fragment":1,"minecraft:spruce_fence_gate":1,"minecraft:diamond":35,"minecraft:lever":2,"waystones:waystone":2,"minecraft:crossbow":2,"minecraft:bone_meal":1,"spore:spine_fragment":2,"minecraft:netherrack":92,"minecraft:diamond_pickaxe":1,"minecraft:shelter_pottery_sherd":3,"minecraft:crafting_table":3,"boh:venison":6,"minecraft:chicken":2,"minecraft:ladder":214,"minecraft:brown_mushroom":9,"dynamictrees:spruce_seed":50,"minecraft:brick":3,"the_silence:tele":1,"minecraft:moss_carpet":1,"minecraft:red_bed":2,"minecraft:iron_axe":3,"create:redstone_link":1,"minecraft:beef":2,"minecraft:iron_nugget":72,"minecraft:spruce_slab":14,"minecraft:sugar_cane":10,"minecraft:chest":1,"minecraft:spruce_trapdoor":1,"minecraft:raw_iron":178,"minecraft:stone":28,"minecraft:copper_ingot":105,"minecraft:spruce_fence":7,"minecraft:amethyst_cluster":3,"sophisticatedbackpacks:backpack":1,"minecraft:redstone":229,"minecraft:stone_button":1,"create:hand_crank":5,"minecraft:carrot":1,"origins:orb_of_origin":1,"create:zinc_ingot":64,"boh:ovamorph":1,"minecraft:arrow":9,"minecraft:diamond_boots":1,"spore:tendons":6,"minecraft:mutton":3,"minecraft:white_wool":2,"minecraft:golden_carrot":12,"minecraft:leather":6,"minecraft:oak_log":29,"minecraft:gunpowder":7,"farmersdelight:organic_compost":8,"minecraft:cooked_mutton":1,"create:crushing_wheel":2,"minecraft:stone_bricks":3,"minecraft:kelp":55,"minecraft:spore_blossom":1,"minecraft:iron_ingot":61,"minecraft:stone_pickaxe":1,"spore:mutated_fiber":93,"sophisticatedbackpacks:diamond_backpack":1,"minecraft:book":54,"create:large_water_wheel":8,"minecraft:pumpkin":8,"minecraft:quartz":16,"minecraft:dandelion":1,"minecraft:gravel":8,"minecraft:white_bed":2,"minecraft:spruce_log":230,"minecraft:leather_helmet":1,"minecraft:pumpkin_seeds":4,"minecraft:stone_axe":1,"minecraft:baked_potato":1,"scpo:raw_cobalt":7,"minecraft:coal":154}},"DataVersion":3465}