{"stats":{"minecraft:crafted":{"minecraft:jungle_door":3,"minecraft:crafting_table":1,"minecraft:wooden_pickaxe":1,"minecraft:stone_pickaxe":1,"minecraft:jungle_planks":16},"minecraft:mined":{"minecraft:jungle_leaves":1,"minecraft:andesite":12,"minecraft:grass":5,"minecraft:grass_block":2,"minecraft:melon":3,"minecraft:vine":6,"minecraft:dead_bush":2,"minecraft:cobblestone":1,"minecraft:stone":3,"minecraft:oak_leaves":6,"minecraft:fern":2},"minecraft:used":{"minecraft:melon_slice":15,"minecraft:stone_pickaxe":1,"minecraft:wooden_pickaxe":15,"minecraft:dirt":4,"minecraft:crafting_table":1},"minecraft:dropped":{"minecraft:dirt":14,"minecraft:wheat_seeds":1,"minecraft:crafting_table":1,"minecraft:jungle_log":5,"minecraft:melon_slice":4,"minecraft:birch_sapling":1,"minecraft:jungle_sapling":1},"minecraft:custom":{"minecraft:time_since_rest":43475,"minecraft:sprint_one_cm":55189,"minecraft:damage_taken":420,"minecraft:walk_one_cm":73703,"minecraft:drop":14,"minecraft:damage_dealt":134,"dimdoors:times_sent_to_limbo":1,"minecraft:swim_one_cm":2803,"minecraft:interact_with_crafting_table":6,"minecraft:fly_one_cm":110302,"dimdoors:times_been_to_dungeon":2,"minecraft:open_chest":1,"minecraft:crouch_one_cm":1630,"minecraft:play_time":43475,"minecraft:sneak_time":366,"minecraft:walk_under_water_one_cm":666,"dimdoors:times_teleported_by_monolith":1,"dimdoors:deaths_in_pocket":1,"minecraft:jump":723,"minecraft:leave_game":4,"minecraft:time_since_death":43475,"minecraft:walk_on_water_one_cm":645,"minecraft:climb_one_cm":5927,"minecraft:total_world_time":43475,"minecraft:fall_one_cm":13418},"minecraft:picked_up":{"minecraft:stick":5,"minecraft:crafting_table":1,"minecraft:jungle_log":9,"minecraft:andesite":13,"minecraft:dirt":18,"minecraft:wheat_seeds":3,"minecraft:jungle_sapling":1,"minecraft:melon_slice":19,"minecraft:birch_sapling":1,"minecraft:rail":2,"minecraft:cobblestone":4}},"DataVersion":3465}