{
  "minecraft:recipes/decorations/crafting_table": {
    "criteria": {
      "unlock_right_away": "2024-08-20 01:38:22 +0000"
    },
    "done": true
  },
  "scpo:start_up_overtime": {
    "criteria": {
      "start_up_overtime_0": "2024-08-20 01:38:22 +0000"
    },
    "done": true
  },
  "minecraft:adventure/adventuring_time": {
    "criteria": {
      "minecraft:deep_ocean": "2024-08-20 01:43:12 +0000",
      "minecraft:frozen_river": "2024-08-20 03:44:44 +0000",
      "minecraft:beach": "2024-08-20 01:38:24 +0000",
      "minecraft:river": "2024-08-20 02:48:23 +0000",
      "minecraft:snowy_plains": "2024-08-20 03:07:18 +0000",
      "minecraft:snowy_taiga": "2024-08-20 03:40:20 +0000",
      "minecraft:forest": "2024-08-20 01:43:24 +0000",
      "minecraft:frozen_ocean": "2024-08-20 03:57:09 +0000",
      "minecraft:deep_frozen_ocean": "2024-08-21 00:47:58 +0000",
      "minecraft:old_growth_spruce_taiga": "2024-08-20 03:00:38 +0000",
      "minecraft:snowy_beach": "2024-08-21 00:53:38 +0000",
      "minecraft:plains": "2024-08-20 01:45:48 +0000"
    },
    "done": false
  },
  "apollyon:apollyon": {
    "criteria": {
      "apollyon": "2024-08-20 01:40:20 +0000"
    },
    "done": true
  },
  "minecraft:recipes/transportation/cherry_boat": {
    "criteria": {
      "in_water": "2024-08-20 01:43:11 +0000"
    },
    "done": true
  },
  "minecraft:recipes/transportation/bamboo_raft": {
    "criteria": {
      "in_water": "2024-08-20 01:43:11 +0000"
    },
    "done": true
  },
  "minecraft:recipes/transportation/acacia_boat": {
    "criteria": {
      "in_water": "2024-08-20 01:43:11 +0000"
    },
    "done": true
  },
  "minecraft:recipes/transportation/jungle_boat": {
    "criteria": {
      "in_water": "2024-08-20 01:43:11 +0000"
    },
    "done": true
  },
  "minecraft:recipes/transportation/spruce_boat": {
    "criteria": {
      "in_water": "2024-08-20 01:43:11 +0000"
    },
    "done": true
  },
  "minecraft:recipes/transportation/birch_boat": {
    "criteria": {
      "in_water": "2024-08-20 01:43:11 +0000"
    },
    "done": true
  },
  "minecraft:recipes/transportation/oak_boat": {
    "criteria": {
      "in_water": "2024-08-20 01:43:11 +0000"
    },
    "done": true
  },
  "minecraft:recipes/transportation/mangrove_boat": {
    "criteria": {
      "in_water": "2024-08-20 01:43:11 +0000"
    },
    "done": true
  },
  "minecraft:recipes/transportation/dark_oak_boat": {
    "criteria": {
      "in_water": "2024-08-20 01:43:11 +0000"
    },
    "done": true
  },
  "minecraft:recipes/decorations/ladder": {
    "criteria": {
      "has_stick": "2024-08-20 01:43:47 +0000"
    },
    "done": true
  },
  "create:root": {
    "criteria": {
      "0": "2024-08-20 01:43:47 +0000"
    },
    "done": true
  },
  "minecraft:recipes/tools/wooden_axe": {
    "criteria": {
      "has_stick": "2024-08-20 01:43:47 +0000"
    },
    "done": true
  },
  "minecraft:recipes/decorations/campfire": {
    "criteria": {
      "has_stick": "2024-08-20 01:43:47 +0000"
    },
    "done": true
  },
  "minecraft:recipes/tools/wooden_hoe": {
    "criteria": {
      "has_stick": "2024-08-20 01:43:47 +0000"
    },
    "done": true
  },
  "minecraft:recipes/tools/wooden_shovel": {
    "criteria": {
      "has_stick": "2024-08-20 01:43:47 +0000"
    },
    "done": true
  },
  "paraglider:recipes/misc/paraglider": {
    "criteria": {
      "has_stick": "2024-08-20 01:43:47 +0000"
    },
    "done": true
  },
  "minecraft:recipes/combat/wooden_sword": {
    "criteria": {
      "has_stick": "2024-08-20 01:43:47 +0000"
    },
    "done": true
  },
  "farmersdelight:recipes/combat/flint_knife": {
    "criteria": {
      "has_stick": "2024-08-20 01:43:47 +0000"
    },
    "done": true
  },
  "minecraft:recipes/tools/wooden_pickaxe": {
    "criteria": {
      "has_stick": "2024-08-20 01:43:47 +0000"
    },
    "done": true
  },
  "farmersdelight:main/root": {
    "criteria": {
      "seeds": "2024-08-20 01:43:47 +0000"
    },
    "done": true
  },
  "farmersdelight:recipes/decorations/cutting_board": {
    "criteria": {
      "has_stick": "2024-08-20 01:43:47 +0000"
    },
    "done": true
  },
  "minecraft:recipes/misc/charcoal": {
    "criteria": {
      "has_log": "2024-08-20 01:44:16 +0000"
    },
    "done": true
  },
  "minecraft:recipes/building_blocks/oak_planks": {
    "criteria": {
      "has_logs": "2024-08-20 01:44:16 +0000"
    },
    "done": true
  },
  "minecraft:recipes/building_blocks/oak_wood": {
    "criteria": {
      "has_log": "2024-08-20 01:44:16 +0000"
    },
    "done": true
  },
  "minecraft:adventure/kill_all_mobs": {
    "criteria": {
      "minecraft:skeleton": "2024-08-21 00:36:10 +0000",
      "minecraft:spider": "2024-08-20 02:54:21 +0000",
      "minecraft:creeper": "2024-08-20 02:54:12 +0000",
      "minecraft:cave_spider": "2024-08-20 04:32:10 +0000",
      "minecraft:silverfish": "2024-08-20 05:06:34 +0000",
      "minecraft:zombie": "2024-08-20 01:44:40 +0000"
    },
    "done": false
  },
  "minecraft:adventure/root": {
    "criteria": {
      "killed_something": "2024-08-20 01:44:40 +0000"
    },
    "done": true
  },
  "minecraft:adventure/kill_a_mob": {
    "criteria": {
      "minecraft:zombie": "2024-08-20 01:44:40 +0000"
    },
    "done": true
  },
  "scpo:spiral_gestalt": {
    "criteria": {
      "spiral_gestalt_0": "2024-08-20 01:45:31 +0000"
    },
    "done": true
  },
  "minecraft:recipes/food/cooked_porkchop": {
    "criteria": {
      "has_porkchop": "2024-08-20 01:45:55 +0000"
    },
    "done": true
  },
  "minecraft:recipes/food/cooked_porkchop_from_smoking": {
    "criteria": {
      "has_porkchop": "2024-08-20 01:45:55 +0000"
    },
    "done": true
  },
  "farmersdelight:recipes/cooking/noodle_soup": {
    "criteria": {
      "has_any_ingredient": "2024-08-20 01:45:55 +0000"
    },
    "done": true
  },
  "minecraft:recipes/food/cooked_porkchop_from_campfire_cooking": {
    "criteria": {
      "has_porkchop": "2024-08-20 01:45:55 +0000"
    },
    "done": true
  },
  "farmersdelight:recipes/cooking/pumpkin_soup": {
    "criteria": {
      "has_any_ingredient": "2024-08-20 01:45:55 +0000"
    },
    "done": true
  },
  "minecraft:recipes/decorations/oak_sign": {
    "criteria": {
      "has_planks": "2024-08-20 01:49:32 +0000"
    },
    "done": true
  },
  "minecraft:recipes/misc/stick": {
    "criteria": {
      "has_planks": "2024-08-20 01:49:32 +0000"
    },
    "done": true
  },
  "minecraft:recipes/building_blocks/oak_slab": {
    "criteria": {
      "has_planks": "2024-08-20 01:49:32 +0000"
    },
    "done": true
  },
  "minecraft:recipes/redstone/oak_fence_gate": {
    "criteria": {
      "has_planks": "2024-08-20 01:49:32 +0000"
    },
    "done": true
  },
  "minecraft:recipes/redstone/oak_door": {
    "criteria": {
      "has_planks": "2024-08-20 01:49:32 +0000"
    },
    "done": true
  },
  "minecraft:recipes/decorations/barrel": {
    "criteria": {
      "has_planks": "2024-08-20 01:49:32 +0000"
    },
    "done": true
  },
  "minecraft:recipes/redstone/oak_trapdoor": {
    "criteria": {
      "has_planks": "2024-08-20 01:49:32 +0000"
    },
    "done": true
  },
  "minecraft:recipes/building_blocks/oak_stairs": {
    "criteria": {
      "has_planks": "2024-08-20 01:49:32 +0000"
    },
    "done": true
  },
  "minecraft:recipes/decorations/oak_fence": {
    "criteria": {
      "has_planks": "2024-08-20 01:49:32 +0000"
    },
    "done": true
  },
  "minecraft:recipes/redstone/oak_button": {
    "criteria": {
      "has_planks": "2024-08-20 01:49:32 +0000"
    },
    "done": true
  },
  "minecraft:recipes/redstone/oak_pressure_plate": {
    "criteria": {
      "has_planks": "2024-08-20 01:49:32 +0000"
    },
    "done": true
  },
  "create:recipes/building_blocks/oak_window": {
    "criteria": {
      "has_ingredient": "2024-08-20 01:49:32 +0000"
    },
    "done": true
  },
  "paraglider:root": {
    "criteria": {
      "crafting_table": "2024-08-20 01:49:35 +0000"
    },
    "done": true
  },
  "create:recipes/misc/crafting/appliances/crafting_blueprint": {
    "criteria": {
      "has_item": "2024-08-20 01:49:35 +0000"
    },
    "done": true
  },
  "minecraft:story/root": {
    "criteria": {
      "crafting_table": "2024-08-20 01:49:35 +0000"
    },
    "done": true
  },
  "minecraft:recipes/decorations/chest": {
    "criteria": {
      "has_lots_of_items": "2024-08-20 01:51:20 +0000"
    },
    "done": true
  },
  "minecraft:story/mine_stone": {
    "criteria": {
      "get_stone": "2024-08-20 01:54:36 +0000"
    },
    "done": true
  },
  "minecraft:recipes/decorations/furnace": {
    "criteria": {
      "has_cobblestone": "2024-08-20 01:54:36 +0000"
    },
    "done": true
  },
  "minecraft:recipes/building_blocks/cobblestone_slab_from_cobblestone_stonecutting": {
    "criteria": {
      "has_cobblestone": "2024-08-20 01:54:36 +0000"
    },
    "done": true
  },
  "minecraft:recipes/building_blocks/stone": {
    "criteria": {
      "has_cobblestone": "2024-08-20 01:54:36 +0000"
    },
    "done": true
  },
  "minecraft:recipes/tools/stone_pickaxe": {
    "criteria": {
      "has_cobblestone": "2024-08-20 01:54:36 +0000"
    },
    "done": true
  },
  "minecraft:recipes/building_blocks/cobblestone_slab": {
    "criteria": {
      "has_cobblestone": "2024-08-20 01:54:36 +0000"
    },
    "done": true
  },
  "minecraft:recipes/decorations/cobblestone_wall_from_cobblestone_stonecutting": {
    "criteria": {
      "has_cobblestone": "2024-08-20 01:54:36 +0000"
    },
    "done": true
  },
  "minecraft:recipes/building_blocks/cobblestone_stairs": {
    "criteria": {
      "has_cobblestone": "2024-08-20 01:54:36 +0000"
    },
    "done": true
  },
  "minecraft:recipes/tools/stone_shovel": {
    "criteria": {
      "has_cobblestone": "2024-08-20 01:54:36 +0000"
    },
    "done": true
  },
  "minecraft:recipes/redstone/lever": {
    "criteria": {
      "has_cobblestone": "2024-08-20 01:54:36 +0000"
    },
    "done": true
  },
  "minecraft:recipes/combat/stone_sword": {
    "criteria": {
      "has_cobblestone": "2024-08-20 01:54:36 +0000"
    },
    "done": true
  },
  "minecraft:recipes/decorations/cobblestone_wall": {
    "criteria": {
      "has_cobblestone": "2024-08-20 01:54:36 +0000"
    },
    "done": true
  },
  "minecraft:recipes/tools/stone_axe": {
    "criteria": {
      "has_cobblestone": "2024-08-20 01:54:36 +0000"
    },
    "done": true
  },
  "minecraft:recipes/building_blocks/cobblestone_stairs_from_cobblestone_stonecutting": {
    "criteria": {
      "has_cobblestone": "2024-08-20 01:54:36 +0000"
    },
    "done": true
  },
  "minecraft:recipes/tools/stone_hoe": {
    "criteria": {
      "has_cobblestone": "2024-08-20 01:54:36 +0000"
    },
    "done": true
  },
  "scpo:recontain_055": {
    "criteria": {
      "recontain_055_0": "2024-08-20 01:56:20 +0000"
    },
    "done": true
  },
  "minecraft:recipes/decorations/smoker": {
    "criteria": {
      "has_furnace": "2024-08-20 01:56:40 +0000"
    },
    "done": true
  },
  "minecraft:recipes/decorations/torch": {
    "criteria": {
      "has_stone_pickaxe": "2024-08-20 01:57:21 +0000"
    },
    "done": true
  },
  "minecraft:story/upgrade_tools": {
    "criteria": {
      "stone_pickaxe": "2024-08-20 01:57:21 +0000"
    },
    "done": true
  },
  "minecraft:husbandry/root": {
    "criteria": {
      "consumed_item": "2024-08-20 01:59:49 +0000"
    },
    "done": true
  },
  "minecraft:husbandry/balanced_diet": {
    "criteria": {
      "cooked_porkchop": "2024-08-20 01:59:49 +0000",
      "cooked_mutton": "2024-08-20 04:18:13 +0000",
      "porkchop": "2024-08-20 03:02:49 +0000",
      "cooked_chicken": "2024-08-20 02:52:52 +0000",
      "cooked_salmon": "2024-08-21 01:09:37 +0000"
    },
    "done": false
  },
  "minecraft:recipes/building_blocks/coal_block": {
    "criteria": {
      "has_coal": "2024-08-20 02:00:02 +0000"
    },
    "done": true
  },
  "minecraft:recipes/misc/copper_ingot_from_blasting_raw_copper": {
    "criteria": {
      "has_raw_copper": "2024-08-20 02:02:31 +0000"
    },
    "done": true
  },
  "minecraft:recipes/building_blocks/raw_copper_block": {
    "criteria": {
      "has_raw_copper": "2024-08-20 02:02:31 +0000"
    },
    "done": true
  },
  "minecraft:recipes/misc/copper_ingot_from_smelting_raw_copper": {
    "criteria": {
      "has_raw_copper": "2024-08-20 02:02:31 +0000"
    },
    "done": true
  },
  "minecraft:recipes/building_blocks/raw_iron_block": {
    "criteria": {
      "has_raw_iron": "2024-08-20 02:02:50 +0000"
    },
    "done": true
  },
  "minecraft:recipes/misc/iron_ingot_from_blasting_raw_iron": {
    "criteria": {
      "has_raw_iron": "2024-08-20 02:02:50 +0000"
    },
    "done": true
  },
  "minecraft:recipes/misc/iron_ingot_from_smelting_raw_iron": {
    "criteria": {
      "has_raw_iron": "2024-08-20 02:02:50 +0000"
    },
    "done": true
  },
  "createdeco:recipes/decorations/iron_catwalk_stairs_from_stonecutting": {
    "criteria": {
      "has_item": "2024-08-20 02:04:43 +0000"
    },
    "done": true
  },
  "minecraft:recipes/combat/iron_helmet": {
    "criteria": {
      "has_iron_ingot": "2024-08-20 02:04:43 +0000"
    },
    "done": true
  },
  "minecraft:recipes/tools/shears": {
    "criteria": {
      "has_iron_ingot": "2024-08-20 02:04:43 +0000"
    },
    "done": true
  },
  "createdeco:recipes/decorations/iron_catwalk_from_stonecutting": {
    "criteria": {
      "has_item": "2024-08-20 02:04:43 +0000"
    },
    "done": true
  },
  "minecraft:recipes/building_blocks/iron_block": {
    "criteria": {
      "has_iron_ingot": "2024-08-20 02:04:43 +0000"
    },
    "done": true
  },
  "farmersdelight:recipes/decorations/cooking_pot": {
    "criteria": {
      "has_iron_ingot": "2024-08-20 02:04:43 +0000"
    },
    "done": true
  },
  "createdeco:recipes/decorations/iron_mesh_fence_from_stonecutting": {
    "criteria": {
      "has_item": "2024-08-20 02:04:43 +0000"
    },
    "done": true
  },
  "createdeco:recipes/decorations/iron_ladder_from_stonecutting": {
    "criteria": {
      "has_item": "2024-08-20 02:04:43 +0000"
    },
    "done": true
  },
  "create:recipes/misc/crafting/materials/andesite_alloy": {
    "criteria": {
      "has_item": "2024-08-20 02:04:43 +0000"
    },
    "done": true
  },
  "minecraft:recipes/redstone/hopper": {
    "criteria": {
      "has_iron_ingot": "2024-08-20 02:04:43 +0000"
    },
    "done": true
  },
  "createdeco:recipes/building_blocks/iron_window": {
    "criteria": {
      "has_item": "2024-08-20 02:04:43 +0000"
    },
    "done": true
  },
  "minecraft:recipes/combat/iron_boots": {
    "criteria": {
      "has_iron_ingot": "2024-08-20 02:04:43 +0000"
    },
    "done": true
  },
  "minecraft:recipes/decorations/lantern": {
    "criteria": {
      "has_iron_ingot": "2024-08-20 02:04:43 +0000"
    },
    "done": true
  },
  "minecraft:recipes/tools/iron_shovel": {
    "criteria": {
      "has_iron_ingot": "2024-08-20 02:04:43 +0000"
    },
    "done": true
  },
  "minecraft:recipes/redstone/iron_trapdoor": {
    "criteria": {
      "has_iron_ingot": "2024-08-20 02:04:43 +0000"
    },
    "done": true
  },
  "createdeco:recipes/decorations/iron_catwalk_railing_from_stonecutting": {
    "criteria": {
      "has_item": "2024-08-20 02:04:43 +0000"
    },
    "done": true
  },
  "minecraft:recipes/combat/crossbow": {
    "criteria": {
      "has_iron_ingot": "2024-08-20 02:04:43 +0000"
    },
    "done": true
  },
  "farmersdelight:recipes/combat/iron_knife": {
    "criteria": {
      "has_iron_ingot": "2024-08-20 02:04:43 +0000"
    },
    "done": true
  },
  "minecraft:recipes/redstone/heavy_weighted_pressure_plate": {
    "criteria": {
      "has_iron_ingot": "2024-08-20 02:04:43 +0000"
    },
    "done": true
  },
  "minecraft:recipes/combat/iron_leggings": {
    "criteria": {
      "has_iron_ingot": "2024-08-20 02:04:43 +0000"
    },
    "done": true
  },
  "minecraft:recipes/combat/iron_chestplate": {
    "criteria": {
      "has_iron_ingot": "2024-08-20 02:04:43 +0000"
    },
    "done": true
  },
  "minecraft:recipes/misc/iron_nugget": {
    "criteria": {
      "has_iron_ingot": "2024-08-20 02:04:43 +0000"
    },
    "done": true
  },
  "minecraft:recipes/misc/bucket": {
    "criteria": {
      "has_iron_ingot": "2024-08-20 02:04:43 +0000"
    },
    "done": true
  },
  "minecraft:recipes/transportation/minecart": {
    "criteria": {
      "has_iron_ingot": "2024-08-20 02:04:43 +0000"
    },
    "done": true
  },
  "minecraft:recipes/tools/iron_hoe": {
    "criteria": {
      "has_iron_ingot": "2024-08-20 02:04:43 +0000"
    },
    "done": true
  },
  "minecraft:story/smelt_iron": {
    "criteria": {
      "iron": "2024-08-20 02:04:43 +0000"
    },
    "done": true
  },
  "createdeco:recipes/decorations/iron_bars_overlay_from_stonecutting": {
    "criteria": {
      "has_item": "2024-08-20 02:04:43 +0000"
    },
    "done": true
  },
  "createdeco:recipes/decorations/iron_support_wedge_from_stonecutting": {
    "criteria": {
      "has_item": "2024-08-20 02:04:43 +0000"
    },
    "done": true
  },
  "minecraft:recipes/decorations/chain": {
    "criteria": {
      "has_iron_ingot": "2024-08-20 02:04:43 +0000"
    },
    "done": true
  },
  "minecraft:recipes/decorations/smithing_table": {
    "criteria": {
      "has_iron_ingot": "2024-08-20 02:04:43 +0000"
    },
    "done": true
  },
  "create:recipes/misc/crafting/kinetics/empty_blaze_burner": {
    "criteria": {
      "has_item": "2024-08-20 02:04:43 +0000"
    },
    "done": true
  },
  "createdeco:recipes/decorations/iron_support": {
    "criteria": {
      "has_item": "2024-08-20 02:04:43 +0000"
    },
    "done": true
  },
  "minecraft:recipes/combat/iron_sword": {
    "criteria": {
      "has_iron_ingot": "2024-08-20 02:04:43 +0000"
    },
    "done": true
  },
  "minecraft:recipes/tools/iron_pickaxe": {
    "criteria": {
      "has_iron_ingot": "2024-08-20 02:04:43 +0000"
    },
    "done": true
  },
  "minecraft:recipes/combat/shield": {
    "criteria": {
      "has_iron_ingot": "2024-08-20 02:04:43 +0000"
    },
    "done": true
  },
  "minecraft:recipes/decorations/iron_bars": {
    "criteria": {
      "has_iron_ingot": "2024-08-20 02:04:43 +0000"
    },
    "done": true
  },
  "minecraft:recipes/tools/iron_axe": {
    "criteria": {
      "has_iron_ingot": "2024-08-20 02:04:43 +0000"
    },
    "done": true
  },
  "create:recipes/building_blocks/industrial_iron_block_from_ingots_iron_stonecutting": {
    "criteria": {
      "has_ingots_iron": "2024-08-20 02:04:43 +0000"
    },
    "done": true
  },
  "minecraft:recipes/redstone/iron_door": {
    "criteria": {
      "has_iron_ingot": "2024-08-20 02:04:43 +0000"
    },
    "done": true
  },
  "minecraft:recipes/misc/iron_nugget_from_smelting": {
    "criteria": {
      "has_iron_axe": "2024-08-20 02:05:04 +0000"
    },
    "done": true
  },
  "minecraft:recipes/misc/iron_nugget_from_blasting": {
    "criteria": {
      "has_iron_axe": "2024-08-20 02:05:04 +0000"
    },
    "done": true
  },
  "minecraft:story/iron_tools": {
    "criteria": {
      "iron_pickaxe": "2024-08-20 02:06:54 +0000"
    },
    "done": true
  },
  "create:recipes/building_blocks/polished_cut_andesite_stairs_from_stone_types_andesite_stonecutting": {
    "criteria": {
      "has_stone_types_andesite": "2024-08-20 02:13:50 +0000"
    },
    "done": true
  },
  "create:recipes/building_blocks/cut_andesite_slab_from_stone_types_andesite_stonecutting": {
    "criteria": {
      "has_stone_types_andesite": "2024-08-20 02:13:50 +0000"
    },
    "done": true
  },
  "create:recipes/building_blocks/small_andesite_brick_slab_from_stone_types_andesite_stonecutting": {
    "criteria": {
      "has_stone_types_andesite": "2024-08-20 02:13:50 +0000"
    },
    "done": true
  },
  "minecraft:recipes/building_blocks/andesite_stairs": {
    "criteria": {
      "has_andesite": "2024-08-20 02:13:50 +0000"
    },
    "done": true
  },
  "create:recipes/building_blocks/small_andesite_brick_stairs_from_stone_types_andesite_stonecutting": {
    "criteria": {
      "has_stone_types_andesite": "2024-08-20 02:13:50 +0000"
    },
    "done": true
  },
  "create:recipes/building_blocks/cut_andesite_bricks_from_stone_types_andesite_stonecutting": {
    "criteria": {
      "has_stone_types_andesite": "2024-08-20 02:13:50 +0000"
    },
    "done": true
  },
  "create:recipes/building_blocks/small_andesite_bricks_from_stone_types_andesite_stonecutting": {
    "criteria": {
      "has_stone_types_andesite": "2024-08-20 02:13:50 +0000"
    },
    "done": true
  },
  "minecraft:recipes/building_blocks/polished_andesite_from_andesite_stonecutting": {
    "criteria": {
      "has_andesite": "2024-08-20 02:13:50 +0000"
    },
    "done": true
  },
  "create:recipes/building_blocks/polished_cut_andesite_from_stone_types_andesite_stonecutting": {
    "criteria": {
      "has_stone_types_andesite": "2024-08-20 02:13:50 +0000"
    },
    "done": true
  },
  "create:recipes/building_blocks/cut_andesite_wall_from_stone_types_andesite_stonecutting": {
    "criteria": {
      "has_stone_types_andesite": "2024-08-20 02:13:50 +0000"
    },
    "done": true
  },
  "create:recipes/building_blocks/small_andesite_brick_wall_from_stone_types_andesite_stonecutting": {
    "criteria": {
      "has_stone_types_andesite": "2024-08-20 02:13:50 +0000"
    },
    "done": true
  },
  "minecraft:recipes/building_blocks/polished_andesite_stairs_from_andesite_stonecutting": {
    "criteria": {
      "has_andesite": "2024-08-20 02:13:50 +0000"
    },
    "done": true
  },
  "create:recipes/building_blocks/cut_andesite_brick_slab_from_stone_types_andesite_stonecutting": {
    "criteria": {
      "has_stone_types_andesite": "2024-08-20 02:13:50 +0000"
    },
    "done": true
  },
  "create:recipes/building_blocks/layered_andesite_from_stone_types_andesite_stonecutting": {
    "criteria": {
      "has_stone_types_andesite": "2024-08-20 02:13:50 +0000"
    },
    "done": true
  },
  "minecraft:recipes/decorations/andesite_wall_from_andesite_stonecutting": {
    "criteria": {
      "has_andesite": "2024-08-20 02:13:50 +0000"
    },
    "done": true
  },
  "create:recipes/building_blocks/andesite_from_stone_types_andesite_stonecutting": {
    "criteria": {
      "has_stone_types_andesite": "2024-08-20 02:13:50 +0000"
    },
    "done": true
  },
  "create:recipes/building_blocks/cut_andesite_from_stone_types_andesite_stonecutting": {
    "criteria": {
      "has_stone_types_andesite": "2024-08-20 02:13:50 +0000"
    },
    "done": true
  },
  "minecraft:recipes/building_blocks/polished_andesite_slab_from_andesite_stonecutting": {
    "criteria": {
      "has_andesite": "2024-08-20 02:13:50 +0000"
    },
    "done": true
  },
  "minecraft:recipes/building_blocks/andesite_slab_from_andesite_stonecutting": {
    "criteria": {
      "has_andesite": "2024-08-20 02:13:50 +0000"
    },
    "done": true
  },
  "create:recipes/building_blocks/polished_cut_andesite_slab_from_stone_types_andesite_stonecutting": {
    "criteria": {
      "has_stone_types_andesite": "2024-08-20 02:13:50 +0000"
    },
    "done": true
  },
  "minecraft:recipes/building_blocks/andesite_stairs_from_andesite_stonecutting": {
    "criteria": {
      "has_andesite": "2024-08-20 02:13:50 +0000"
    },
    "done": true
  },
  "create:recipes/building_blocks/cut_andesite_brick_wall_from_stone_types_andesite_stonecutting": {
    "criteria": {
      "has_stone_types_andesite": "2024-08-20 02:13:50 +0000"
    },
    "done": true
  },
  "create:recipes/building_blocks/andesite_pillar_from_stone_types_andesite_stonecutting": {
    "criteria": {
      "has_stone_types_andesite": "2024-08-20 02:13:50 +0000"
    },
    "done": true
  },
  "create:recipes/building_blocks/cut_andesite_stairs_from_stone_types_andesite_stonecutting": {
    "criteria": {
      "has_stone_types_andesite": "2024-08-20 02:13:50 +0000"
    },
    "done": true
  },
  "create:recipes/building_blocks/polished_cut_andesite_wall_from_stone_types_andesite_stonecutting": {
    "criteria": {
      "has_stone_types_andesite": "2024-08-20 02:13:50 +0000"
    },
    "done": true
  },
  "create:recipes/building_blocks/cut_andesite_brick_stairs_from_stone_types_andesite_stonecutting": {
    "criteria": {
      "has_stone_types_andesite": "2024-08-20 02:13:50 +0000"
    },
    "done": true
  },
  "minecraft:recipes/building_blocks/polished_andesite": {
    "criteria": {
      "has_andesite": "2024-08-20 02:13:50 +0000"
    },
    "done": true
  },
  "minecraft:recipes/decorations/andesite_wall": {
    "criteria": {
      "has_andesite": "2024-08-20 02:13:50 +0000"
    },
    "done": true
  },
  "minecraft:recipes/building_blocks/andesite_slab": {
    "criteria": {
      "has_andesite": "2024-08-20 02:13:50 +0000"
    },
    "done": true
  },
  "minecraft:recipes/building_blocks/polished_deepslate": {
    "criteria": {
      "has_cobbled_deepslate": "2024-08-20 02:16:20 +0000"
    },
    "done": true
  },
  "minecraft:recipes/building_blocks/deepslate_tile_stairs_from_cobbled_deepslate_stonecutting": {
    "criteria": {
      "has_cobbled_deepslate": "2024-08-20 02:16:20 +0000"
    },
    "done": true
  },
  "minecraft:recipes/building_blocks/cobbled_deepslate_slab": {
    "criteria": {
      "has_cobbled_deepslate": "2024-08-20 02:16:20 +0000"
    },
    "done": true
  },
  "minecraft:recipes/building_blocks/polished_deepslate_stairs_from_cobbled_deepslate_stonecutting": {
    "criteria": {
      "has_cobbled_deepslate": "2024-08-20 02:16:20 +0000"
    },
    "done": true
  },
  "minecraft:recipes/decorations/deepslate_brick_wall_from_cobbled_deepslate_stonecutting": {
    "criteria": {
      "has_cobbled_deepslate": "2024-08-20 02:16:20 +0000"
    },
    "done": true
  },
  "minecraft:recipes/building_blocks/polished_deepslate_from_cobbled_deepslate_stonecutting": {
    "criteria": {
      "has_cobbled_deepslate": "2024-08-20 02:16:20 +0000"
    },
    "done": true
  },
  "minecraft:recipes/building_blocks/cobbled_deepslate_slab_from_cobbled_deepslate_stonecutting": {
    "criteria": {
      "has_cobbled_deepslate": "2024-08-20 02:16:20 +0000"
    },
    "done": true
  },
  "minecraft:recipes/building_blocks/deepslate_tile_slab_from_cobbled_deepslate_stonecutting": {
    "criteria": {
      "has_cobbled_deepslate": "2024-08-20 02:16:20 +0000"
    },
    "done": true
  },
  "minecraft:recipes/decorations/deepslate_tile_wall_from_cobbled_deepslate_stonecutting": {
    "criteria": {
      "has_cobbled_deepslate": "2024-08-20 02:16:20 +0000"
    },
    "done": true
  },
  "minecraft:recipes/building_blocks/deepslate_brick_stairs_from_cobbled_deepslate_stonecutting": {
    "criteria": {
      "has_cobbled_deepslate": "2024-08-20 02:16:20 +0000"
    },
    "done": true
  },
  "minecraft:recipes/building_blocks/chiseled_deepslate_from_cobbled_deepslate_stonecutting": {
    "criteria": {
      "has_cobbled_deepslate": "2024-08-20 02:16:20 +0000"
    },
    "done": true
  },
  "minecraft:recipes/decorations/cobbled_deepslate_wall_from_cobbled_deepslate_stonecutting": {
    "criteria": {
      "has_cobbled_deepslate": "2024-08-20 02:16:20 +0000"
    },
    "done": true
  },
  "minecraft:recipes/decorations/cobbled_deepslate_wall": {
    "criteria": {
      "has_cobbled_deepslate": "2024-08-20 02:16:20 +0000"
    },
    "done": true
  },
  "minecraft:recipes/decorations/polished_deepslate_wall_from_cobbled_deepslate_stonecutting": {
    "criteria": {
      "has_cobbled_deepslate": "2024-08-20 02:16:20 +0000"
    },
    "done": true
  },
  "minecraft:recipes/building_blocks/cobbled_deepslate_stairs_from_cobbled_deepslate_stonecutting": {
    "criteria": {
      "has_cobbled_deepslate": "2024-08-20 02:16:20 +0000"
    },
    "done": true
  },
  "minecraft:recipes/building_blocks/deepslate": {
    "criteria": {
      "has_cobbled_deepslate": "2024-08-20 02:16:20 +0000"
    },
    "done": true
  },
  "minecraft:recipes/building_blocks/polished_deepslate_slab_from_cobbled_deepslate_stonecutting": {
    "criteria": {
      "has_cobbled_deepslate": "2024-08-20 02:16:20 +0000"
    },
    "done": true
  },
  "minecraft:recipes/building_blocks/deepslate_brick_slab_from_cobbled_deepslate_stonecutting": {
    "criteria": {
      "has_cobbled_deepslate": "2024-08-20 02:16:20 +0000"
    },
    "done": true
  },
  "minecraft:recipes/building_blocks/cobbled_deepslate_stairs": {
    "criteria": {
      "has_cobbled_deepslate": "2024-08-20 02:16:20 +0000"
    },
    "done": true
  },
  "minecraft:recipes/building_blocks/deepslate_bricks_from_cobbled_deepslate_stonecutting": {
    "criteria": {
      "has_cobbled_deepslate": "2024-08-20 02:16:20 +0000"
    },
    "done": true
  },
  "minecraft:recipes/building_blocks/deepslate_tiles_from_cobbled_deepslate_stonecutting": {
    "criteria": {
      "has_cobbled_deepslate": "2024-08-20 02:16:20 +0000"
    },
    "done": true
  },
  "minecraft:recipes/combat/diamond_sword": {
    "criteria": {
      "has_diamond": "2024-08-20 02:17:50 +0000"
    },
    "done": true
  },
  "minecraft:recipes/decorations/jukebox": {
    "criteria": {
      "has_diamond": "2024-08-20 02:17:50 +0000"
    },
    "done": true
  },
  "minecraft:recipes/combat/diamond_chestplate": {
    "criteria": {
      "has_diamond": "2024-08-20 02:17:50 +0000"
    },
    "done": true
  },
  "minecraft:recipes/tools/diamond_pickaxe": {
    "criteria": {
      "has_diamond": "2024-08-20 02:17:50 +0000"
    },
    "done": true
  },
  "minecraft:recipes/tools/diamond_hoe": {
    "criteria": {
      "has_diamond": "2024-08-20 02:17:50 +0000"
    },
    "done": true
  },
  "minecraft:recipes/tools/diamond_shovel": {
    "criteria": {
      "has_diamond": "2024-08-20 02:17:50 +0000"
    },
    "done": true
  },
  "minecraft:recipes/combat/diamond_helmet": {
    "criteria": {
      "has_diamond": "2024-08-20 02:17:50 +0000"
    },
    "done": true
  },
  "minecraft:recipes/building_blocks/diamond_block": {
    "criteria": {
      "has_diamond": "2024-08-20 02:17:50 +0000"
    },
    "done": true
  },
  "minecraft:story/mine_diamond": {
    "criteria": {
      "diamond": "2024-08-20 02:17:50 +0000"
    },
    "done": true
  },
  "farmersdelight:recipes/combat/diamond_knife": {
    "criteria": {
      "has_diamond": "2024-08-20 02:17:50 +0000"
    },
    "done": true
  },
  "minecraft:recipes/combat/diamond_leggings": {
    "criteria": {
      "has_diamond": "2024-08-20 02:17:50 +0000"
    },
    "done": true
  },
  "minecraft:recipes/combat/diamond_boots": {
    "criteria": {
      "has_diamond": "2024-08-20 02:17:50 +0000"
    },
    "done": true
  },
  "minecraft:recipes/tools/diamond_axe": {
    "criteria": {
      "has_diamond": "2024-08-20 02:17:50 +0000"
    },
    "done": true
  },
  "minecraft:story/shiny_gear": {
    "criteria": {
      "diamond_chestplate": "2024-08-20 02:20:19 +0000"
    },
    "done": true
  },
  "minecraft:story/obtain_armor": {
    "criteria": {
      "iron_leggings": "2024-08-20 02:22:21 +0000"
    },
    "done": true
  },
  "create:recipes/building_blocks/small_calcite_brick_wall_from_stone_types_calcite_stonecutting": {
    "criteria": {
      "has_stone_types_calcite": "2024-08-20 02:26:26 +0000"
    },
    "done": true
  },
  "create:recipes/building_blocks/polished_cut_calcite_stairs_from_stone_types_calcite_stonecutting": {
    "criteria": {
      "has_stone_types_calcite": "2024-08-20 02:26:26 +0000"
    },
    "done": true
  },
  "create:recipes/building_blocks/small_calcite_brick_stairs_from_stone_types_calcite_stonecutting": {
    "criteria": {
      "has_stone_types_calcite": "2024-08-20 02:26:26 +0000"
    },
    "done": true
  },
  "create:recipes/building_blocks/cut_calcite_bricks_from_stone_types_calcite_stonecutting": {
    "criteria": {
      "has_stone_types_calcite": "2024-08-20 02:26:26 +0000"
    },
    "done": true
  },
  "create:recipes/building_blocks/layered_calcite_from_stone_types_calcite_stonecutting": {
    "criteria": {
      "has_stone_types_calcite": "2024-08-20 02:26:26 +0000"
    },
    "done": true
  },
  "create:recipes/building_blocks/cut_calcite_wall_from_stone_types_calcite_stonecutting": {
    "criteria": {
      "has_stone_types_calcite": "2024-08-20 02:26:26 +0000"
    },
    "done": true
  },
  "create:recipes/building_blocks/calcite_pillar_from_stone_types_calcite_stonecutting": {
    "criteria": {
      "has_stone_types_calcite": "2024-08-20 02:26:26 +0000"
    },
    "done": true
  },
  "create:recipes/building_blocks/polished_cut_calcite_from_stone_types_calcite_stonecutting": {
    "criteria": {
      "has_stone_types_calcite": "2024-08-20 02:26:26 +0000"
    },
    "done": true
  },
  "create:recipes/building_blocks/cut_calcite_slab_from_stone_types_calcite_stonecutting": {
    "criteria": {
      "has_stone_types_calcite": "2024-08-20 02:26:26 +0000"
    },
    "done": true
  },
  "create:recipes/building_blocks/small_calcite_brick_slab_from_stone_types_calcite_stonecutting": {
    "criteria": {
      "has_stone_types_calcite": "2024-08-20 02:26:26 +0000"
    },
    "done": true
  },
  "create:recipes/building_blocks/cut_calcite_brick_slab_from_stone_types_calcite_stonecutting": {
    "criteria": {
      "has_stone_types_calcite": "2024-08-20 02:26:26 +0000"
    },
    "done": true
  },
  "create:recipes/building_blocks/polished_cut_calcite_wall_from_stone_types_calcite_stonecutting": {
    "criteria": {
      "has_stone_types_calcite": "2024-08-20 02:26:26 +0000"
    },
    "done": true
  },
  "create:recipes/building_blocks/polished_cut_calcite_slab_from_stone_types_calcite_stonecutting": {
    "criteria": {
      "has_stone_types_calcite": "2024-08-20 02:26:26 +0000"
    },
    "done": true
  },
  "create:recipes/building_blocks/cut_calcite_from_stone_types_calcite_stonecutting": {
    "criteria": {
      "has_stone_types_calcite": "2024-08-20 02:26:26 +0000"
    },
    "done": true
  },
  "create:recipes/building_blocks/calcite_from_stone_types_calcite_stonecutting": {
    "criteria": {
      "has_stone_types_calcite": "2024-08-20 02:26:26 +0000"
    },
    "done": true
  },
  "create:recipes/building_blocks/cut_calcite_brick_stairs_from_stone_types_calcite_stonecutting": {
    "criteria": {
      "has_stone_types_calcite": "2024-08-20 02:26:26 +0000"
    },
    "done": true
  },
  "create:recipes/building_blocks/cut_calcite_stairs_from_stone_types_calcite_stonecutting": {
    "criteria": {
      "has_stone_types_calcite": "2024-08-20 02:26:26 +0000"
    },
    "done": true
  },
  "create:recipes/building_blocks/small_calcite_bricks_from_stone_types_calcite_stonecutting": {
    "criteria": {
      "has_stone_types_calcite": "2024-08-20 02:26:26 +0000"
    },
    "done": true
  },
  "create:recipes/building_blocks/cut_calcite_brick_wall_from_stone_types_calcite_stonecutting": {
    "criteria": {
      "has_stone_types_calcite": "2024-08-20 02:26:26 +0000"
    },
    "done": true
  },
  "minecraft:recipes/misc/gold_ingot_from_blasting_raw_gold": {
    "criteria": {
      "has_raw_gold": "2024-08-20 02:27:18 +0000"
    },
    "done": true
  },
  "minecraft:recipes/misc/gold_ingot_from_smelting_raw_gold": {
    "criteria": {
      "has_raw_gold": "2024-08-20 02:27:18 +0000"
    },
    "done": true
  },
  "minecraft:recipes/building_blocks/raw_gold_block": {
    "criteria": {
      "has_raw_gold": "2024-08-20 02:27:18 +0000"
    },
    "done": true
  },
  "spore:spore": {
    "criteria": {
      "requirement": "2024-08-20 02:28:57 +0000"
    },
    "done": true
  },
  "minecraft:recipes/building_blocks/red_concrete_powder": {
    "criteria": {
      "has_gravel": "2024-08-20 02:29:11 +0000"
    },
    "done": true
  },
  "minecraft:recipes/building_blocks/green_concrete_powder": {
    "criteria": {
      "has_gravel": "2024-08-20 02:29:11 +0000"
    },
    "done": true
  },
  "minecraft:recipes/building_blocks/blue_concrete_powder": {
    "criteria": {
      "has_gravel": "2024-08-20 02:29:11 +0000"
    },
    "done": true
  },
  "minecraft:recipes/building_blocks/lime_concrete_powder": {
    "criteria": {
      "has_gravel": "2024-08-20 02:29:11 +0000"
    },
    "done": true
  },
  "minecraft:recipes/building_blocks/orange_concrete_powder": {
    "criteria": {
      "has_gravel": "2024-08-20 02:29:11 +0000"
    },
    "done": true
  },
  "minecraft:recipes/building_blocks/magenta_concrete_powder": {
    "criteria": {
      "has_gravel": "2024-08-20 02:29:11 +0000"
    },
    "done": true
  },
  "minecraft:recipes/building_blocks/black_concrete_powder": {
    "criteria": {
      "has_gravel": "2024-08-20 02:29:11 +0000"
    },
    "done": true
  },
  "minecraft:recipes/building_blocks/purple_concrete_powder": {
    "criteria": {
      "has_gravel": "2024-08-20 02:29:11 +0000"
    },
    "done": true
  },
  "minecraft:recipes/building_blocks/cyan_concrete_powder": {
    "criteria": {
      "has_gravel": "2024-08-20 02:29:11 +0000"
    },
    "done": true
  },
  "minecraft:recipes/building_blocks/coarse_dirt": {
    "criteria": {
      "has_gravel": "2024-08-20 02:29:11 +0000"
    },
    "done": true
  },
  "minecraft:recipes/building_blocks/light_gray_concrete_powder": {
    "criteria": {
      "has_gravel": "2024-08-20 02:29:11 +0000"
    },
    "done": true
  },
  "minecraft:recipes/building_blocks/pink_concrete_powder": {
    "criteria": {
      "has_gravel": "2024-08-20 02:29:11 +0000"
    },
    "done": true
  },
  "minecraft:recipes/building_blocks/brown_concrete_powder": {
    "criteria": {
      "has_gravel": "2024-08-20 02:29:11 +0000"
    },
    "done": true
  },
  "minecraft:recipes/building_blocks/light_blue_concrete_powder": {
    "criteria": {
      "has_gravel": "2024-08-20 02:29:11 +0000"
    },
    "done": true
  },
  "minecraft:recipes/building_blocks/white_concrete_powder": {
    "criteria": {
      "has_gravel": "2024-08-20 02:29:11 +0000"
    },
    "done": true
  },
  "minecraft:recipes/building_blocks/yellow_concrete_powder": {
    "criteria": {
      "has_gravel": "2024-08-20 02:29:11 +0000"
    },
    "done": true
  },
  "minecraft:recipes/building_blocks/gray_concrete_powder": {
    "criteria": {
      "has_gravel": "2024-08-20 02:29:11 +0000"
    },
    "done": true
  },
  "minecraft:recipes/decorations/fletching_table": {
    "criteria": {
      "has_flint": "2024-08-20 02:29:26 +0000"
    },
    "done": true
  },
  "minecraft:recipes/combat/arrow": {
    "criteria": {
      "has_flint": "2024-08-20 02:29:26 +0000"
    },
    "done": true
  },
  "minecraft:recipes/tools/flint_and_steel": {
    "criteria": {
      "has_flint": "2024-08-20 02:29:26 +0000"
    },
    "done": true
  },
  "minecraft:recipes/building_blocks/lapis_block": {
    "criteria": {
      "has_lapis_lazuli": "2024-08-20 02:33:59 +0000"
    },
    "done": true
  },
  "minecraft:recipes/misc/blue_dye": {
    "criteria": {
      "has_lapis_lazuli": "2024-08-20 02:33:59 +0000"
    },
    "done": true
  },
  "create:recipes/misc/smelting/zinc_ingot_from_raw_ore": {
    "criteria": {
      "has_item": "2024-08-20 02:36:25 +0000"
    },
    "done": true
  },
  "create:recipes/misc/blasting/zinc_ingot_from_raw_ore": {
    "criteria": {
      "has_item": "2024-08-20 02:36:25 +0000"
    },
    "done": true
  },
  "create:recipes/misc/crafting/materials/raw_zinc_block": {
    "criteria": {
      "has_item": "2024-08-20 02:36:25 +0000"
    },
    "done": true
  },
  "paraglider:recipes/misc/cosmetic/goddess_statue": {
    "criteria": {
      "has_goddess_statue": "2024-08-20 02:43:31 +0000"
    },
    "done": true
  },
  "paraglider:recipes/misc/cosmetic/rito_goddess_statue": {
    "criteria": {
      "has_goddess_statue": "2024-08-20 02:43:31 +0000"
    },
    "done": true
  },
  "paraglider:recipes/misc/cosmetic/kakariko_goddess_statue": {
    "criteria": {
      "has_goddess_statue": "2024-08-20 02:43:31 +0000"
    },
    "done": true
  },
  "paraglider:recipes/misc/cosmetic/goron_goddess_statue": {
    "criteria": {
      "has_goddess_statue": "2024-08-20 02:43:31 +0000"
    },
    "done": true
  },
  "apollyon:condemned_to_die": {
    "criteria": {
      "condemned_to_die": "2024-08-20 02:46:33 +0000"
    },
    "done": true
  },
  "scpo:find_87": {
    "criteria": {
      "find_87_0": "2024-08-20 02:48:34 +0000"
    },
    "done": true
  },
  "minecraft:recipes/building_blocks/polished_blackstone_stairs": {
    "criteria": {
      "has_polished_blackstone": "2024-08-20 02:48:57 +0000"
    },
    "done": true
  },
  "minecraft:recipes/building_blocks/polished_blackstone_brick_stairs_from_polished_blackstone_stonecutting": {
    "criteria": {
      "has_polished_blackstone": "2024-08-20 02:48:57 +0000"
    },
    "done": true
  },
  "minecraft:recipes/redstone/polished_blackstone_button": {
    "criteria": {
      "has_polished_blackstone": "2024-08-20 02:48:57 +0000"
    },
    "done": true
  },
  "minecraft:recipes/building_blocks/polished_blackstone_slab": {
    "criteria": {
      "has_polished_blackstone": "2024-08-20 02:48:57 +0000"
    },
    "done": true
  },
  "minecraft:recipes/building_blocks/polished_blackstone_slab_from_polished_blackstone_stonecutting": {
    "criteria": {
      "has_polished_blackstone": "2024-08-20 02:48:57 +0000"
    },
    "done": true
  },
  "minecraft:recipes/building_blocks/polished_blackstone_bricks": {
    "criteria": {
      "has_polished_blackstone": "2024-08-20 02:48:57 +0000"
    },
    "done": true
  },
  "minecraft:recipes/building_blocks/polished_blackstone_bricks_from_polished_blackstone_stonecutting": {
    "criteria": {
      "has_polished_blackstone": "2024-08-20 02:48:57 +0000"
    },
    "done": true
  },
  "minecraft:recipes/building_blocks/chiseled_polished_blackstone_from_polished_blackstone_stonecutting": {
    "criteria": {
      "has_polished_blackstone": "2024-08-20 02:48:57 +0000"
    },
    "done": true
  },
  "minecraft:recipes/building_blocks/polished_blackstone_stairs_from_polished_blackstone_stonecutting": {
    "criteria": {
      "has_polished_blackstone": "2024-08-20 02:48:57 +0000"
    },
    "done": true
  },
  "minecraft:recipes/decorations/polished_blackstone_wall_from_polished_blackstone_stonecutting": {
    "criteria": {
      "has_polished_blackstone": "2024-08-20 02:48:57 +0000"
    },
    "done": true
  },
  "minecraft:recipes/redstone/polished_blackstone_pressure_plate": {
    "criteria": {
      "has_polished_blackstone": "2024-08-20 02:48:57 +0000"
    },
    "done": true
  },
  "minecraft:recipes/building_blocks/polished_blackstone_brick_slab_from_polished_blackstone_stonecutting": {
    "criteria": {
      "has_polished_blackstone": "2024-08-20 02:48:57 +0000"
    },
    "done": true
  },
  "minecraft:recipes/decorations/polished_blackstone_wall": {
    "criteria": {
      "has_polished_blackstone": "2024-08-20 02:48:57 +0000"
    },
    "done": true
  },
  "minecraft:recipes/decorations/polished_blackstone_brick_wall_from_polished_blackstone_stonecutting": {
    "criteria": {
      "has_polished_blackstone": "2024-08-20 02:48:57 +0000"
    },
    "done": true
  },
  "farmersdelight:recipes/food/roast_chicken_block": {
    "criteria": {
      "has_cooked_chicken": "2024-08-20 02:52:36 +0000"
    },
    "done": true
  },
  "farmersdelight:recipes/food/chicken_sandwich": {
    "criteria": {
      "has_cooked_chicken": "2024-08-20 02:52:36 +0000"
    },
    "done": true
  },
  "minecraft:recipes/food/cooked_mutton_from_smoking": {
    "criteria": {
      "has_mutton": "2024-08-20 02:52:40 +0000"
    },
    "done": true
  },
  "minecraft:recipes/food/cooked_mutton": {
    "criteria": {
      "has_mutton": "2024-08-20 02:52:40 +0000"
    },
    "done": true
  },
  "minecraft:recipes/food/cooked_mutton_from_campfire_cooking": {
    "criteria": {
      "has_mutton": "2024-08-20 02:52:40 +0000"
    },
    "done": true
  },
  "farmersdelight:recipes/cooking/pasta_with_mutton_chop": {
    "criteria": {
      "has_any_ingredient": "2024-08-20 02:52:40 +0000"
    },
    "done": true
  },
  "minecraft:recipes/misc/firework_rocket_simple": {
    "criteria": {
      "has_gunpowder": "2024-08-20 02:54:14 +0000"
    },
    "done": true
  },
  "minecraft:recipes/redstone/tnt": {
    "criteria": {
      "has_gunpowder": "2024-08-20 02:54:14 +0000"
    },
    "done": true
  },
  "minecraft:recipes/redstone/tripwire_hook": {
    "criteria": {
      "has_string": "2024-08-20 02:54:22 +0000"
    },
    "done": true
  },
  "minecraft:recipes/decorations/candle": {
    "criteria": {
      "has_string": "2024-08-20 02:54:22 +0000"
    },
    "done": true
  },
  "minecraft:recipes/combat/bow": {
    "criteria": {
      "has_string": "2024-08-20 02:54:22 +0000"
    },
    "done": true
  },
  "minecraft:recipes/tools/fishing_rod": {
    "criteria": {
      "has_string": "2024-08-20 02:54:22 +0000"
    },
    "done": true
  },
  "minecraft:recipes/building_blocks/white_wool_from_string": {
    "criteria": {
      "has_string": "2024-08-20 02:54:22 +0000"
    },
    "done": true
  },
  "minecraft:recipes/decorations/loom": {
    "criteria": {
      "has_string": "2024-08-20 02:54:22 +0000"
    },
    "done": true
  },
  "minecraft:recipes/transportation/spruce_chest_boat": {
    "criteria": {
      "has_boat": "2024-08-20 02:55:29 +0000"
    },
    "done": true
  },
  "minecraft:recipes/transportation/jungle_chest_boat": {
    "criteria": {
      "has_boat": "2024-08-20 02:55:29 +0000"
    },
    "done": true
  },
  "minecraft:recipes/transportation/mangrove_chest_boat": {
    "criteria": {
      "has_boat": "2024-08-20 02:55:29 +0000"
    },
    "done": true
  },
  "minecraft:recipes/transportation/oak_chest_boat": {
    "criteria": {
      "has_boat": "2024-08-20 02:55:29 +0000"
    },
    "done": true
  },
  "minecraft:recipes/transportation/bamboo_chest_raft": {
    "criteria": {
      "has_boat": "2024-08-20 02:55:29 +0000"
    },
    "done": true
  },
  "minecraft:recipes/transportation/acacia_chest_boat": {
    "criteria": {
      "has_boat": "2024-08-20 02:55:29 +0000"
    },
    "done": true
  },
  "minecraft:recipes/transportation/cherry_chest_boat": {
    "criteria": {
      "has_boat": "2024-08-20 02:55:29 +0000"
    },
    "done": true
  },
  "minecraft:recipes/transportation/birch_chest_boat": {
    "criteria": {
      "has_boat": "2024-08-20 02:55:29 +0000"
    },
    "done": true
  },
  "minecraft:recipes/transportation/dark_oak_chest_boat": {
    "criteria": {
      "has_boat": "2024-08-20 02:55:29 +0000"
    },
    "done": true
  },
  "minecraft:recipes/building_blocks/mossy_cobblestone_stairs_from_mossy_cobblestone_stonecutting": {
    "criteria": {
      "has_mossy_cobblestone": "2024-08-20 03:02:37 +0000"
    },
    "done": true
  },
  "minecraft:recipes/building_blocks/mossy_cobblestone_slab": {
    "criteria": {
      "has_mossy_cobblestone": "2024-08-20 03:02:37 +0000"
    },
    "done": true
  },
  "minecraft:recipes/building_blocks/mossy_cobblestone_stairs": {
    "criteria": {
      "has_mossy_cobblestone": "2024-08-20 03:02:37 +0000"
    },
    "done": true
  },
  "minecraft:recipes/building_blocks/mossy_cobblestone_slab_from_mossy_cobblestone_stonecutting": {
    "criteria": {
      "has_mossy_cobblestone": "2024-08-20 03:02:37 +0000"
    },
    "done": true
  },
  "minecraft:recipes/decorations/mossy_cobblestone_wall": {
    "criteria": {
      "has_mossy_cobblestone": "2024-08-20 03:02:37 +0000"
    },
    "done": true
  },
  "minecraft:recipes/decorations/mossy_cobblestone_wall_from_mossy_cobblestone_stonecutting": {
    "criteria": {
      "has_mossy_cobblestone": "2024-08-20 03:02:37 +0000"
    },
    "done": true
  },
  "create:recipes/building_blocks/crafting/kinetics/blue_seat": {
    "criteria": {
      "has_wool": "2024-08-20 03:04:08 +0000"
    },
    "done": true
  },
  "create:recipes/building_blocks/crafting/kinetics/magenta_seat": {
    "criteria": {
      "has_wool": "2024-08-20 03:04:08 +0000"
    },
    "done": true
  },
  "create:recipes/building_blocks/crafting/kinetics/light_blue_seat": {
    "criteria": {
      "has_wool": "2024-08-20 03:04:08 +0000"
    },
    "done": true
  },
  "create:recipes/building_blocks/crafting/kinetics/green_seat": {
    "criteria": {
      "has_wool": "2024-08-20 03:04:08 +0000"
    },
    "done": true
  },
  "create:recipes/building_blocks/crafting/kinetics/purple_seat": {
    "criteria": {
      "has_wool": "2024-08-20 03:04:08 +0000"
    },
    "done": true
  },
  "minecraft:recipes/decorations/white_bed": {
    "criteria": {
      "has_white_wool": "2024-08-20 03:04:08 +0000"
    },
    "done": true
  },
  "create:recipes/building_blocks/crafting/kinetics/brown_seat": {
    "criteria": {
      "has_wool": "2024-08-20 03:04:08 +0000"
    },
    "done": true
  },
  "create:recipes/building_blocks/crafting/kinetics/gray_seat": {
    "criteria": {
      "has_wool": "2024-08-20 03:04:08 +0000"
    },
    "done": true
  },
  "minecraft:recipes/decorations/painting": {
    "criteria": {
      "has_wool": "2024-08-20 03:04:08 +0000"
    },
    "done": true
  },
  "create:recipes/building_blocks/crafting/kinetics/red_seat": {
    "criteria": {
      "has_wool": "2024-08-20 03:04:08 +0000"
    },
    "done": true
  },
  "create:recipes/building_blocks/crafting/kinetics/light_gray_seat": {
    "criteria": {
      "has_wool": "2024-08-20 03:04:08 +0000"
    },
    "done": true
  },
  "create:recipes/building_blocks/crafting/kinetics/orange_seat": {
    "criteria": {
      "has_wool": "2024-08-20 03:04:08 +0000"
    },
    "done": true
  },
  "create:recipes/building_blocks/crafting/kinetics/cyan_seat": {
    "criteria": {
      "has_wool": "2024-08-20 03:04:08 +0000"
    },
    "done": true
  },
  "minecraft:recipes/decorations/white_carpet": {
    "criteria": {
      "has_white_wool": "2024-08-20 03:04:08 +0000"
    },
    "done": true
  },
  "create:recipes/building_blocks/crafting/kinetics/pink_seat": {
    "criteria": {
      "has_wool": "2024-08-20 03:04:08 +0000"
    },
    "done": true
  },
  "create:recipes/building_blocks/crafting/kinetics/black_seat": {
    "criteria": {
      "has_wool": "2024-08-20 03:04:08 +0000"
    },
    "done": true
  },
  "minecraft:recipes/decorations/white_banner": {
    "criteria": {
      "has_white_wool": "2024-08-20 03:04:08 +0000"
    },
    "done": true
  },
  "create:recipes/building_blocks/crafting/kinetics/white_seat": {
    "criteria": {
      "has_wool": "2024-08-20 03:04:08 +0000"
    },
    "done": true
  },
  "create:recipes/building_blocks/crafting/kinetics/lime_seat": {
    "criteria": {
      "has_wool": "2024-08-20 03:04:08 +0000"
    },
    "done": true
  },
  "create:recipes/building_blocks/crafting/kinetics/yellow_seat": {
    "criteria": {
      "has_wool": "2024-08-20 03:04:08 +0000"
    },
    "done": true
  },
  "apollyon:it_has_begun": {
    "criteria": {
      "it_has_begun": "2024-08-20 03:04:54 +0000"
    },
    "done": true
  },
  "farmersdelight:recipes/food/roasted_mutton_chops": {
    "criteria": {
      "has_mutton": "2024-08-20 04:17:58 +0000"
    },
    "done": true
  },
  "farmersdelight:recipes/food/shepherds_pie_block": {
    "criteria": {
      "has_cooked_mutton": "2024-08-20 04:17:58 +0000"
    },
    "done": true
  },
  "farmersdelight:recipes/food/mutton_wrap": {
    "criteria": {
      "has_mutton": "2024-08-20 04:17:58 +0000"
    },
    "done": true
  },
  "minecraft:adventure/sleep_in_bed": {
    "criteria": {
      "slept_in_bed": "2024-08-20 04:18:32 +0000"
    },
    "done": true
  },
  "create:recipes/building_blocks/cut_tuff_from_stone_types_tuff_stonecutting": {
    "criteria": {
      "has_stone_types_tuff": "2024-08-21 00:30:52 +0000"
    },
    "done": true
  },
  "farmersdelight:recipes/food/grilled_salmon": {
    "criteria": {
      "has_salmon": "2024-08-21 00:54:01 +0000"
    },
    "done": true
  },
  "minecraft:recipes/misc/eye_armor_trim_smithing_template_smithing_trim": {
    "criteria": {
      "has_smithing_trim_template": "2024-08-21 00:58:35 +0000"
    },
    "done": true
  },
  "create:recipes/building_blocks/polished_cut_tuff_from_stone_types_tuff_stonecutting": {
    "criteria": {
      "has_stone_types_tuff": "2024-08-21 00:30:52 +0000"
    },
    "done": true
  },
  "minecraft:recipes/misc/white_dye": {
    "criteria": {
      "has_bone_meal": "2024-08-21 00:54:01 +0000"
    },
    "done": true
  },
  "minecraft:recipes/redstone/redstone_torch": {
    "criteria": {
      "has_redstone": "2024-08-21 00:31:16 +0000"
    },
    "done": true
  },
  "create:recipes/misc/crafting/logistics/pulse_extender": {
    "criteria": {
      "has_item": "2024-08-21 00:31:16 +0000"
    },
    "done": true
  },
  "minecraft:recipes/decorations/snow": {
    "criteria": {
      "has_snowball": "2024-08-21 01:14:04 +0000"
    },
    "done": true
  },
  "create:recipes/building_blocks/polished_cut_tuff_slab_from_stone_types_tuff_stonecutting": {
    "criteria": {
      "has_stone_types_tuff": "2024-08-21 00:30:52 +0000"
    },
    "done": true
  },
  "create:recipes/building_blocks/polished_cut_tuff_stairs_from_stone_types_tuff_stonecutting": {
    "criteria": {
      "has_stone_types_tuff": "2024-08-21 00:30:52 +0000"
    },
    "done": true
  },
  "create:recipes/misc/crafting/logistics/pulse_repeater": {
    "criteria": {
      "has_item": "2024-08-21 00:31:16 +0000"
    },
    "done": true
  },
  "create:recipes/building_blocks/cut_tuff_stairs_from_stone_types_tuff_stonecutting": {
    "criteria": {
      "has_stone_types_tuff": "2024-08-21 00:30:52 +0000"
    },
    "done": true
  },
  "create:recipes/building_blocks/tuff_from_stone_types_tuff_stonecutting": {
    "criteria": {
      "has_stone_types_tuff": "2024-08-21 00:30:52 +0000"
    },
    "done": true
  },
  "minecraft:recipes/redstone/target": {
    "criteria": {
      "has_redstone": "2024-08-21 00:31:16 +0000"
    },
    "done": true
  },
  "minecraft:recipes/decorations/spruce_fence": {
    "criteria": {
      "has_planks": "2024-08-21 01:00:35 +0000"
    },
    "done": true
  },
  "create:recipes/building_blocks/spruce_window": {
    "criteria": {
      "has_ingredient": "2024-08-21 01:00:35 +0000"
    },
    "done": true
  },
  "minecraft:recipes/tools/compass": {
    "criteria": {
      "has_redstone": "2024-08-21 00:31:16 +0000"
    },
    "done": true
  },
  "create:recipes/building_blocks/small_tuff_brick_slab_from_stone_types_tuff_stonecutting": {
    "criteria": {
      "has_stone_types_tuff": "2024-08-21 00:30:52 +0000"
    },
    "done": true
  },
  "minecraft:recipes/redstone/spruce_button": {
    "criteria": {
      "has_planks": "2024-08-21 01:00:35 +0000"
    },
    "done": true
  },
  "create:recipes/misc/crafting/appliances/tree_fertilizer": {
    "criteria": {
      "has_item": "2024-08-21 00:54:01 +0000"
    },
    "done": true
  },
  "create:recipes/building_blocks/polished_cut_tuff_wall_from_stone_types_tuff_stonecutting": {
    "criteria": {
      "has_stone_types_tuff": "2024-08-21 00:30:52 +0000"
    },
    "done": true
  },
  "minecraft:recipes/redstone/spruce_pressure_plate": {
    "criteria": {
      "has_planks": "2024-08-21 01:00:35 +0000"
    },
    "done": true
  },
  "minecraft:recipes/food/cooked_salmon_from_campfire_cooking": {
    "criteria": {
      "has_salmon": "2024-08-21 00:54:01 +0000"
    },
    "done": true
  },
  "create:recipes/building_blocks/cut_tuff_brick_slab_from_stone_types_tuff_stonecutting": {
    "criteria": {
      "has_stone_types_tuff": "2024-08-21 00:30:52 +0000"
    },
    "done": true
  },
  "minecraft:recipes/redstone/redstone_block": {
    "criteria": {
      "has_redstone": "2024-08-21 00:31:16 +0000"
    },
    "done": true
  },
  "minecraft:recipes/building_blocks/bone_block": {
    "criteria": {
      "has_bone_meal": "2024-08-21 00:54:01 +0000"
    },
    "done": true
  },
  "farmersdelight:recipes/cooking/dog_food": {
    "criteria": {
      "has_any_ingredient": "2024-08-21 00:54:01 +0000"
    },
    "done": true
  },
  "create:recipes/building_blocks/small_tuff_brick_stairs_from_stone_types_tuff_stonecutting": {
    "criteria": {
      "has_stone_types_tuff": "2024-08-21 00:30:52 +0000"
    },
    "done": true
  },
  "farmersdelight:recipes/cooking/fish_stew": {
    "criteria": {
      "has_any_ingredient": "2024-08-21 00:54:01 +0000"
    },
    "done": true
  },
  "create:recipes/building_blocks/small_tuff_bricks_from_stone_types_tuff_stonecutting": {
    "criteria": {
      "has_stone_types_tuff": "2024-08-21 00:30:52 +0000"
    },
    "done": true
  },
  "minecraft:recipes/tools/clock": {
    "criteria": {
      "has_redstone": "2024-08-21 00:31:16 +0000"
    },
    "done": true
  },
  "minecraft:recipes/decorations/spruce_sign": {
    "criteria": {
      "has_planks": "2024-08-21 01:00:35 +0000"
    },
    "done": true
  },
  "minecraft:recipes/food/cooked_salmon": {
    "criteria": {
      "has_salmon": "2024-08-21 00:54:01 +0000"
    },
    "done": true
  },
  "minecraft:recipes/decorations/composter": {
    "criteria": {
      "has_wood_slab": "2024-08-21 01:00:42 +0000"
    },
    "done": true
  },
  "create:recipes/building_blocks/layered_tuff_from_stone_types_tuff_stonecutting": {
    "criteria": {
      "has_stone_types_tuff": "2024-08-21 00:30:52 +0000"
    },
    "done": true
  },
  "create:recipes/building_blocks/cut_tuff_brick_stairs_from_stone_types_tuff_stonecutting": {
    "criteria": {
      "has_stone_types_tuff": "2024-08-21 00:30:52 +0000"
    },
    "done": true
  },
  "create:recipes/building_blocks/tuff_pillar_from_stone_types_tuff_stonecutting": {
    "criteria": {
      "has_stone_types_tuff": "2024-08-21 00:30:52 +0000"
    },
    "done": true
  },
  "create:recipes/misc/crafting/logistics/powered_latch": {
    "criteria": {
      "has_item": "2024-08-21 00:31:16 +0000"
    },
    "done": true
  },
  "minecraft:recipes/redstone/note_block": {
    "criteria": {
      "has_redstone": "2024-08-21 00:31:16 +0000"
    },
    "done": true
  },
  "create:recipes/building_blocks/cut_tuff_brick_wall_from_stone_types_tuff_stonecutting": {
    "criteria": {
      "has_stone_types_tuff": "2024-08-21 00:30:52 +0000"
    },
    "done": true
  },
  "minecraft:recipes/building_blocks/spruce_slab": {
    "criteria": {
      "has_planks": "2024-08-21 01:00:35 +0000"
    },
    "done": true
  },
  "minecraft:recipes/food/cooked_salmon_from_smoking": {
    "criteria": {
      "has_salmon": "2024-08-21 00:54:01 +0000"
    },
    "done": true
  },
  "minecraft:recipes/misc/eye_armor_trim_smithing_template": {
    "criteria": {
      "has_eye_armor_trim_smithing_template": "2024-08-21 00:58:35 +0000"
    },
    "done": true
  },
  "create:recipes/misc/crafting/logistics/powered_toggle_latch": {
    "criteria": {
      "has_item": "2024-08-21 00:31:16 +0000"
    },
    "done": true
  },
  "minecraft:recipes/redstone/dropper": {
    "criteria": {
      "has_redstone": "2024-08-21 00:31:16 +0000"
    },
    "done": true
  },
  "create:recipes/building_blocks/cut_tuff_slab_from_stone_types_tuff_stonecutting": {
    "criteria": {
      "has_stone_types_tuff": "2024-08-21 00:30:52 +0000"
    },
    "done": true
  },
  "minecraft:recipes/redstone/spruce_trapdoor": {
    "criteria": {
      "has_planks": "2024-08-21 01:00:35 +0000"
    },
    "done": true
  },
  "minecraft:recipes/redstone/spruce_door": {
    "criteria": {
      "has_planks": "2024-08-21 01:00:35 +0000"
    },
    "done": true
  },
  "minecraft:recipes/redstone/spruce_fence_gate": {
    "criteria": {
      "has_planks": "2024-08-21 01:00:35 +0000"
    },
    "done": true
  },
  "create:recipes/building_blocks/small_tuff_brick_wall_from_stone_types_tuff_stonecutting": {
    "criteria": {
      "has_stone_types_tuff": "2024-08-21 00:30:52 +0000"
    },
    "done": true
  },
  "create:recipes/building_blocks/cut_tuff_bricks_from_stone_types_tuff_stonecutting": {
    "criteria": {
      "has_stone_types_tuff": "2024-08-21 00:30:52 +0000"
    },
    "done": true
  },
  "create:recipes/misc/crafting/materials/rose_quartz": {
    "criteria": {
      "has_item": "2024-08-21 00:31:16 +0000"
    },
    "done": true
  },
  "minecraft:recipes/building_blocks/spruce_stairs": {
    "criteria": {
      "has_planks": "2024-08-21 01:00:35 +0000"
    },
    "done": true
  },
  "create:recipes/building_blocks/cut_tuff_wall_from_stone_types_tuff_stonecutting": {
    "criteria": {
      "has_stone_types_tuff": "2024-08-21 00:30:52 +0000"
    },
    "done": true
  },
  "minecraft:recipes/building_blocks/snow_block": {
    "criteria": {
      "has_snowball": "2024-08-21 01:14:04 +0000"
    },
    "done": true
  },
  "minecraft:recipes/redstone/piston": {
    "criteria": {
      "has_redstone": "2024-08-21 00:31:16 +0000"
    },
    "done": true
  },
  "DataVersion": 3465
}