{
  "incendium:withered_forest/kill_spirit": {
    "criteria": {
      "requirement": "2024-08-09 22:47:41 +0000"
    },
    "done": true
  },
  "minecraft:recipes/building_blocks/polished_deepslate": {
    "criteria": {
      "has_cobbled_deepslate": "2024-08-09 20:39:49 +0000"
    },
    "done": true
  },
  "minecraft:recipes/combat/leather_helmet": {
    "criteria": {
      "has_leather": "2024-08-09 21:18:55 +0000"
    },
    "done": true
  },
  "minecraft:recipes/decorations/blast_furnace": {
    "criteria": {
      "has_smooth_stone": "2024-08-09 20:51:51 +0000"
    },
    "done": true
  },
  "minecraft:recipes/decorations/ladder": {
    "criteria": {
      "has_stick": "2024-08-09 20:29:00 +0000"
    },
    "done": true
  },
  "createdeco:recipes/decorations/light_blue_shipping_container": {
    "criteria": {
      "has_item": "2024-08-09 22:11:15 +0000"
    },
    "done": true
  },
  "create:recipes/building_blocks/cut_tuff_from_stone_types_tuff_stonecutting": {
    "criteria": {
      "has_stone_types_tuff": "2024-08-09 20:48:39 +0000"
    },
    "done": true
  },
  "createdeco:recipes/decorations/zinc_bars_from_stonecutting": {
    "criteria": {
      "has_item": "2024-08-09 22:59:26 +0000"
    },
    "done": true
  },
  "minecraft:recipes/building_blocks/deepslate_tile_stairs_from_cobbled_deepslate_stonecutting": {
    "criteria": {
      "has_cobbled_deepslate": "2024-08-09 20:39:49 +0000"
    },
    "done": true
  },
  "createdeco:recipes/decorations/iron_catwalk_stairs_from_stonecutting": {
    "criteria": {
      "has_item": "2024-08-09 20:47:06 +0000"
    },
    "done": true
  },
  "morevillagers:root": {
    "criteria": {
      "always": "2024-08-09 20:25:57 +0000"
    },
    "done": true
  },
  "create:recipes/building_blocks/small_calcite_brick_wall_from_stone_types_calcite_stonecutting": {
    "criteria": {
      "has_stone_types_calcite": "2024-08-09 21:08:25 +0000"
    },
    "done": true
  },
  "copycats:recipes/misc/stonecutting/copycat_stairs": {
    "criteria": {
      "has_item": "2024-08-09 22:59:26 +0000"
    },
    "done": true
  },
  "incendium:technical/sentrys_wrath": {
    "criteria": {
      "log_spam_fixer": "2024-08-09 23:02:39 +0000"
    },
    "done": false
  },
  "minecraft:recipes/food/cooked_chicken_from_campfire_cooking": {
    "criteria": {
      "has_chicken": "2024-08-09 21:19:17 +0000"
    },
    "done": true
  },
  "minecraft:recipes/food/cooked_mutton_from_smoking": {
    "criteria": {
      "has_mutton": "2024-08-09 20:59:20 +0000"
    },
    "done": true
  },
  "paraglider:root": {
    "criteria": {
      "crafting_table": "2024-08-09 20:28:52 +0000"
    },
    "done": true
  },
  "create:recipes/misc/crafting/kinetics/rose_quartz_lamp": {
    "criteria": {
      "has_item": "2024-08-09 22:59:26 +0000"
    },
    "done": true
  },
  "create:recipes/misc/crafting/kinetics/steam_whistle": {
    "criteria": {
      "has_item": "2024-08-09 22:58:59 +0000"
    },
    "done": true
  },
  "minecraft:story/deflect_arrow": {
    "criteria": {
      "deflected_projectile": "2024-08-09 22:43:24 +0000"
    },
    "done": true
  },
  "copycats:recipes/misc/stonecutting/copycat_beam": {
    "criteria": {
      "has_item": "2024-08-09 22:59:26 +0000"
    },
    "done": true
  },
  "minecraft:recipes/tools/golden_axe": {
    "criteria": {
      "has_gold_ingot": "2024-08-09 22:11:17 +0000"
    },
    "done": true
  },
  "morevillagers:recipes/hunting_post": {
    "criteria": {
      "has_arrow": "2024-08-09 22:50:41 +0000"
    },
    "done": true
  },
  "supplementaries:recipes/crank": {
    "criteria": {
      "forge:rods/wooden": "2024-08-09 20:29:00 +0000"
    },
    "done": true
  },
  "minecraft:recipes/decorations/oak_sign": {
    "criteria": {
      "has_planks": "2024-08-09 20:28:49 +0000"
    },
    "done": true
  },
  "minecraft:recipes/building_blocks/red_concrete_powder": {
    "criteria": {
      "has_gravel": "2024-08-09 21:07:48 +0000"
    },
    "done": true
  },
  "createdeco:recipes/decorations/zinc_catwalk_railing_from_stonecutting": {
    "criteria": {
      "has_item": "2024-08-09 22:59:26 +0000"
    },
    "done": true
  },
  "minecraft:recipes/tools/golden_pickaxe": {
    "criteria": {
      "has_gold_ingot": "2024-08-09 22:11:17 +0000"
    },
    "done": true
  },
  "create:recipes/misc/crafting/appliances/copper_backtank": {
    "criteria": {
      "has_item": "2024-08-09 22:58:59 +0000"
    },
    "done": true
  },
  "supplementaries:recipes/spring_launcher": {
    "criteria": {
      "has_iron_ingot": "2024-08-09 20:47:06 +0000"
    },
    "done": true
  },
  "minecraft:nether/explore_nether": {
    "criteria": {
      "minecraft:nether_wastes": "2024-08-09 22:53:54 +0000",
      "minecraft:basalt_deltas": "2024-08-09 22:47:08 +0000"
    },
    "done": false
  },
  "create:recipes/building_blocks/cut_dripstone_slab_from_stone_types_dripstone_stonecutting": {
    "criteria": {
      "has_stone_types_dripstone": "2024-08-09 20:47:36 +0000"
    },
    "done": true
  },
  "incendium:root": {
    "criteria": {
      "requirement": "2024-08-09 22:41:44 +0000"
    },
    "done": true
  },
  "minecraft:recipes/building_blocks/raw_iron_block": {
    "criteria": {
      "has_raw_iron": "2024-08-09 20:29:43 +0000"
    },
    "done": true
  },
  "create:recipes/building_blocks/polished_cut_tuff_from_stone_types_tuff_stonecutting": {
    "criteria": {
      "has_stone_types_tuff": "2024-08-09 20:48:39 +0000"
    },
    "done": true
  },
  "minecraft:recipes/combat/diamond_sword": {
    "criteria": {
      "has_diamond": "2024-08-09 20:47:31 +0000"
    },
    "done": true
  },
  "supplementaries:recipes/candle_holders/candle_holder_blue": {
    "criteria": {
      "has_iron_ingot": "2024-08-09 20:47:06 +0000"
    },
    "done": true
  },
  "minecraft:recipes/decorations/jukebox": {
    "criteria": {
      "has_diamond": "2024-08-09 20:47:31 +0000"
    },
    "done": true
  },
  "supplementaries:recipes/flags/flag_orange": {
    "criteria": {
      "has_stick": "2024-08-09 20:29:00 +0000"
    },
    "done": true
  },
  "minecraft:recipes/misc/gold_nugget": {
    "criteria": {
      "has_gold_ingot": "2024-08-09 22:11:17 +0000"
    },
    "done": true
  },
  "tombstone:adventure/find_grave_dust": {
    "criteria": {
      "from_undead": "2024-08-09 22:50:40 +0000"
    },
    "done": true
  },
  "tombstone:recipes/from_grave_key": {
    "criteria": {
      "has_ingredient": "2024-08-09 21:20:07 +0000"
    },
    "done": true
  },
  "supplementaries:recipes/flags/flag_magenta": {
    "criteria": {
      "has_stick": "2024-08-09 20:29:00 +0000"
    },
    "done": true
  },
  "minecraft:recipes/combat/iron_helmet": {
    "criteria": {
      "has_iron_ingot": "2024-08-09 20:47:06 +0000"
    },
    "done": true
  },
  "minecraft:recipes/tools/golden_shovel": {
    "criteria": {
      "has_gold_ingot": "2024-08-09 22:11:17 +0000"
    },
    "done": true
  },
  "minecraft:recipes/combat/diamond_chestplate": {
    "criteria": {
      "has_diamond": "2024-08-09 20:47:31 +0000"
    },
    "done": true
  },
  "create:recipes/building_blocks/polished_cut_calcite_stairs_from_stone_types_calcite_stonecutting": {
    "criteria": {
      "has_stone_types_calcite": "2024-08-09 21:08:25 +0000"
    },
    "done": true
  },
  "minecraft:story/mine_stone": {
    "criteria": {
      "get_stone": "2024-08-09 20:29:15 +0000"
    },
    "done": true
  },
  "minecraft:recipes/decorations/furnace": {
    "criteria": {
      "has_cobblestone": "2024-08-09 20:29:15 +0000"
    },
    "done": true
  },
  "createdeco:recipes/decorations/copper_bars": {
    "criteria": {
      "has_item": "2024-08-09 22:58:59 +0000"
    },
    "done": true
  },
  "minecraft:recipes/redstone/redstone_torch": {
    "criteria": {
      "has_redstone": "2024-08-09 22:44:23 +0000"
    },
    "done": true
  },
  "minecraft:recipes/food/golden_apple": {
    "criteria": {
      "has_gold_ingot": "2024-08-09 22:11:17 +0000"
    },
    "done": true
  },
  "minecraft:recipes/building_blocks/green_concrete_powder": {
    "criteria": {
      "has_gravel": "2024-08-09 21:07:48 +0000"
    },
    "done": true
  },
  "supplementaries:recipes/candle_holders/candle_holder_lime": {
    "criteria": {
      "has_iron_ingot": "2024-08-09 20:47:06 +0000"
    },
    "done": true
  },
  "supplementaries:recipes/soap": {
    "criteria": {
      "has_water_bucket": "2024-08-09 20:56:37 +0000"
    },
    "done": true
  },
  "create:recipes/misc/crafting/kinetics/super_glue": {
    "criteria": {
      "has_item": "2024-08-09 22:11:15 +0000"
    },
    "done": true
  },
  "create:recipes/misc/crafting/logistics/pulse_extender": {
    "criteria": {
      "has_item": "2024-08-09 22:44:23 +0000"
    },
    "done": true
  },
  "create:root": {
    "criteria": {
      "0": "2024-08-09 20:28:07 +0000"
    },
    "done": true
  },
  "supplementaries:recipes/lock_block": {
    "criteria": {
      "minecraft:planks": "2024-08-09 20:28:49 +0000"
    },
    "done": true
  },
  "createdeco:recipes/decorations/iron_catwalk_forge": {
    "criteria": {
      "has_item": "2024-08-09 22:11:15 +0000"
    },
    "done": true
  },
  "create:recipes/building_blocks/cut_dripstone_brick_wall_from_stone_types_dripstone_stonecutting": {
    "criteria": {
      "has_stone_types_dripstone": "2024-08-09 20:47:36 +0000"
    },
    "done": true
  },
  "minecraft:recipes/combat/golden_boots": {
    "criteria": {
      "has_gold_ingot": "2024-08-09 22:11:17 +0000"
    },
    "done": true
  },
  "minecraft:recipes/tools/wooden_axe": {
    "criteria": {
      "has_stick": "2024-08-09 20:29:00 +0000"
    },
    "done": true
  },
  "create:recipes/building_blocks/polished_cut_tuff_slab_from_stone_types_tuff_stonecutting": {
    "criteria": {
      "has_stone_types_tuff": "2024-08-09 20:48:39 +0000"
    },
    "done": true
  },
  "create:copper": {
    "criteria": {
      "0": "2024-08-09 22:58:59 +0000"
    },
    "done": true
  },
  "ad_astra:recipes/misc/encased_iron_block": {
    "criteria": {
      "has_encased_iron_block": "2024-08-09 22:11:15 +0000"
    },
    "done": true
  },
  "createdeco:recipes/decorations/decal_down_right": {
    "criteria": {
      "has_item": "2024-08-09 22:11:15 +0000"
    },
    "done": true
  },
  "minecraft:recipes/building_blocks/blue_concrete_powder": {
    "criteria": {
      "has_gravel": "2024-08-09 21:07:48 +0000"
    },
    "done": true
  },
  "minecraft:recipes/combat/leather_chestplate": {
    "criteria": {
      "has_leather": "2024-08-09 21:18:55 +0000"
    },
    "done": true
  },
  "create:recipes/misc/crafting/appliances/crafting_blueprint": {
    "criteria": {
      "has_item": "2024-08-09 20:28:52 +0000"
    },
    "done": true
  },
  "ad_astra:recipes/misc/wrench": {
    "criteria": {
      "has_wrench": "2024-08-09 22:11:15 +0000"
    },
    "done": true
  },
  "createdeco:recipes/decorations/decal_up": {
    "criteria": {
      "has_item": "2024-08-09 22:11:15 +0000"
    },
    "done": true
  },
  "incendium:technical/on_player_hurt": {
    "criteria": {
      "log_spam_fixer": "2024-08-09 23:02:39 +0000"
    },
    "done": false
  },
  "supplementaries:recipes/candle_holders/candle_holder_light_blue": {
    "criteria": {
      "has_iron_ingot": "2024-08-09 20:47:06 +0000"
    },
    "done": true
  },
  "createdeco:recipes/decorations/zinc_mesh_fence_from_stonecutting": {
    "criteria": {
      "has_item": "2024-08-09 22:59:26 +0000"
    },
    "done": true
  },
  "morevillagers:recipes/mining_bench": {
    "criteria": {
      "has_iron_pickaxe": "2024-08-09 20:47:28 +0000"
    },
    "done": true
  },
  "create:recipes/building_blocks/small_dripstone_brick_stairs_from_stone_types_dripstone_stonecutting": {
    "criteria": {
      "has_stone_types_dripstone": "2024-08-09 20:47:36 +0000"
    },
    "done": true
  },
  "createdeco:recipes/decorations/green_shipping_container": {
    "criteria": {
      "has_item": "2024-08-09 22:11:15 +0000"
    },
    "done": true
  },
  "morevillagers:first_village": {
    "criteria": {
      "plains": "2024-08-09 21:22:47 +0000"
    },
    "done": true
  },
  "supplementaries:recipes/candle_holders/candle_holder_gray": {
    "criteria": {
      "has_iron_ingot": "2024-08-09 20:47:06 +0000"
    },
    "done": true
  },
  "minecraft:recipes/decorations/crafting_table": {
    "criteria": {
      "unlock_right_away": "2024-08-09 20:25:57 +0000"
    },
    "done": true
  },
  "minecraft:recipes/decorations/chest": {
    "criteria": {
      "has_lots_of_items": "2024-08-09 20:37:35 +0000"
    },
    "done": true
  },
  "minecraft:story/shiny_gear": {
    "criteria": {
      "diamond_chestplate": "2024-08-09 21:41:37 +0000"
    },
    "done": true
  },
  "minecraft:recipes/building_blocks/cobbled_deepslate_slab": {
    "criteria": {
      "has_cobbled_deepslate": "2024-08-09 20:39:49 +0000"
    },
    "done": true
  },
  "minecraft:recipes/tools/shears": {
    "criteria": {
      "has_iron_ingot": "2024-08-09 20:47:06 +0000"
    },
    "done": true
  },
  "minecraft:recipes/misc/stick": {
    "criteria": {
      "has_planks": "2024-08-09 20:28:49 +0000"
    },
    "done": true
  },
  "supplementaries:recipes/cage": {
    "criteria": {
      "has_iron_ingot": "2024-08-09 20:47:06 +0000"
    },
    "done": true
  },
  "create:recipes/misc/crafting/kinetics/steam_engine": {
    "criteria": {
      "has_item": "2024-08-09 22:58:59 +0000"
    },
    "done": true
  },
  "create:recipes/building_blocks/cut_dripstone_bricks_from_stone_types_dripstone_stonecutting": {
    "criteria": {
      "has_stone_types_dripstone": "2024-08-09 20:47:36 +0000"
    },
    "done": true
  },
  "minecraft:recipes/tools/spyglass": {
    "criteria": {
      "has_amethyst_shard": "2024-08-09 21:08:58 +0000"
    },
    "done": true
  },
  "copycats:recipes/misc/stonecutting/copycat_vertical_step": {
    "criteria": {
      "has_item": "2024-08-09 22:59:26 +0000"
    },
    "done": true
  },
  "minecraft:adventure/sleep_in_bed": {
    "criteria": {
      "slept_in_bed": "2024-08-09 21:51:29 +0000"
    },
    "done": true
  },
  "minecraft:recipes/building_blocks/cobblestone_slab_from_cobblestone_stonecutting": {
    "criteria": {
      "has_cobblestone": "2024-08-09 20:29:15 +0000"
    },
    "done": true
  },
  "minecraft:recipes/transportation/cherry_boat": {
    "criteria": {
      "in_water": "2024-08-09 20:38:32 +0000"
    },
    "done": true
  },
  "createdeco:recipes/decorations/red_shipping_container": {
    "criteria": {
      "has_item": "2024-08-09 22:11:15 +0000"
    },
    "done": true
  },
  "minecraft:recipes/tools/diamond_pickaxe": {
    "criteria": {
      "has_diamond": "2024-08-09 20:47:31 +0000"
    },
    "done": true
  },
  "minecraft:recipes/redstone/lightning_rod": {
    "criteria": {
      "has_copper_ingot": "2024-08-09 22:58:59 +0000"
    },
    "done": true
  },
  "minecraft:adventure/kill_all_mobs": {
    "criteria": {
      "minecraft:blaze": "2024-08-09 22:43:30 +0000",
      "minecraft:skeleton": "2024-08-09 22:50:40 +0000",
      "minecraft:spider": "2024-08-09 22:33:57 +0000",
      "minecraft:wither_skeleton": "2024-08-09 22:51:04 +0000",
      "minecraft:vex": "2024-08-09 22:47:41 +0000"
    },
    "done": false
  },
  "create:recipes/misc/crafting/kinetics/gearbox": {
    "criteria": {
      "has_item": "2024-08-09 22:21:08 +0000"
    },
    "done": true
  },
  "createdeco:recipes/decorations/iron_catwalk_from_stonecutting": {
    "criteria": {
      "has_item": "2024-08-09 20:47:06 +0000"
    },
    "done": true
  },
  "create:recipes/building_blocks/polished_cut_tuff_stairs_from_stone_types_tuff_stonecutting": {
    "criteria": {
      "has_stone_types_tuff": "2024-08-09 20:48:39 +0000"
    },
    "done": true
  },
  "minecraft:recipes/combat/golden_chestplate": {
    "criteria": {
      "has_gold_ingot": "2024-08-09 22:11:17 +0000"
    },
    "done": true
  },
  "create:recipes/misc/crafting/logistics/pulse_repeater": {
    "criteria": {
      "has_item": "2024-08-09 22:44:23 +0000"
    },
    "done": true
  },
  "minecraft:recipes/building_blocks/iron_block": {
    "criteria": {
      "has_iron_ingot": "2024-08-09 20:47:06 +0000"
    },
    "done": true
  },
  "supplementaries:recipes/cog_block": {
    "criteria": {
      "has_copper_ingot": "2024-08-09 22:58:59 +0000"
    },
    "done": true
  },
  "createdeco:recipes/decorations/yellow_iron_lamp": {
    "criteria": {
      "has_item": "2024-08-09 22:11:15 +0000"
    },
    "done": true
  },
  "create:recipes/misc/smelting/zinc_ingot_from_raw_ore": {
    "criteria": {
      "has_item": "2024-08-09 22:58:34 +0000"
    },
    "done": true
  },
  "createdeco:recipes/decorations/decal_warning": {
    "criteria": {
      "has_item": "2024-08-09 22:11:15 +0000"
    },
    "done": true
  },
  "copycats:recipes/misc/stonecutting/copycat_heavy_weighted_pressure_plate": {
    "criteria": {
      "has_item": "2024-08-09 22:59:26 +0000"
    },
    "done": true
  },
  "minecraft:recipes/building_blocks/stone": {
    "criteria": {
      "has_cobblestone": "2024-08-09 20:29:15 +0000"
    },
    "done": true
  },
  "copycats:recipes/misc/stonecutting/copycat_vertical_slope": {
    "criteria": {
      "has_item": "2024-08-09 22:59:26 +0000"
    },
    "done": true
  },
  "createdeco:recipes/decorations/iron_mesh_fence_from_stonecutting": {
    "criteria": {
      "has_item": "2024-08-09 20:47:06 +0000"
    },
    "done": true
  },
  "minecraft:recipes/transportation/bamboo_raft": {
    "criteria": {
      "in_water": "2024-08-09 20:38:32 +0000"
    },
    "done": true
  },
  "supplementaries:recipes/bomb": {
    "criteria": {
      "has_iron_ingot": "2024-08-09 20:47:06 +0000"
    },
    "done": true
  },
  "createdeco:recipes/decorations/iron_ladder_from_stonecutting": {
    "criteria": {
      "has_item": "2024-08-09 20:47:06 +0000"
    },
    "done": true
  },
  "supplementaries:recipes/candle_holders/candle_holder_light_gray": {
    "criteria": {
      "has_iron_ingot": "2024-08-09 20:47:06 +0000"
    },
    "done": true
  },
  "createdeco:recipes/decorations/gray_shipping_container": {
    "criteria": {
      "has_item": "2024-08-09 22:11:15 +0000"
    },
    "done": true
  },
  "minecraft:recipes/decorations/soul_torch": {
    "criteria": {
      "has_soul_sand": "2024-08-09 22:51:26 +0000"
    },
    "done": true
  },
  "create:recipes/misc/crafting/materials/andesite_alloy": {
    "criteria": {
      "has_item": "2024-08-09 20:47:06 +0000"
    },
    "done": true
  },
  "create:recipes/building_blocks/cut_tuff_stairs_from_stone_types_tuff_stonecutting": {
    "criteria": {
      "has_stone_types_tuff": "2024-08-09 20:48:39 +0000"
    },
    "done": true
  },
  "create:recipes/building_blocks/tuff_from_stone_types_tuff_stonecutting": {
    "criteria": {
      "has_stone_types_tuff": "2024-08-09 20:48:39 +0000"
    },
    "done": true
  },
  "minecraft:recipes/building_blocks/diorite": {
    "criteria": {
      "has_quartz": "2024-08-09 22:44:33 +0000"
    },
    "done": true
  },
  "create:recipes/building_blocks/small_calcite_brick_stairs_from_stone_types_calcite_stonecutting": {
    "criteria": {
      "has_stone_types_calcite": "2024-08-09 21:08:25 +0000"
    },
    "done": true
  },
  "create:recipes/building_blocks/cut_calcite_bricks_from_stone_types_calcite_stonecutting": {
    "criteria": {
      "has_stone_types_calcite": "2024-08-09 21:08:25 +0000"
    },
    "done": true
  },
  "create:recipes/building_blocks/copper_tiles_from_ingots_copper_stonecutting": {
    "criteria": {
      "has_ingots_copper": "2024-08-09 22:58:59 +0000"
    },
    "done": true
  },
  "minecraft:recipes/misc/leather_horse_armor": {
    "criteria": {
      "has_leather": "2024-08-09 21:18:55 +0000"
    },
    "done": true
  },
  "minecraft:recipes/building_blocks/granite": {
    "criteria": {
      "has_quartz": "2024-08-09 22:44:33 +0000"
    },
    "done": true
  },
  "minecraft:recipes/redstone/target": {
    "criteria": {
      "has_redstone": "2024-08-09 22:44:23 +0000"
    },
    "done": true
  },
  "createdeco:recipes/decorations/decal_electrical": {
    "criteria": {
      "has_item": "2024-08-09 22:11:15 +0000"
    },
    "done": true
  },
  "supplementaries:recipes/ash_brick": {
    "criteria": {
      "forge:ash": "2024-08-09 22:33:28 +0000"
    },
    "done": true
  },
  "create:recipes/misc/crafting/appliances/copper_diving_helmet": {
    "criteria": {
      "has_item": "2024-08-09 22:58:59 +0000"
    },
    "done": true
  },
  "minecraft:recipes/tools/diamond_hoe": {
    "criteria": {
      "has_diamond": "2024-08-09 20:47:31 +0000"
    },
    "done": true
  },
  "minecraft:recipes/tools/diamond_shovel": {
    "criteria": {
      "has_diamond": "2024-08-09 20:47:31 +0000"
    },
    "done": true
  },
  "tombstone:adventure/first_knowledge": {
    "criteria": {
      "coded_trigger": "2024-08-09 22:50:40 +0000"
    },
    "done": true
  },
  "supplementaries:recipes/wrench": {
    "criteria": {
      "has_copper_ingot": "2024-08-09 22:58:59 +0000"
    },
    "done": true
  },
  "copycats:recipes/misc/stonecutting/copycat_layer": {
    "criteria": {
      "has_item": "2024-08-09 22:59:26 +0000"
    },
    "done": true
  },
  "minecraft:recipes/redstone/light_weighted_pressure_plate": {
    "criteria": {
      "has_gold_ingot": "2024-08-09 22:11:17 +0000"
    },
    "done": true
  },
  "minecraft:recipes/building_blocks/polished_deepslate_stairs_from_cobbled_deepslate_stonecutting": {
    "criteria": {
      "has_cobbled_deepslate": "2024-08-09 20:39:49 +0000"
    },
    "done": true
  },
  "copycats:recipes/misc/stonecutting/copycat_slope": {
    "criteria": {
      "has_item": "2024-08-09 22:59:26 +0000"
    },
    "done": true
  },
  "morevillagers:recipes/gardening_table": {
    "criteria": {
      "has_flower": "2024-08-09 21:33:16 +0000"
    },
    "done": true
  },
  "minecraft:recipes/tools/compass": {
    "criteria": {
      "has_redstone": "2024-08-09 22:44:23 +0000"
    },
    "done": true
  },
  "create:recipes/misc/crafting/kinetics/fluid_pipe_vertical": {
    "criteria": {
      "has_item": "2024-08-09 22:58:59 +0000"
    },
    "done": true
  },
  "createdeco:recipes/decorations/decal_down_left": {
    "criteria": {
      "has_item": "2024-08-09 22:11:15 +0000"
    },
    "done": true
  },
  "supplementaries:recipes/daub_cross_brace": {
    "criteria": {
      "forge:rods/wooden": "2024-08-09 20:29:00 +0000"
    },
    "done": true
  },
  "minecraft:recipes/building_blocks/quartz_block": {
    "criteria": {
      "has_quartz": "2024-08-09 22:44:33 +0000"
    },
    "done": true
  },
  "incendium:technical/new_player": {
    "criteria": {
      "requirement": "2024-08-09 20:25:57 +0000"
    },
    "done": true
  },
  "incendium:technical/on_kill": {
    "criteria": {
      "log_spam_fixer": "2024-08-09 23:02:39 +0000"
    },
    "done": false
  },
  "copycats:recipes/misc/stonecutting/copycat_slope_layer": {
    "criteria": {
      "has_item": "2024-08-09 22:59:26 +0000"
    },
    "done": true
  },
  "createdeco:recipes/decorations/zinc_support": {
    "criteria": {
      "has_item": "2024-08-09 22:59:26 +0000"
    },
    "done": true
  },
  "create:recipes/building_blocks/small_tuff_brick_slab_from_stone_types_tuff_stonecutting": {
    "criteria": {
      "has_stone_types_tuff": "2024-08-09 20:48:39 +0000"
    },
    "done": true
  },
  "create:recipes/misc/crafting/kinetics/mechanical_pump": {
    "criteria": {
      "has_item": "2024-08-09 22:58:59 +0000"
    },
    "done": true
  },
  "minecraft:recipes/building_blocks/lime_concrete_powder": {
    "criteria": {
      "has_gravel": "2024-08-09 21:07:48 +0000"
    },
    "done": true
  },
  "supplementaries:recipes/feather_block": {
    "criteria": {
      "has_feather": "2024-08-09 21:19:17 +0000"
    },
    "done": true
  },
  "minecraft:recipes/building_blocks/copper_block": {
    "criteria": {
      "has_copper_ingot": "2024-08-09 22:58:59 +0000"
    },
    "done": true
  },
  "createdeco:recipes/decorations/decal_down": {
    "criteria": {
      "has_item": "2024-08-09 22:11:15 +0000"
    },
    "done": true
  },
  "minecraft:recipes/redstone/hopper": {
    "criteria": {
      "has_iron_ingot": "2024-08-09 20:47:06 +0000"
    },
    "done": true
  },
  "minecraft:recipes/redstone/calibrated_sculk_sensor": {
    "criteria": {
      "has_amethyst_shard": "2024-08-09 21:08:58 +0000"
    },
    "done": true
  },
  "create:recipes/building_blocks/cut_dripstone_stairs_from_stone_types_dripstone_stonecutting": {
    "criteria": {
      "has_stone_types_dripstone": "2024-08-09 20:47:36 +0000"
    },
    "done": true
  },
  "createdeco:recipes/decorations/iron_sheet_metal": {
    "criteria": {
      "has_item": "2024-08-09 22:11:15 +0000"
    },
    "done": true
  },
  "copycats:recipes/misc/stonecutting/copycat_half_panel": {
    "criteria": {
      "has_item": "2024-08-09 22:59:26 +0000"
    },
    "done": true
  },
  "create:recipes/building_blocks/small_dripstone_bricks_from_stone_types_dripstone_stonecutting": {
    "criteria": {
      "has_stone_types_dripstone": "2024-08-09 20:47:36 +0000"
    },
    "done": true
  },
  "minecraft:recipes/building_blocks/tinted_glass": {
    "criteria": {
      "has_amethyst_shard": "2024-08-09 21:08:58 +0000"
    },
    "done": true
  },
  "minecraft:recipes/redstone/comparator": {
    "criteria": {
      "has_quartz": "2024-08-09 22:44:33 +0000"
    },
    "done": true
  },
  "minecraft:recipes/decorations/deepslate_brick_wall_from_cobbled_deepslate_stonecutting": {
    "criteria": {
      "has_cobbled_deepslate": "2024-08-09 20:39:49 +0000"
    },
    "done": true
  },
  "minecraft:story/lava_bucket": {
    "criteria": {
      "lava_bucket": "2024-08-09 22:31:19 +0000"
    },
    "done": true
  },
  "minecraft:recipes/misc/copper_ingot_from_blasting_raw_copper": {
    "criteria": {
      "has_raw_copper": "2024-08-09 20:37:35 +0000"
    },
    "done": true
  },
  "copycats:recipes/misc/stonecutting/copycat_wooden_pressure_plate": {
    "criteria": {
      "has_item": "2024-08-09 22:59:26 +0000"
    },
    "done": true
  },
  "minecraft:recipes/building_blocks/polished_deepslate_from_cobbled_deepslate_stonecutting": {
    "criteria": {
      "has_cobbled_deepslate": "2024-08-09 20:39:49 +0000"
    },
    "done": true
  },
  "sophisticatedbackpacks:recipes/misc/backpack": {
    "criteria": {
      "has_leather": "2024-08-09 21:18:55 +0000"
    },
    "done": true
  },
  "minecraft:recipes/food/cooked_beef_from_smoking": {
    "criteria": {
      "has_beef": "2024-08-09 21:18:47 +0000"
    },
    "done": true
  },
  "create:recipes/building_blocks/cut_dripstone_wall_from_stone_types_dripstone_stonecutting": {
    "criteria": {
      "has_stone_types_dripstone": "2024-08-09 20:47:36 +0000"
    },
    "done": true
  },
  "minecraft:recipes/building_blocks/orange_concrete_powder": {
    "criteria": {
      "has_gravel": "2024-08-09 21:07:48 +0000"
    },
    "done": true
  },
  "minecraft:recipes/building_blocks/oak_slab": {
    "criteria": {
      "has_planks": "2024-08-09 20:28:49 +0000"
    },
    "done": true
  },
  "minecraft:recipes/building_blocks/raw_copper_block": {
    "criteria": {
      "has_raw_copper": "2024-08-09 20:37:35 +0000"
    },
    "done": true
  },
  "createdeco:recipes/building_blocks/iron_window": {
    "criteria": {
      "has_item": "2024-08-09 20:47:06 +0000"
    },
    "done": true
  },
  "minecraft:recipes/tools/brush": {
    "criteria": {
      "has_copper_ingot": "2024-08-09 22:58:59 +0000"
    },
    "done": true
  },
  "supplementaries:recipes/candle_holders/candle_holder_orange": {
    "criteria": {
      "has_iron_ingot": "2024-08-09 20:47:06 +0000"
    },
    "done": true
  },
  "create:recipes/building_blocks/cut_dripstone_from_stone_types_dripstone_stonecutting": {
    "criteria": {
      "has_stone_types_dripstone": "2024-08-09 20:47:36 +0000"
    },
    "done": true
  },
  "ad_astra:recipes/misc/iron_rod": {
    "criteria": {
      "has_iron_rod": "2024-08-09 22:11:15 +0000"
    },
    "done": true
  },
  "create:recipes/building_blocks/polished_cut_tuff_wall_from_stone_types_tuff_stonecutting": {
    "criteria": {
      "has_stone_types_tuff": "2024-08-09 20:48:39 +0000"
    },
    "done": true
  },
  "createdeco:recipes/decorations/white_shipping_container": {
    "criteria": {
      "has_item": "2024-08-09 22:11:15 +0000"
    },
    "done": true
  },
  "create:recipes/misc/crafting/appliances/copper_diving_boots": {
    "criteria": {
      "has_item": "2024-08-09 22:58:59 +0000"
    },
    "done": true
  },
  "createdeco:recipes/decorations/decal_cross": {
    "criteria": {
      "has_item": "2024-08-09 22:11:15 +0000"
    },
    "done": true
  },
  "supplementaries:recipes/candle_holders/candle_holder_purple": {
    "criteria": {
      "has_iron_ingot": "2024-08-09 20:47:06 +0000"
    },
    "done": true
  },
  "minecraft:recipes/combat/iron_boots": {
    "criteria": {
      "has_iron_ingot": "2024-08-09 20:47:06 +0000"
    },
    "done": true
  },
  "supplementaries:recipes/flags/flag_pink": {
    "criteria": {
      "has_stick": "2024-08-09 20:29:00 +0000"
    },
    "done": true
  },
  "copycats:recipes/misc/stonecutting/copycat_block": {
    "criteria": {
      "has_item": "2024-08-09 22:59:26 +0000"
    },
    "done": true
  },
  "morevillagers:recipes/decayed_workbench": {
    "criteria": {
      "has_nether_bricks": "2024-08-09 22:48:28 +0000"
    },
    "done": true
  },
  "minecraft:recipes/tools/stone_pickaxe": {
    "criteria": {
      "has_cobblestone": "2024-08-09 20:29:15 +0000"
    },
    "done": true
  },
  "create:recipes/building_blocks/layered_calcite_from_stone_types_calcite_stonecutting": {
    "criteria": {
      "has_stone_types_calcite": "2024-08-09 21:08:25 +0000"
    },
    "done": true
  },
  "minecraft:recipes/decorations/lantern": {
    "criteria": {
      "has_iron_ingot": "2024-08-09 20:47:06 +0000"
    },
    "done": true
  },
  "createdeco:recipes/decorations/lime_shipping_container": {
    "criteria": {
      "has_item": "2024-08-09 22:11:15 +0000"
    },
    "done": true
  },
  "minecraft:recipes/building_blocks/cobbled_deepslate_slab_from_cobbled_deepslate_stonecutting": {
    "criteria": {
      "has_cobbled_deepslate": "2024-08-09 20:39:49 +0000"
    },
    "done": true
  },
  "minecraft:recipes/building_blocks/magenta_concrete_powder": {
    "criteria": {
      "has_gravel": "2024-08-09 21:07:48 +0000"
    },
    "done": true
  },
  "minecraft:recipes/decorations/campfire": {
    "criteria": {
      "has_stick": "2024-08-09 20:29:00 +0000"
    },
    "done": true
  },
  "copycats:recipes/misc/stonecutting/copycat_vertical_stairs": {
    "criteria": {
      "has_item": "2024-08-09 22:59:26 +0000"
    },
    "done": true
  },
  "supplementaries:recipes/timber_frame": {
    "criteria": {
      "forge:rods/wooden": "2024-08-09 20:29:00 +0000"
    },
    "done": true
  },
  "minecraft:recipes/building_blocks/deepslate_tile_slab_from_cobbled_deepslate_stonecutting": {
    "criteria": {
      "has_cobbled_deepslate": "2024-08-09 20:39:49 +0000"
    },
    "done": true
  },
  "createdeco:recipes/decorations/copper_support": {
    "criteria": {
      "has_item": "2024-08-09 22:58:59 +0000"
    },
    "done": true
  },
  "incendium:misc/root": {
    "criteria": {
      "incendium:infernal_dunes": "2024-08-09 22:41:48 +0000"
    },
    "done": true
  },
  "copycats:recipes/misc/stonecutting/copycat_light_weighted_pressure_plate": {
    "criteria": {
      "has_item": "2024-08-09 22:59:26 +0000"
    },
    "done": true
  },
  "minecraft:recipes/tools/wooden_hoe": {
    "criteria": {
      "has_stick": "2024-08-09 20:29:00 +0000"
    },
    "done": true
  },
  "tombstone:adventure/first_grave": {
    "criteria": {
      "coded_trigger": "2024-08-09 21:20:05 +0000"
    },
    "done": true
  },
  "supplementaries:recipes/redstone_illuminator": {
    "criteria": {
      "has_redstone": "2024-08-09 22:44:23 +0000"
    },
    "done": true
  },
  "minecraft:recipes/food/cooked_chicken_from_smoking": {
    "criteria": {
      "has_chicken": "2024-08-09 21:19:17 +0000"
    },
    "done": true
  },
  "minecraft:recipes/redstone/oak_fence_gate": {
    "criteria": {
      "has_planks": "2024-08-09 20:28:49 +0000"
    },
    "done": true
  },
  "supplementaries:recipes/candle_holders/candle_holder_red": {
    "criteria": {
      "has_iron_ingot": "2024-08-09 20:47:06 +0000"
    },
    "done": true
  },
  "createdeco:recipes/decorations/decal_skull": {
    "criteria": {
      "has_item": "2024-08-09 22:11:15 +0000"
    },
    "done": true
  },
  "minecraft:recipes/misc/charcoal": {
    "criteria": {
      "has_log": "2024-08-09 20:28:07 +0000"
    },
    "done": true
  },
  "minecraft:recipes/tools/iron_shovel": {
    "criteria": {
      "has_iron_ingot": "2024-08-09 20:47:06 +0000"
    },
    "done": true
  },
  "supplementaries:recipes/bubble_blower": {
    "criteria": {
      "has_iron_ingot": "2024-08-09 20:47:06 +0000"
    },
    "done": true
  },
  "minecraft:recipes/decorations/item_frame": {
    "criteria": {
      "has_leather": "2024-08-09 21:18:55 +0000"
    },
    "done": true
  },
  "minecraft:recipes/combat/diamond_helmet": {
    "criteria": {
      "has_diamond": "2024-08-09 20:47:31 +0000"
    },
    "done": true
  },
  "incendium:technical/on_inventory_change": {
    "criteria": {
      "log_spam_fixer": "2024-08-09 23:02:39 +0000"
    },
    "done": false
  },
  "minecraft:recipes/building_blocks/chiseled_nether_bricks_from_nether_bricks_stonecutting": {
    "criteria": {
      "has_nether_bricks": "2024-08-09 22:48:28 +0000"
    },
    "done": true
  },
  "supplementaries:recipes/slingshot": {
    "criteria": {
      "forge:rods/wooden": "2024-08-09 20:29:00 +0000"
    },
    "done": true
  },
  "supplementaries:recipes/timber_brace": {
    "criteria": {
      "forge:rods/wooden": "2024-08-09 20:29:00 +0000"
    },
    "done": true
  },
  "create:recipes/misc/crafting/kinetics/copper_valve_handle": {
    "criteria": {
      "has_item": "2024-08-09 22:58:59 +0000"
    },
    "done": true
  },
  "inventorypets:root": {
    "criteria": {
      "auto": "2024-08-09 20:25:59 +0000"
    },
    "done": true
  },
  "create:recipes/building_blocks/cut_tuff_brick_slab_from_stone_types_tuff_stonecutting": {
    "criteria": {
      "has_stone_types_tuff": "2024-08-09 20:48:39 +0000"
    },
    "done": true
  },
  "minecraft:story/form_obsidian": {
    "criteria": {
      "obsidian": "2024-08-09 22:32:50 +0000"
    },
    "done": true
  },
  "create:recipes/building_blocks/cut_calcite_wall_from_stone_types_calcite_stonecutting": {
    "criteria": {
      "has_stone_types_calcite": "2024-08-09 21:08:25 +0000"
    },
    "done": true
  },
  "createdeco:recipes/decorations/decal_fluid": {
    "criteria": {
      "has_item": "2024-08-09 22:11:15 +0000"
    },
    "done": true
  },
  "createdeco:recipes/decorations/decal_ice": {
    "criteria": {
      "has_item": "2024-08-09 22:11:15 +0000"
    },
    "done": true
  },
  "minecraft:recipes/redstone/oak_door": {
    "criteria": {
      "has_planks": "2024-08-09 20:28:49 +0000"
    },
    "done": true
  },
  "create:recipes/building_blocks/copycat_panel_from_ingots_zinc_stonecutting": {
    "criteria": {
      "has_ingots_zinc": "2024-08-09 22:59:26 +0000"
    },
    "done": true
  },
  "create:recipes/misc/crafting/kinetics/propeller": {
    "criteria": {
      "has_item": "2024-08-09 22:11:15 +0000"
    },
    "done": true
  },
  "createdeco:recipes/decorations/decal_flow": {
    "criteria": {
      "has_item": "2024-08-09 22:11:15 +0000"
    },
    "done": true
  },
  "createdeco:recipes/decorations/decal_no_entry": {
    "criteria": {
      "has_item": "2024-08-09 22:11:15 +0000"
    },
    "done": true
  },
  "supplementaries:recipes/turn_table": {
    "criteria": {
      "minecraft:planks": "2024-08-09 20:28:49 +0000"
    },
    "done": true
  },
  "create:recipes/building_blocks/calcite_pillar_from_stone_types_calcite_stonecutting": {
    "criteria": {
      "has_stone_types_calcite": "2024-08-09 21:08:25 +0000"
    },
    "done": true
  },
  "minecraft:recipes/combat/golden_sword": {
    "criteria": {
      "has_gold_ingot": "2024-08-09 22:11:17 +0000"
    },
    "done": true
  },
  "minecraft:recipes/tools/wooden_shovel": {
    "criteria": {
      "has_stick": "2024-08-09 20:29:00 +0000"
    },
    "done": true
  },
  "createdeco:recipes/decorations/blue_iron_lamp": {
    "criteria": {
      "has_item": "2024-08-09 22:11:15 +0000"
    },
    "done": true
  },
  "minecraft:recipes/building_blocks/cobblestone_slab": {
    "criteria": {
      "has_cobblestone": "2024-08-09 20:29:15 +0000"
    },
    "done": true
  },
  "minecraft:recipes/building_blocks/gold_block": {
    "criteria": {
      "has_gold_ingot": "2024-08-09 22:11:17 +0000"
    },
    "done": true
  },
  "create:recipes/building_blocks/layered_dripstone_from_stone_types_dripstone_stonecutting": {
    "criteria": {
      "has_stone_types_dripstone": "2024-08-09 20:47:36 +0000"
    },
    "done": true
  },
  "createdeco:recipes/decorations/copper_mesh_fence_from_stonecutting": {
    "criteria": {
      "has_item": "2024-08-09 22:58:59 +0000"
    },
    "done": true
  },
  "minecraft:recipes/brewing/cauldron": {
    "criteria": {
      "has_water_bucket": "2024-08-09 20:56:37 +0000"
    },
    "done": true
  },
  "paraglider:recipes/misc/paraglider": {
    "criteria": {
      "has_stick": "2024-08-09 20:29:00 +0000"
    },
    "done": true
  },
  "minecraft:recipes/transportation/acacia_boat": {
    "criteria": {
      "in_water": "2024-08-09 20:38:32 +0000"
    },
    "done": true
  },
  "minecraft:recipes/redstone/iron_trapdoor": {
    "criteria": {
      "has_iron_ingot": "2024-08-09 20:47:06 +0000"
    },
    "done": true
  },
  "minecraft:adventure/root": {
    "criteria": {
      "killed_something": "2024-08-09 21:18:46 +0000"
    },
    "done": true
  },
  "minecraft:recipes/redstone/redstone_block": {
    "criteria": {
      "has_redstone": "2024-08-09 22:44:23 +0000"
    },
    "done": true
  },
  "supplementaries:recipes/clock_block": {
    "criteria": {
      "minecraft:planks": "2024-08-09 20:28:49 +0000"
    },
    "done": true
  },
  "create:recipes/misc/crafting/kinetics/smart_fluid_pipe": {
    "criteria": {
      "has_item": "2024-08-09 22:58:59 +0000"
    },
    "done": true
  },
  "minecraft:recipes/decorations/nether_brick_wall_from_nether_bricks_stonecutting": {
    "criteria": {
      "has_nether_bricks": "2024-08-09 22:48:28 +0000"
    },
    "done": true
  },
  "createdeco:recipes/decorations/decal_left": {
    "criteria": {
      "has_item": "2024-08-09 22:11:15 +0000"
    },
    "done": true
  },
  "supplementaries:recipes/flags/flag_black": {
    "criteria": {
      "has_stick": "2024-08-09 20:29:00 +0000"
    },
    "done": true
  },
  "minecraft:recipes/decorations/deepslate_tile_wall_from_cobbled_deepslate_stonecutting": {
    "criteria": {
      "has_cobbled_deepslate": "2024-08-09 20:39:49 +0000"
    },
    "done": true
  },
  "minecraft:recipes/misc/iron_ingot_from_blasting_raw_iron": {
    "criteria": {
      "has_raw_iron": "2024-08-09 20:29:43 +0000"
    },
    "done": true
  },
  "minecraft:recipes/combat/wooden_sword": {
    "criteria": {
      "has_stick": "2024-08-09 20:29:00 +0000"
    },
    "done": true
  },
  "minecraft:recipes/building_blocks/oak_planks": {
    "criteria": {
      "has_logs": "2024-08-09 20:28:07 +0000"
    },
    "done": true
  },
  "createdeco:recipes/decorations/iron_catwalk_railing_from_stonecutting": {
    "criteria": {
      "has_item": "2024-08-09 20:47:06 +0000"
    },
    "done": true
  },
  "minecraft:recipes/building_blocks/black_concrete_powder": {
    "criteria": {
      "has_gravel": "2024-08-09 21:07:48 +0000"
    },
    "done": true
  },
  "minecraft:recipes/combat/crossbow": {
    "criteria": {
      "has_iron_ingot": "2024-08-09 20:47:06 +0000"
    },
    "done": true
  },
  "createdeco:recipes/decorations/copper_trapdoor": {
    "criteria": {
      "has_item": "2024-08-09 22:58:59 +0000"
    },
    "done": true
  },
  "copycats:recipes/misc/stonecutting/copycat_vertical_slice": {
    "criteria": {
      "has_item": "2024-08-09 22:59:26 +0000"
    },
    "done": true
  },
  "tombstone:recipes/from_grave_dust": {
    "criteria": {
      "has_ingredient": "2024-08-09 21:44:19 +0000"
    },
    "done": true
  },
  "minecraft:recipes/decorations/barrel": {
    "criteria": {
      "has_planks": "2024-08-09 20:28:49 +0000"
    },
    "done": true
  },
  "incendium:technical/holy_wrath": {
    "criteria": {
      "log_spam_fixer": "2024-08-09 23:02:39 +0000"
    },
    "done": false
  },
  "minecraft:recipes/combat/leather_boots": {
    "criteria": {
      "has_leather": "2024-08-09 21:18:55 +0000"
    },
    "done": true
  },
  "supplementaries:recipes/flags/flag_green": {
    "criteria": {
      "has_stick": "2024-08-09 20:29:00 +0000"
    },
    "done": true
  },
  "minecraft:recipes/decorations/cobblestone_wall_from_cobblestone_stonecutting": {
    "criteria": {
      "has_cobblestone": "2024-08-09 20:29:15 +0000"
    },
    "done": true
  },
  "minecraft:recipes/building_blocks/diamond_block": {
    "criteria": {
      "has_diamond": "2024-08-09 20:47:31 +0000"
    },
    "done": true
  },
  "create:recipes/building_blocks/cut_dripstone_brick_slab_from_stone_types_dripstone_stonecutting": {
    "criteria": {
      "has_stone_types_dripstone": "2024-08-09 20:47:36 +0000"
    },
    "done": true
  },
  "incendium:technical/on_block": {
    "criteria": {
      "log_spam_fixer": "2024-08-09 23:02:39 +0000"
    },
    "done": false
  },
  "create:recipes/misc/crafting/kinetics/copper_valve_handle_from_others": {
    "criteria": {
      "has_item": "2024-08-09 22:58:59 +0000"
    },
    "done": true
  },
  "incendium:misc/soul_searcher": {
    "criteria": {
      "incendium:infernal_dunes": "2024-08-09 22:41:48 +0000",
      "incendium:weeping_valley": "2024-08-09 22:46:38 +0000"
    },
    "done": false
  },
  "minecraft:recipes/decorations/nether_brick_wall": {
    "criteria": {
      "has_nether_bricks": "2024-08-09 22:48:28 +0000"
    },
    "done": true
  },
  "incendium:infernal_dunes/dune_blaze": {
    "criteria": {
      "requirement": "2024-08-09 22:43:30 +0000"
    },
    "done": true
  },
  "minecraft:recipes/building_blocks/cobblestone_stairs": {
    "criteria": {
      "has_cobblestone": "2024-08-09 20:29:15 +0000"
    },
    "done": true
  },
  "incendium:technical/using/shield": {
    "criteria": {
      "log_spam_fixer": "2024-08-09 20:25:59 +0000"
    },
    "done": false
  },
  "minecraft:recipes/building_blocks/purple_concrete_powder": {
    "criteria": {
      "has_gravel": "2024-08-09 21:07:48 +0000"
    },
    "done": true
  },
  "supplementaries:recipes/candle_holders/candle_holder_magenta": {
    "criteria": {
      "has_iron_ingot": "2024-08-09 20:47:06 +0000"
    },
    "done": true
  },
  "create:recipes/misc/crafting/kinetics/encased_fan": {
    "criteria": {
      "has_item": "2024-08-09 22:11:15 +0000"
    },
    "done": true
  },
  "createdeco:recipes/decorations/decal_radioactive": {
    "criteria": {
      "has_item": "2024-08-09 22:11:15 +0000"
    },
    "done": true
  },
  "supplementaries:recipes/flags/flag_purple": {
    "criteria": {
      "has_stick": "2024-08-09 20:29:00 +0000"
    },
    "done": true
  },
  "minecraft:story/mine_diamond": {
    "criteria": {
      "diamond": "2024-08-09 20:47:31 +0000"
    },
    "done": true
  },
  "minecraft:recipes/building_blocks/cyan_concrete_powder": {
    "criteria": {
      "has_gravel": "2024-08-09 21:07:48 +0000"
    },
    "done": true
  },
  "copycats:recipes/misc/stonecutting/copycat_slice": {
    "criteria": {
      "has_item": "2024-08-09 22:59:26 +0000"
    },
    "done": true
  },
  "minecraft:recipes/misc/pink_dye_from_peony": {
    "criteria": {
      "has_peony": "2024-08-09 21:33:16 +0000"
    },
    "done": true
  },
  "minecraft:nether/find_fortress": {
    "criteria": {
      "fortress": "2024-08-09 22:49:23 +0000"
    },
    "done": true
  },
  "create:recipes/building_blocks/polished_cut_dripstone_from_stone_types_dripstone_stonecutting": {
    "criteria": {
      "has_stone_types_dripstone": "2024-08-09 20:47:36 +0000"
    },
    "done": true
  },
  "create:recipes/decorations/copper_bars_from_ingots_copper_stonecutting": {
    "criteria": {
      "has_ingots_copper": "2024-08-09 22:58:59 +0000"
    },
    "done": true
  },
  "minecraft:recipes/misc/nether_brick": {
    "criteria": {
      "has_netherrack": "2024-08-09 22:48:21 +0000"
    },
    "done": true
  },
  "minecraft:recipes/tools/stone_shovel": {
    "criteria": {
      "has_cobblestone": "2024-08-09 20:29:15 +0000"
    },
    "done": true
  },
  "tombstone:adventure/root": {
    "criteria": {
      "auto": "2024-08-09 20:25:59 +0000"
    },
    "done": true
  },
  "create:recipes/misc/crafting/kinetics/whisk": {
    "criteria": {
      "has_item": "2024-08-09 22:11:15 +0000"
    },
    "done": true
  },
  "minecraft:recipes/building_blocks/oak_wood": {
    "criteria": {
      "has_log": "2024-08-09 20:28:07 +0000"
    },
    "done": true
  },
  "copycats:recipes/misc/stonecutting/copycat_wall": {
    "criteria": {
      "has_item": "2024-08-09 22:59:26 +0000"
    },
    "done": true
  },
  "ad_astra:recipes/misc/iron_plating": {
    "criteria": {
      "has_iron_plating": "2024-08-09 22:11:15 +0000"
    },
    "done": true
  },
  "ad_astra:recipes/misc/iron_factory_block": {
    "criteria": {
      "has_iron_factory_block": "2024-08-09 22:11:15 +0000"
    },
    "done": true
  },
  "minecraft:recipes/food/cooked_beef": {
    "criteria": {
      "has_beef": "2024-08-09 21:18:47 +0000"
    },
    "done": true
  },
  "supplementaries:recipes/flags/flag_white": {
    "criteria": {
      "has_stick": "2024-08-09 20:29:00 +0000"
    },
    "done": true
  },
  "copycats:recipes/misc/stonecutting/copycat_stone_button": {
    "criteria": {
      "has_item": "2024-08-09 22:59:26 +0000"
    },
    "done": true
  },
  "minecraft:recipes/transportation/jungle_boat": {
    "criteria": {
      "in_water": "2024-08-09 20:38:32 +0000"
    },
    "done": true
  },
  "supplementaries:recipes/hourglass": {
    "criteria": {
      "has_gold_ingot": "2024-08-09 22:11:17 +0000"
    },
    "done": true
  },
  "minecraft:recipes/redstone/heavy_weighted_pressure_plate": {
    "criteria": {
      "has_iron_ingot": "2024-08-09 20:47:06 +0000"
    },
    "done": true
  },
  "create:recipes/building_blocks/polished_cut_calcite_from_stone_types_calcite_stonecutting": {
    "criteria": {
      "has_stone_types_calcite": "2024-08-09 21:08:25 +0000"
    },
    "done": true
  },
  "morevillagers:first_workstation_get": {
    "criteria": {
      "blastfurnace": "2024-08-09 20:52:02 +0000"
    },
    "done": true
  },
  "minecraft:recipes/redstone/lever": {
    "criteria": {
      "has_cobblestone": "2024-08-09 20:29:15 +0000"
    },
    "done": true
  },
  "create:recipes/building_blocks/small_tuff_brick_stairs_from_stone_types_tuff_stonecutting": {
    "criteria": {
      "has_stone_types_tuff": "2024-08-09 20:48:39 +0000"
    },
    "done": true
  },
  "createdeco:recipes/decorations/decal_right": {
    "criteria": {
      "has_item": "2024-08-09 22:11:15 +0000"
    },
    "done": true
  },
  "minecraft:recipes/combat/iron_leggings": {
    "criteria": {
      "has_iron_ingot": "2024-08-09 20:47:06 +0000"
    },
    "done": true
  },
  "minecraft:recipes/building_blocks/coarse_dirt": {
    "criteria": {
      "has_gravel": "2024-08-09 21:07:48 +0000"
    },
    "done": true
  },
  "minecraft:recipes/building_blocks/light_gray_concrete_powder": {
    "criteria": {
      "has_gravel": "2024-08-09 21:07:48 +0000"
    },
    "done": true
  },
  "minecraft:recipes/combat/leather_leggings": {
    "criteria": {
      "has_leather": "2024-08-09 21:18:55 +0000"
    },
    "done": true
  },
  "minecraft:recipes/building_blocks/pink_concrete_powder": {
    "criteria": {
      "has_gravel": "2024-08-09 21:07:48 +0000"
    },
    "done": true
  },
  "supplementaries:recipes/timber_cross_brace": {
    "criteria": {
      "forge:rods/wooden": "2024-08-09 20:29:00 +0000"
    },
    "done": true
  },
  "minecraft:story/obtain_armor": {
    "criteria": {
      "iron_chestplate": "2024-08-09 20:53:31 +0000"
    },
    "done": true
  },
  "minecraft:recipes/combat/diamond_leggings": {
    "criteria": {
      "has_diamond": "2024-08-09 20:47:31 +0000"
    },
    "done": true
  },
  "createdeco:recipes/decorations/copper_bars_from_stonecutting": {
    "criteria": {
      "has_item": "2024-08-09 22:58:59 +0000"
    },
    "done": true
  },
  "create:recipes/misc/smelting/scoria": {
    "criteria": {
      "has_item": "2024-08-09 22:51:28 +0000"
    },
    "done": true
  },
  "minecraft:recipes/misc/iron_nugget_from_smelting": {
    "criteria": {
      "has_iron_pickaxe": "2024-08-09 20:47:28 +0000"
    },
    "done": true
  },
  "copycats:recipes/misc/stonecutting/copycat_wooden_button": {
    "criteria": {
      "has_item": "2024-08-09 22:59:26 +0000"
    },
    "done": true
  },
  "incendium:technical/inventory/sentrys_wrath": {
    "criteria": {
      "log_spam_fixer": "2024-08-09 23:02:39 +0000"
    },
    "done": false
  },
  "copycats:recipes/misc/stonecutting/copycat_door": {
    "criteria": {
      "has_item": "2024-08-09 22:59:26 +0000"
    },
    "done": true
  },
  "create:recipes/building_blocks/small_tuff_bricks_from_stone_types_tuff_stonecutting": {
    "criteria": {
      "has_stone_types_tuff": "2024-08-09 20:48:39 +0000"
    },
    "done": true
  },
  "minecraft:story/iron_tools": {
    "criteria": {
      "iron_pickaxe": "2024-08-09 20:47:28 +0000"
    },
    "done": true
  },
  "minecraft:recipes/combat/iron_chestplate": {
    "criteria": {
      "has_iron_ingot": "2024-08-09 20:47:06 +0000"
    },
    "done": true
  },
  "minecraft:recipes/redstone/oak_trapdoor": {
    "criteria": {
      "has_planks": "2024-08-09 20:28:49 +0000"
    },
    "done": true
  },
  "ad_astra:recipes/misc/iron_plateblock": {
    "criteria": {
      "has_iron_plateblock": "2024-08-09 22:11:15 +0000"
    },
    "done": true
  },
  "minecraft:recipes/building_blocks/deepslate_brick_stairs_from_cobbled_deepslate_stonecutting": {
    "criteria": {
      "has_cobbled_deepslate": "2024-08-09 20:39:49 +0000"
    },
    "done": true
  },
  "createdeco:recipes/decorations/green_iron_lamp": {
    "criteria": {
      "has_item": "2024-08-09 22:11:15 +0000"
    },
    "done": true
  },
  "minecraft:recipes/combat/stone_sword": {
    "criteria": {
      "has_cobblestone": "2024-08-09 20:29:15 +0000"
    },
    "done": true
  },
  "minecraft:recipes/decorations/cobblestone_wall": {
    "criteria": {
      "has_cobblestone": "2024-08-09 20:29:15 +0000"
    },
    "done": true
  },
  "createdeco:recipes/decorations/zinc_ladder_from_stonecutting": {
    "criteria": {
      "has_item": "2024-08-09 22:59:26 +0000"
    },
    "done": true
  },
  "minecraft:recipes/food/cooked_chicken": {
    "criteria": {
      "has_chicken": "2024-08-09 21:19:17 +0000"
    },
    "done": true
  },
  "minecraft:recipes/tools/stone_axe": {
    "criteria": {
      "has_cobblestone": "2024-08-09 20:29:15 +0000"
    },
    "done": true
  },
  "create:recipes/misc/blasting/zinc_ingot_from_raw_ore": {
    "criteria": {
      "has_item": "2024-08-09 22:58:34 +0000"
    },
    "done": true
  },
  "supplementaries:recipes/flags/flag_brown": {
    "criteria": {
      "has_stick": "2024-08-09 20:29:00 +0000"
    },
    "done": true
  },
  "minecraft:recipes/misc/iron_nugget": {
    "criteria": {
      "has_iron_ingot": "2024-08-09 20:47:06 +0000"
    },
    "done": true
  },
  "supplementaries:recipes/flags/flag_gray": {
    "criteria": {
      "has_stick": "2024-08-09 20:29:00 +0000"
    },
    "done": true
  },
  "minecraft:recipes/building_blocks/brown_concrete_powder": {
    "criteria": {
      "has_gravel": "2024-08-09 21:07:48 +0000"
    },
    "done": true
  },
  "create:recipes/building_blocks/cut_calcite_slab_from_stone_types_calcite_stonecutting": {
    "criteria": {
      "has_stone_types_calcite": "2024-08-09 21:08:25 +0000"
    },
    "done": true
  },
  "minecraft:recipes/misc/bucket": {
    "criteria": {
      "has_iron_ingot": "2024-08-09 20:47:06 +0000"
    },
    "done": true
  },
  "create:recipes/building_blocks/small_calcite_brick_slab_from_stone_types_calcite_stonecutting": {
    "criteria": {
      "has_stone_types_calcite": "2024-08-09 21:08:25 +0000"
    },
    "done": true
  },
  "supplementaries:recipes/flower_box": {
    "criteria": {
      "has_dirt": "2024-08-09 20:33:57 +0000"
    },
    "done": true
  },
  "minecraft:recipes/building_blocks/light_blue_concrete_powder": {
    "criteria": {
      "has_gravel": "2024-08-09 21:07:48 +0000"
    },
    "done": true
  },
  "minecraft:recipes/building_blocks/glass": {
    "criteria": {
      "has_smelts_to_glass": "2024-08-09 21:28:54 +0000"
    },
    "done": true
  },
  "minecraft:recipes/transportation/minecart": {
    "criteria": {
      "has_iron_ingot": "2024-08-09 20:47:06 +0000"
    },
    "done": true
  },
  "supplementaries:recipes/faucet": {
    "criteria": {
      "forge:rods/wooden": "2024-08-09 20:29:00 +0000"
    },
    "done": true
  },
  "create:recipes/misc/crafting/materials/copper_nugget": {
    "criteria": {
      "has_item": "2024-08-09 22:58:59 +0000"
    },
    "done": true
  },
  "minecraft:recipes/tools/iron_hoe": {
    "criteria": {
      "has_iron_ingot": "2024-08-09 20:47:06 +0000"
    },
    "done": true
  },
  "minecraft:recipes/tools/clock": {
    "criteria": {
      "has_redstone": "2024-08-09 22:44:23 +0000"
    },
    "done": true
  },
  "minecraft:story/enter_the_nether": {
    "criteria": {
      "entered_nether": "2024-08-09 22:41:44 +0000"
    },
    "done": true
  },
  "morevillagers:all_workstations_get": {
    "criteria": {
      "smoker": "2024-08-09 21:46:02 +0000",
      "blastfurnace": "2024-08-09 20:52:02 +0000"
    },
    "done": false
  },
  "incendium:technical/feed_ghastling": {
    "criteria": {
      "log_spam_fixer": "2024-08-09 23:02:39 +0000"
    },
    "done": false
  },
  "incendium:infernal_dunes/border_of_life": {
    "criteria": {
      "requirement": "2024-08-09 22:43:30 +0000"
    },
    "done": true
  },
  "createdeco:recipes/decorations/iron_bars_overlay": {
    "criteria": {
      "has_item": "2024-08-09 22:11:15 +0000"
    },
    "done": true
  },
  "supplementaries:recipes/candle_holders/candle_holder_pink": {
    "criteria": {
      "has_iron_ingot": "2024-08-09 20:47:06 +0000"
    },
    "done": true
  },
  "createdeco:recipes/decorations/decal_fire_diamond": {
    "criteria": {
      "has_item": "2024-08-09 22:11:15 +0000"
    },
    "done": true
  },
  "createdeco:recipes/decorations/purple_shipping_container": {
    "criteria": {
      "has_item": "2024-08-09 22:11:15 +0000"
    },
    "done": true
  },
  "minecraft:recipes/combat/arrow": {
    "criteria": {
      "has_feather": "2024-08-09 21:19:17 +0000"
    },
    "done": true
  },
  "minecraft:recipes/combat/golden_helmet": {
    "criteria": {
      "has_gold_ingot": "2024-08-09 22:11:17 +0000"
    },
    "done": true
  },
  "supplementaries:recipes/gold_trapdoor": {
    "criteria": {
      "has_gold_ingot": "2024-08-09 22:11:17 +0000"
    },
    "done": true
  },
  "createdeco:recipes/decorations/red_iron_lamp": {
    "criteria": {
      "has_item": "2024-08-09 22:11:15 +0000"
    },
    "done": true
  },
  "create:recipes/building_blocks/dripstone_block_from_stone_types_dripstone_stonecutting": {
    "criteria": {
      "has_stone_types_dripstone": "2024-08-09 20:47:36 +0000"
    },
    "done": true
  },
  "ad_astra:recipes/misc/etrionic_blast_furnace": {
    "criteria": {
      "has_etrionic_blast_furnace": "2024-08-09 22:11:15 +0000"
    },
    "done": true
  },
  "minecraft:recipes/building_blocks/nether_brick_stairs": {
    "criteria": {
      "has_nether_bricks": "2024-08-09 22:48:28 +0000"
    },
    "done": true
  },
  "createdeco:recipes/decorations/magenta_shipping_container": {
    "criteria": {
      "has_item": "2024-08-09 22:11:15 +0000"
    },
    "done": true
  },
  "minecraft:story/smelt_iron": {
    "criteria": {
      "iron": "2024-08-09 20:47:06 +0000"
    },
    "done": true
  },
  "supplementaries:recipes/candle_holders/candle_holder_white": {
    "criteria": {
      "has_iron_ingot": "2024-08-09 20:47:06 +0000"
    },
    "done": true
  },
  "minecraft:recipes/decorations/smoker": {
    "criteria": {
      "has_furnace": "2024-08-09 20:48:05 +0000"
    },
    "done": true
  },
  "minecraft:recipes/building_blocks/chiseled_deepslate_from_cobbled_deepslate_stonecutting": {
    "criteria": {
      "has_cobbled_deepslate": "2024-08-09 20:39:49 +0000"
    },
    "done": true
  },
  "create:recipes/building_blocks/layered_tuff_from_stone_types_tuff_stonecutting": {
    "criteria": {
      "has_stone_types_tuff": "2024-08-09 20:48:39 +0000"
    },
    "done": true
  },
  "minecraft:recipes/building_blocks/nether_brick_slab": {
    "criteria": {
      "has_nether_bricks": "2024-08-09 22:48:28 +0000"
    },
    "done": true
  },
  "supplementaries:recipes/bed_from_feather_block": {
    "criteria": {
      "minecraft:planks": "2024-08-09 20:28:49 +0000"
    },
    "done": true
  },
  "minecraft:recipes/building_blocks/red_sandstone": {
    "criteria": {
      "has_sand": "2024-08-09 22:43:31 +0000"
    },
    "done": true
  },
  "supplementaries:recipes/checker": {
    "criteria": {
      "has_cobblestone": "2024-08-09 20:29:15 +0000"
    },
    "done": true
  },
  "copycats:recipes/misc/stonecutting/copycat_iron_trapdoor": {
    "criteria": {
      "has_item": "2024-08-09 22:59:26 +0000"
    },
    "done": true
  },
  "morevillagers:all_villages": {
    "criteria": {
      "plains": "2024-08-09 21:22:47 +0000"
    },
    "done": false
  },
  "ad_astra:recipes/misc/coal_generator": {
    "criteria": {
      "has_coal_generator": "2024-08-09 20:47:06 +0000"
    },
    "done": true
  },
  "createdeco:recipes/decorations/iron_bars_overlay_from_stonecutting": {
    "criteria": {
      "has_item": "2024-08-09 20:47:06 +0000"
    },
    "done": true
  },
  "minecraft:recipes/building_blocks/emerald_block": {
    "criteria": {
      "has_emerald": "2024-08-09 21:24:18 +0000"
    },
    "done": true
  },
  "createdeco:recipes/decorations/yellow_shipping_container": {
    "criteria": {
      "has_item": "2024-08-09 22:11:15 +0000"
    },
    "done": true
  },
  "minecraft:recipes/decorations/cobbled_deepslate_wall_from_cobbled_deepslate_stonecutting": {
    "criteria": {
      "has_cobbled_deepslate": "2024-08-09 20:39:49 +0000"
    },
    "done": true
  },
  "createdeco:recipes/decorations/decal_top_right": {
    "criteria": {
      "has_item": "2024-08-09 22:11:15 +0000"
    },
    "done": true
  },
  "createdeco:recipes/decorations/iron_support_wedge_from_stonecutting": {
    "criteria": {
      "has_item": "2024-08-09 20:47:06 +0000"
    },
    "done": true
  },
  "copycats:recipes/misc/stonecutting/copycat_stone_pressure_plate": {
    "criteria": {
      "has_item": "2024-08-09 22:59:26 +0000"
    },
    "done": true
  },
  "minecraft:recipes/building_blocks/oak_stairs": {
    "criteria": {
      "has_planks": "2024-08-09 20:28:49 +0000"
    },
    "done": true
  },
  "create:recipes/building_blocks/copper_shingles_from_ingots_copper_stonecutting": {
    "criteria": {
      "has_ingots_copper": "2024-08-09 22:58:59 +0000"
    },
    "done": true
  },
  "create:recipes/misc/crafting/kinetics/fluid_pipe": {
    "criteria": {
      "has_item": "2024-08-09 22:58:59 +0000"
    },
    "done": true
  },
  "minecraft:recipes/building_blocks/white_concrete_powder": {
    "criteria": {
      "has_gravel": "2024-08-09 21:07:48 +0000"
    },
    "done": true
  },
  "minecraft:recipes/decorations/chain": {
    "criteria": {
      "has_iron_ingot": "2024-08-09 20:47:06 +0000"
    },
    "done": true
  },
  "minecraft:recipes/decorations/oak_fence": {
    "criteria": {
      "has_planks": "2024-08-09 20:28:49 +0000"
    },
    "done": true
  },
  "createdeco:recipes/decorations/cyan_shipping_container": {
    "criteria": {
      "has_item": "2024-08-09 22:11:15 +0000"
    },
    "done": true
  },
  "minecraft:recipes/building_blocks/nether_brick_stairs_from_nether_bricks_stonecutting": {
    "criteria": {
      "has_nether_bricks": "2024-08-09 22:48:28 +0000"
    },
    "done": true
  },
  "create:recipes/building_blocks/cut_tuff_brick_stairs_from_stone_types_tuff_stonecutting": {
    "criteria": {
      "has_stone_types_tuff": "2024-08-09 20:48:39 +0000"
    },
    "done": true
  },
  "supplementaries:recipes/sconce": {
    "criteria": {
      "has_torch": "2024-08-09 20:32:08 +0000"
    },
    "done": true
  },
  "minecraft:recipes/misc/bone_meal": {
    "criteria": {
      "has_bone": "2024-08-09 22:33:22 +0000"
    },
    "done": true
  },
  "create:recipes/building_blocks/tuff_pillar_from_stone_types_tuff_stonecutting": {
    "criteria": {
      "has_stone_types_tuff": "2024-08-09 20:48:39 +0000"
    },
    "done": true
  },
  "minecraft:recipes/decorations/cobbled_deepslate_wall": {
    "criteria": {
      "has_cobbled_deepslate": "2024-08-09 20:39:49 +0000"
    },
    "done": true
  },
  "minecraft:recipes/decorations/polished_deepslate_wall_from_cobbled_deepslate_stonecutting": {
    "criteria": {
      "has_cobbled_deepslate": "2024-08-09 20:39:49 +0000"
    },
    "done": true
  },
  "createdeco:recipes/decorations/decal_creeper": {
    "criteria": {
      "has_item": "2024-08-09 22:11:15 +0000"
    },
    "done": true
  },
  "incendium:technical/firestorm": {
    "criteria": {
      "log_spam_fixer": "2024-08-09 23:02:39 +0000"
    },
    "done": false
  },
  "create:recipes/building_blocks/cut_calcite_brick_slab_from_stone_types_calcite_stonecutting": {
    "criteria": {
      "has_stone_types_calcite": "2024-08-09 21:08:25 +0000"
    },
    "done": true
  },
  "ad_astra:recipes/compressing/compressing/iron_plate_from_compressing_iron_ingot": {
    "criteria": {
      "has_item": "2024-08-09 20:47:06 +0000"
    },
    "done": true
  },
  "minecraft:recipes/decorations/smithing_table": {
    "criteria": {
      "has_iron_ingot": "2024-08-09 20:47:06 +0000"
    },
    "done": true
  },
  "createdeco:recipes/decorations/pink_shipping_container": {
    "criteria": {
      "has_item": "2024-08-09 22:11:15 +0000"
    },
    "done": true
  },
  "supplementaries:recipes/speaker_block": {
    "criteria": {
      "minecraft:planks": "2024-08-09 20:28:49 +0000"
    },
    "done": true
  },
  "supplementaries:recipes/bellows": {
    "criteria": {
      "has_leather": "2024-08-09 21:18:55 +0000"
    },
    "done": true
  },
  "copycats:recipes/misc/stonecutting/copycat_ghost_block": {
    "criteria": {
      "has_item": "2024-08-09 22:59:26 +0000"
    },
    "done": true
  },
  "create:recipes/building_blocks/polished_cut_dripstone_wall_from_stone_types_dripstone_stonecutting": {
    "criteria": {
      "has_stone_types_dripstone": "2024-08-09 20:47:36 +0000"
    },
    "done": true
  },
  "createdeco:recipes/decorations/zinc_catwalk_from_stonecutting": {
    "criteria": {
      "has_item": "2024-08-09 22:59:26 +0000"
    },
    "done": true
  },
  "supplementaries:recipes/flags/flag_light_blue": {
    "criteria": {
      "has_stick": "2024-08-09 20:29:00 +0000"
    },
    "done": true
  },
  "create:recipes/misc/crafting/logistics/powered_latch": {
    "criteria": {
      "has_item": "2024-08-09 22:44:23 +0000"
    },
    "done": true
  },
  "create:recipes/building_blocks/polished_cut_dripstone_stairs_from_stone_types_dripstone_stonecutting": {
    "criteria": {
      "has_stone_types_dripstone": "2024-08-09 20:47:36 +0000"
    },
    "done": true
  },
  "createdeco:recipes/decorations/zinc_catwalk_stairs_from_stonecutting": {
    "criteria": {
      "has_item": "2024-08-09 22:59:26 +0000"
    },
    "done": true
  },
  "minecraft:recipes/building_blocks/smooth_stone": {
    "criteria": {
      "has_the_recipe": "2024-08-09 20:51:51 +0000"
    },
    "done": true
  },
  "minecraft:recipes/transportation/spruce_boat": {
    "criteria": {
      "in_water": "2024-08-09 20:38:32 +0000"
    },
    "done": true
  },
  "tombstone:adventure/chain_death": {
    "criteria": {
      "coded_trigger": "2024-08-09 21:43:09 +0000"
    },
    "done": true
  },
  "copycats:recipes/misc/stonecutting/copycat_fence_gate": {
    "criteria": {
      "has_item": "2024-08-09 22:59:26 +0000"
    },
    "done": true
  },
  "minecraft:recipes/redstone/note_block": {
    "criteria": {
      "has_redstone": "2024-08-09 22:44:23 +0000"
    },
    "done": true
  },
  "create:recipes/misc/crafting/kinetics/empty_blaze_burner": {
    "criteria": {
      "has_item": "2024-08-09 20:47:06 +0000"
    },
    "done": true
  },
  "minecraft:recipes/building_blocks/smooth_stone_slab": {
    "criteria": {
      "has_smooth_stone": "2024-08-09 20:51:51 +0000"
    },
    "done": true
  },
  "createdeco:recipes/decorations/copper_catwalk_stairs_from_stonecutting": {
    "criteria": {
      "has_item": "2024-08-09 22:58:59 +0000"
    },
    "done": true
  },
  "minecraft:husbandry/root": {
    "criteria": {
      "consumed_item": "2024-08-09 21:00:44 +0000"
    },
    "done": true
  },
  "minecraft:recipes/transportation/birch_boat": {
    "criteria": {
      "in_water": "2024-08-09 20:38:32 +0000"
    },
    "done": true
  },
  "minecraft:recipes/building_blocks/cobbled_deepslate_stairs_from_cobbled_deepslate_stonecutting": {
    "criteria": {
      "has_cobbled_deepslate": "2024-08-09 20:39:49 +0000"
    },
    "done": true
  },
  "incendium:technical/inventory/firestorm": {
    "criteria": {
      "log_spam_fixer": "2024-08-09 23:02:39 +0000"
    },
    "done": false
  },
  "supplementaries:recipes/blackboard": {
    "criteria": {
      "supplementaries:blackboard_white": "2024-08-09 22:44:33 +0000"
    },
    "done": true
  },
  "copycats:recipes/misc/stonecutting/copycat_slab": {
    "criteria": {
      "has_item": "2024-08-09 22:59:26 +0000"
    },
    "done": true
  },
  "createdeco:recipes/decorations/decal_fire": {
    "criteria": {
      "has_item": "2024-08-09 22:11:15 +0000"
    },
    "done": true
  },
  "minecraft:recipes/building_blocks/deepslate": {
    "criteria": {
      "has_cobbled_deepslate": "2024-08-09 20:39:49 +0000"
    },
    "done": true
  },
  "create:recipes/building_blocks/cut_tuff_brick_wall_from_stone_types_tuff_stonecutting": {
    "criteria": {
      "has_stone_types_tuff": "2024-08-09 20:48:39 +0000"
    },
    "done": true
  },
  "createdeco:recipes/decorations/brown_shipping_container": {
    "criteria": {
      "has_item": "2024-08-09 22:11:15 +0000"
    },
    "done": true
  },
  "ad_astra:recipes/misc/gas_tank": {
    "criteria": {
      "has_gas_tank": "2024-08-09 22:11:15 +0000"
    },
    "done": true
  },
  "minecraft:recipes/transportation/oak_boat": {
    "criteria": {
      "in_water": "2024-08-09 20:38:32 +0000"
    },
    "done": true
  },
  "minecraft:recipes/building_blocks/smooth_stone_slab_from_smooth_stone_stonecutting": {
    "criteria": {
      "has_smooth_stone": "2024-08-09 20:51:51 +0000"
    },
    "done": true
  },
  "minecraft:recipes/building_blocks/coal_block": {
    "criteria": {
      "has_coal": "2024-08-09 20:31:18 +0000"
    },
    "done": true
  },
  "copycats:recipes/misc/stonecutting/copycat_trapdoor": {
    "criteria": {
      "has_item": "2024-08-09 22:59:26 +0000"
    },
    "done": true
  },
  "supplementaries:recipes/candle_holders/candle_holder_brown": {
    "criteria": {
      "has_iron_ingot": "2024-08-09 20:47:06 +0000"
    },
    "done": true
  },
  "supplementaries:recipes/goblet": {
    "criteria": {
      "has_iron_ingot": "2024-08-09 20:47:06 +0000"
    },
    "done": true
  },
  "create:recipes/building_blocks/polished_cut_calcite_wall_from_stone_types_calcite_stonecutting": {
    "criteria": {
      "has_stone_types_calcite": "2024-08-09 21:08:25 +0000"
    },
    "done": true
  },
  "minecraft:recipes/redstone/oak_button": {
    "criteria": {
      "has_planks": "2024-08-09 20:28:49 +0000"
    },
    "done": true
  },
  "minecraft:recipes/decorations/nether_brick_fence": {
    "criteria": {
      "has_nether_bricks": "2024-08-09 22:48:28 +0000"
    },
    "done": true
  },
  "createdeco:recipes/decorations/decal_top_left": {
    "criteria": {
      "has_item": "2024-08-09 22:11:15 +0000"
    },
    "done": true
  },
  "createdeco:recipes/decorations/iron_support": {
    "criteria": {
      "has_item": "2024-08-09 20:47:06 +0000"
    },
    "done": true
  },
  "incendium:technical/give_ghastling": {
    "criteria": {
      "log_spam_fixer": "2024-08-09 23:02:39 +0000"
    },
    "done": false
  },
  "minecraft:recipes/redstone/daylight_detector": {
    "criteria": {
      "has_quartz": "2024-08-09 22:44:33 +0000"
    },
    "done": true
  },
  "create:recipes/misc/crafting/materials/zinc_block_from_compacting": {
    "criteria": {
      "has_item": "2024-08-09 22:59:26 +0000"
    },
    "done": true
  },
  "minecraft:recipes/combat/diamond_boots": {
    "criteria": {
      "has_diamond": "2024-08-09 20:47:31 +0000"
    },
    "done": true
  },
  "create:recipes/misc/crafting/kinetics/fluid_valve": {
    "criteria": {
      "has_item": "2024-08-09 22:58:59 +0000"
    },
    "done": true
  },
  "minecraft:recipes/combat/iron_sword": {
    "criteria": {
      "has_iron_ingot": "2024-08-09 20:47:06 +0000"
    },
    "done": true
  },
  "minecraft:recipes/redstone/observer": {
    "criteria": {
      "has_quartz": "2024-08-09 22:44:33 +0000"
    },
    "done": true
  },
  "minecraft:recipes/tools/iron_pickaxe": {
    "criteria": {
      "has_iron_ingot": "2024-08-09 20:47:06 +0000"
    },
    "done": true
  },
  "createdeco:recipes/decorations/copper_catwalk_from_stonecutting": {
    "criteria": {
      "has_item": "2024-08-09 22:58:59 +0000"
    },
    "done": true
  },
  "minecraft:recipes/transportation/mangrove_boat": {
    "criteria": {
      "in_water": "2024-08-09 20:38:32 +0000"
    },
    "done": true
  },
  "supplementaries:recipes/daub_brace": {
    "criteria": {
      "forge:rods/wooden": "2024-08-09 20:29:00 +0000"
    },
    "done": true
  },
  "minecraft:recipes/decorations/torch": {
    "criteria": {
      "has_stone_pickaxe": "2024-08-09 20:29:27 +0000"
    },
    "done": true
  },
  "supplementaries:recipes/flags/flag_blue": {
    "criteria": {
      "has_stick": "2024-08-09 20:29:00 +0000"
    },
    "done": true
  },
  "supplementaries:recipes/iron_gate": {
    "criteria": {
      "has_iron_ingot": "2024-08-09 20:47:06 +0000"
    },
    "done": true
  },
  "minecraft:recipes/combat/shield": {
    "criteria": {
      "has_iron_ingot": "2024-08-09 20:47:06 +0000"
    },
    "done": true
  },
  "ad_astra:recipes/misc/iron_panel": {
    "criteria": {
      "has_iron_panel": "2024-08-09 22:11:15 +0000"
    },
    "done": true
  },
  "create:recipes/decorations/copper_ladder_from_ingots_copper_stonecutting": {
    "criteria": {
      "has_ingots_copper": "2024-08-09 22:58:59 +0000"
    },
    "done": true
  },
  "minecraft:recipes/decorations/iron_bars": {
    "criteria": {
      "has_iron_ingot": "2024-08-09 20:47:06 +0000"
    },
    "done": true
  },
  "createdeco:recipes/decorations/light_gray_shipping_container": {
    "criteria": {
      "has_item": "2024-08-09 22:11:15 +0000"
    },
    "done": true
  },
  "incendium:technical/scroll_of_returning": {
    "criteria": {
      "log_spam_fixer": "2024-08-09 20:25:59 +0000"
    },
    "done": false
  },
  "createdeco:recipes/decorations/zinc_door": {
    "criteria": {
      "has_item": "2024-08-09 22:59:26 +0000"
    },
    "done": true
  },
  "supplementaries:recipes/candle_holders/candle_holder_black": {
    "criteria": {
      "has_iron_ingot": "2024-08-09 20:47:06 +0000"
    },
    "done": true
  },
  "minecraft:recipes/building_blocks/cracked_nether_bricks": {
    "criteria": {
      "has_nether_bricks": "2024-08-09 22:48:28 +0000"
    },
    "done": true
  },
  "minecraft:recipes/building_blocks/polished_deepslate_slab_from_cobbled_deepslate_stonecutting": {
    "criteria": {
      "has_cobbled_deepslate": "2024-08-09 20:39:49 +0000"
    },
    "done": true
  },
  "create:recipes/building_blocks/polished_cut_calcite_slab_from_stone_types_calcite_stonecutting": {
    "criteria": {
      "has_stone_types_calcite": "2024-08-09 21:08:25 +0000"
    },
    "done": true
  },
  "supplementaries:recipes/notice_board": {
    "criteria": {
      "minecraft:planks": "2024-08-09 20:28:49 +0000"
    },
    "done": true
  },
  "supplementaries:recipes/crystal_display": {
    "criteria": {
      "has_amethyst_shard": "2024-08-09 21:08:58 +0000"
    },
    "done": true
  },
  "supplementaries:recipes/daub_frame": {
    "criteria": {
      "forge:rods/wooden": "2024-08-09 20:29:00 +0000"
    },
    "done": true
  },
  "create:recipes/building_blocks/copycat_step_from_ingots_zinc_stonecutting": {
    "criteria": {
      "has_ingots_zinc": "2024-08-09 22:59:26 +0000"
    },
    "done": true
  },
  "supplementaries:recipes/key": {
    "criteria": {
      "has_gold_ingot": "2024-08-09 22:11:17 +0000"
    },
    "done": true
  },
  "createdeco:recipes/decorations/copper_bars_overlay_from_stonecutting": {
    "criteria": {
      "has_item": "2024-08-09 22:58:59 +0000"
    },
    "done": true
  },
  "incendium:technical/multiplex_crossbow": {
    "criteria": {
      "log_spam_fixer": "2024-08-09 23:02:39 +0000"
    },
    "done": false
  },
  "createdeco:recipes/decorations/black_shipping_container": {
    "criteria": {
      "has_item": "2024-08-09 22:11:15 +0000"
    },
    "done": true
  },
  "supplementaries:recipes/altimeter": {
    "criteria": {
      "has_redstone": "2024-08-09 22:44:23 +0000"
    },
    "done": true
  },
  "incendium:technical/using/ragnarok": {
    "criteria": {
      "log_spam_fixer": "2024-08-09 20:25:59 +0000"
    },
    "done": false
  },
  "minecraft:recipes/misc/iron_ingot_from_smelting_raw_iron": {
    "criteria": {
      "has_raw_iron": "2024-08-09 20:29:43 +0000"
    },
    "done": true
  },
  "minecraft:recipes/building_blocks/deepslate_brick_slab_from_cobbled_deepslate_stonecutting": {
    "criteria": {
      "has_cobbled_deepslate": "2024-08-09 20:39:49 +0000"
    },
    "done": true
  },
  "supplementaries:recipes/sconce_lever": {
    "criteria": {
      "has_redstone": "2024-08-09 22:44:23 +0000"
    },
    "done": true
  },
  "create:recipes/building_blocks/cut_calcite_from_stone_types_calcite_stonecutting": {
    "criteria": {
      "has_stone_types_calcite": "2024-08-09 21:08:25 +0000"
    },
    "done": true
  },
  "minecraft:recipes/food/cooked_mutton": {
    "criteria": {
      "has_mutton": "2024-08-09 20:59:20 +0000"
    },
    "done": true
  },
  "createdeco:recipes/decorations/zinc_support_wedge_from_stonecutting": {
    "criteria": {
      "has_item": "2024-08-09 22:59:26 +0000"
    },
    "done": true
  },
  "create:recipes/misc/crafting/materials/andesite_alloy_from_zinc": {
    "criteria": {
      "has_item": "2024-08-09 22:59:26 +0000"
    },
    "done": true
  },
  "supplementaries:recipes/candle_holders/candle_holder_green": {
    "criteria": {
      "has_iron_ingot": "2024-08-09 20:47:06 +0000"
    },
    "done": true
  },
  "create:recipes/building_blocks/calcite_from_stone_types_calcite_stonecutting": {
    "criteria": {
      "has_stone_types_calcite": "2024-08-09 21:08:25 +0000"
    },
    "done": true
  },
  "createdeco:recipes/decorations/zinc_bars_overlay_from_stonecutting": {
    "criteria": {
      "has_item": "2024-08-09 22:59:26 +0000"
    },
    "done": true
  },
  "create:recipes/decorations/copper_scaffolding_from_ingots_copper_stonecutting": {
    "criteria": {
      "has_ingots_copper": "2024-08-09 22:58:59 +0000"
    },
    "done": true
  },
  "minecraft:nether/root": {
    "criteria": {
      "entered_nether": "2024-08-09 22:41:44 +0000"
    },
    "done": true
  },
  "minecraft:recipes/tools/flint_and_steel": {
    "criteria": {
      "has_obsidian": "2024-08-09 22:32:50 +0000"
    },
    "done": true
  },
  "createdeco:recipes/decorations/copper_support_wedge_from_stonecutting": {
    "criteria": {
      "has_item": "2024-08-09 22:58:59 +0000"
    },
    "done": true
  },
  "create:recipes/building_blocks/cut_calcite_brick_stairs_from_stone_types_calcite_stonecutting": {
    "criteria": {
      "has_stone_types_calcite": "2024-08-09 21:08:25 +0000"
    },
    "done": true
  },
  "minecraft:recipes/tools/wooden_pickaxe": {
    "criteria": {
      "has_stick": "2024-08-09 20:29:00 +0000"
    },
    "done": true
  },
  "minecraft:recipes/building_blocks/cobbled_deepslate_stairs": {
    "criteria": {
      "has_cobbled_deepslate": "2024-08-09 20:39:49 +0000"
    },
    "done": true
  },
  "supplementaries:recipes/flags/flag_cyan": {
    "criteria": {
      "has_stick": "2024-08-09 20:29:00 +0000"
    },
    "done": true
  },
  "minecraft:story/upgrade_tools": {
    "criteria": {
      "stone_pickaxe": "2024-08-09 20:29:27 +0000"
    },
    "done": true
  },
  "create:recipes/misc/crafting/logistics/powered_toggle_latch": {
    "criteria": {
      "has_item": "2024-08-09 22:44:23 +0000"
    },
    "done": true
  },
  "create:recipes/building_blocks/cut_calcite_stairs_from_stone_types_calcite_stonecutting": {
    "criteria": {
      "has_stone_types_calcite": "2024-08-09 21:08:25 +0000"
    },
    "done": true
  },
  "create:recipes/building_blocks/small_calcite_bricks_from_stone_types_calcite_stonecutting": {
    "criteria": {
      "has_stone_types_calcite": "2024-08-09 21:08:25 +0000"
    },
    "done": true
  },
  "sophisticatedbackpacks:recipes/misc/upgrade_base": {
    "criteria": {
      "has_leather": "2024-08-09 21:18:55 +0000"
    },
    "done": true
  },
  "minecraft:recipes/redstone/oak_pressure_plate": {
    "criteria": {
      "has_planks": "2024-08-09 20:28:49 +0000"
    },
    "done": true
  },
  "create:recipes/building_blocks/small_dripstone_brick_slab_from_stone_types_dripstone_stonecutting": {
    "criteria": {
      "has_stone_types_dripstone": "2024-08-09 20:47:36 +0000"
    },
    "done": true
  },
  "createdeco:recipes/decorations/orange_shipping_container": {
    "criteria": {
      "has_item": "2024-08-09 22:11:15 +0000"
    },
    "done": true
  },
  "minecraft:recipes/redstone/dropper": {
    "criteria": {
      "has_redstone": "2024-08-09 22:44:23 +0000"
    },
    "done": true
  },
  "supplementaries:recipes/flags/flag_yellow": {
    "criteria": {
      "has_stick": "2024-08-09 20:29:00 +0000"
    },
    "done": true
  },
  "createdeco:recipes/decorations/zinc_bars": {
    "criteria": {
      "has_item": "2024-08-09 22:59:26 +0000"
    },
    "done": true
  },
  "create:recipes/building_blocks/cut_tuff_slab_from_stone_types_tuff_stonecutting": {
    "criteria": {
      "has_stone_types_tuff": "2024-08-09 20:48:39 +0000"
    },
    "done": true
  },
  "supplementaries:recipes/candle_holders/candle_holder": {
    "criteria": {
      "has_iron_ingot": "2024-08-09 20:47:06 +0000"
    },
    "done": true
  },
  "copycats:recipes/misc/stonecutting/copycat_ladder": {
    "criteria": {
      "has_item": "2024-08-09 22:59:26 +0000"
    },
    "done": true
  },
  "minecraft:recipes/decorations/soul_campfire": {
    "criteria": {
      "has_soul_sand": "2024-08-09 22:51:26 +0000"
    },
    "done": true
  },
  "minecraft:recipes/food/cooked_mutton_from_campfire_cooking": {
    "criteria": {
      "has_mutton": "2024-08-09 20:59:20 +0000"
    },
    "done": true
  },
  "minecraft:recipes/building_blocks/yellow_concrete_powder": {
    "criteria": {
      "has_gravel": "2024-08-09 21:07:48 +0000"
    },
    "done": true
  },
  "createdeco:recipes/decorations/blue_shipping_container": {
    "criteria": {
      "has_item": "2024-08-09 22:11:15 +0000"
    },
    "done": true
  },
  "supplementaries:recipes/flags/flag_light_gray": {
    "criteria": {
      "has_stick": "2024-08-09 20:29:00 +0000"
    },
    "done": true
  },
  "create:recipes/misc/crafting/kinetics/hose_pulley": {
    "criteria": {
      "has_item": "2024-08-09 22:58:59 +0000"
    },
    "done": true
  },
  "create:recipes/misc/crafting/curiosities/brown_toolbox": {
    "criteria": {
      "has_item": "2024-08-09 22:11:04 +0000"
    },
    "done": true
  },
  "incendium:infernal_dunes/root": {
    "criteria": {
      "incendium:infernal_dunes": "2024-08-09 22:41:48 +0000"
    },
    "done": true
  },
  "create:recipes/building_blocks/small_tuff_brick_wall_from_stone_types_tuff_stonecutting": {
    "criteria": {
      "has_stone_types_tuff": "2024-08-09 20:48:39 +0000"
    },
    "done": true
  },
  "incendium:technical/using/trailblazer": {
    "criteria": {
      "log_spam_fixer": "2024-08-09 20:25:59 +0000"
    },
    "done": false
  },
  "minecraft:recipes/building_blocks/sandstone": {
    "criteria": {
      "has_sand": "2024-08-09 21:28:54 +0000"
    },
    "done": true
  },
  "copycats:recipes/misc/stonecutting/copycat_board": {
    "criteria": {
      "has_item": "2024-08-09 22:59:26 +0000"
    },
    "done": true
  },
  "create:recipes/building_blocks/dripstone_pillar_from_stone_types_dripstone_stonecutting": {
    "criteria": {
      "has_stone_types_dripstone": "2024-08-09 20:47:36 +0000"
    },
    "done": true
  },
  "create:recipes/building_blocks/cut_calcite_brick_wall_from_stone_types_calcite_stonecutting": {
    "criteria": {
      "has_stone_types_calcite": "2024-08-09 21:08:25 +0000"
    },
    "done": true
  },
  "minecraft:recipes/building_blocks/amethyst_block": {
    "criteria": {
      "has_amethyst_shard": "2024-08-09 21:08:58 +0000"
    },
    "done": true
  },
  "supplementaries:recipes/candle_holders/candle_holder_cyan": {
    "criteria": {
      "has_iron_ingot": "2024-08-09 20:47:06 +0000"
    },
    "done": true
  },
  "minecraft:recipes/building_blocks/gray_concrete_powder": {
    "criteria": {
      "has_gravel": "2024-08-09 21:07:48 +0000"
    },
    "done": true
  },
  "supplementaries:recipes/flags/flag_red": {
    "criteria": {
      "has_stick": "2024-08-09 20:29:00 +0000"
    },
    "done": true
  },
  "minecraft:recipes/tools/iron_axe": {
    "criteria": {
      "has_iron_ingot": "2024-08-09 20:47:06 +0000"
    },
    "done": true
  },
  "create:recipes/building_blocks/oak_window": {
    "criteria": {
      "has_ingredient": "2024-08-09 20:28:49 +0000"
    },
    "done": true
  },
  "createdeco:recipes/building_blocks/copper_window": {
    "criteria": {
      "has_item": "2024-08-09 22:58:59 +0000"
    },
    "done": true
  },
  "minecraft:recipes/building_blocks/nether_brick_slab_from_nether_bricks_stonecutting": {
    "criteria": {
      "has_nether_bricks": "2024-08-09 22:48:28 +0000"
    },
    "done": true
  },
  "minecraft:recipes/misc/iron_nugget_from_blasting": {
    "criteria": {
      "has_iron_pickaxe": "2024-08-09 20:47:28 +0000"
    },
    "done": true
  },
  "minecraft:adventure/kill_a_mob": {
    "criteria": {
      "minecraft:spider": "2024-08-09 22:33:57 +0000"
    },
    "done": true
  },
  "createdeco:recipes/decorations/copper_door": {
    "criteria": {
      "has_item": "2024-08-09 22:58:59 +0000"
    },
    "done": true
  },
  "minecraft:recipes/building_blocks/deepslate_bricks_from_cobbled_deepslate_stonecutting": {
    "criteria": {
      "has_cobbled_deepslate": "2024-08-09 20:39:49 +0000"
    },
    "done": true
  },
  "minecraft:adventure/adventuring_time": {
    "criteria": {
      "minecraft:beach": "2024-08-09 21:23:13 +0000",
      "minecraft:river": "2024-08-09 21:21:30 +0000",
      "minecraft:dripstone_caves": "2024-08-09 20:30:34 +0000",
      "minecraft:forest": "2024-08-09 20:25:59 +0000",
      "minecraft:ocean": "2024-08-09 21:24:09 +0000",
      "minecraft:deep_dark": "2024-08-09 21:09:48 +0000",
      "minecraft:plains": "2024-08-09 21:22:47 +0000"
    },
    "done": false
  },
  "copycats:recipes/misc/stonecutting/copycat_fence": {
    "criteria": {
      "has_item": "2024-08-09 22:59:26 +0000"
    },
    "done": true
  },
  "minecraft:recipes/misc/raw_iron": {
    "criteria": {
      "has_raw_iron_block": "2024-08-09 20:48:46 +0000"
    },
    "done": true
  },
  "supplementaries:recipes/pulley": {
    "criteria": {
      "minecraft:planks": "2024-08-09 20:28:49 +0000"
    },
    "done": true
  },
  "minecraft:recipes/building_blocks/cobblestone_stairs_from_cobblestone_stonecutting": {
    "criteria": {
      "has_cobblestone": "2024-08-09 20:29:15 +0000"
    },
    "done": true
  },
  "copycats:recipes/misc/stonecutting/copycat_byte": {
    "criteria": {
      "has_item": "2024-08-09 22:59:26 +0000"
    },
    "done": true
  },
  "create:recipes/building_blocks/polished_cut_dripstone_slab_from_stone_types_dripstone_stonecutting": {
    "criteria": {
      "has_stone_types_dripstone": "2024-08-09 20:47:36 +0000"
    },
    "done": true
  },
  "minecraft:recipes/tools/golden_hoe": {
    "criteria": {
      "has_gold_ingot": "2024-08-09 22:11:17 +0000"
    },
    "done": true
  },
  "copycats:recipes/misc/stonecutting/copycat_shaft": {
    "criteria": {
      "has_item": "2024-08-09 22:59:26 +0000"
    },
    "done": true
  },
  "ad_astra:recipes/misc/compressor": {
    "criteria": {
      "has_compressor": "2024-08-09 20:47:06 +0000"
    },
    "done": true
  },
  "minecraft:husbandry/balanced_diet": {
    "criteria": {
      "cooked_mutton": "2024-08-09 21:00:44 +0000",
      "cooked_beef": "2024-08-09 22:28:08 +0000",
      "apple": "2024-08-09 21:33:45 +0000",
      "bread": "2024-08-09 21:24:49 +0000",
      "cooked_chicken": "2024-08-09 21:57:08 +0000"
    },
    "done": false
  },
  "create:recipes/building_blocks/cut_dripstone_brick_stairs_from_stone_types_dripstone_stonecutting": {
    "criteria": {
      "has_stone_types_dripstone": "2024-08-09 20:47:36 +0000"
    },
    "done": true
  },
  "supplementaries:recipes/gold_door": {
    "criteria": {
      "has_gold_ingot": "2024-08-09 22:11:17 +0000"
    },
    "done": true
  },
  "create:recipes/misc/crafting/materials/zinc_nugget_from_decompacting": {
    "criteria": {
      "has_item": "2024-08-09 22:59:26 +0000"
    },
    "done": true
  },
  "minecraft:recipes/building_blocks/deepslate_tiles_from_cobbled_deepslate_stonecutting": {
    "criteria": {
      "has_cobbled_deepslate": "2024-08-09 20:39:49 +0000"
    },
    "done": true
  },
  "create:recipes/building_blocks/cut_tuff_bricks_from_stone_types_tuff_stonecutting": {
    "criteria": {
      "has_stone_types_tuff": "2024-08-09 20:48:39 +0000"
    },
    "done": true
  },
  "minecraft:recipes/decorations/enchanting_table": {
    "criteria": {
      "has_obsidian": "2024-08-09 22:32:50 +0000"
    },
    "done": true
  },
  "create:recipes/misc/crafting/materials/rose_quartz": {
    "criteria": {
      "has_item": "2024-08-09 22:44:23 +0000"
    },
    "done": true
  },
  "minecraft:recipes/tools/stone_hoe": {
    "criteria": {
      "has_cobblestone": "2024-08-09 20:29:15 +0000"
    },
    "done": true
  },
  "createdeco:recipes/decorations/iron_catwalk_railing_forge": {
    "criteria": {
      "has_item": "2024-08-09 22:11:15 +0000"
    },
    "done": true
  },
  "create:recipes/misc/crafting/materials/raw_zinc_block": {
    "criteria": {
      "has_item": "2024-08-09 22:58:34 +0000"
    },
    "done": true
  },
  "minecraft:recipes/tools/diamond_axe": {
    "criteria": {
      "has_diamond": "2024-08-09 20:47:31 +0000"
    },
    "done": true
  },
  "copycats:recipes/misc/stonecutting/copycat_half_layer": {
    "criteria": {
      "has_item": "2024-08-09 22:59:26 +0000"
    },
    "done": true
  },
  "createdeco:recipes/decorations/iron_mesh_fence": {
    "criteria": {
      "has_item": "2024-08-09 22:11:15 +0000"
    },
    "done": true
  },
  "createdeco:recipes/decorations/copper_catwalk_railing_from_stonecutting": {
    "criteria": {
      "has_item": "2024-08-09 22:58:59 +0000"
    },
    "done": true
  },
  "rechiseled:recipes/misc/chisel": {
    "criteria": {
      "recipe_condition": "2024-08-09 20:47:06 +0000"
    },
    "done": true
  },
  "create:recipes/building_blocks/small_dripstone_brick_wall_from_stone_types_dripstone_stonecutting": {
    "criteria": {
      "has_stone_types_dripstone": "2024-08-09 20:47:36 +0000"
    },
    "done": true
  },
  "createdeco:recipes/decorations/zinc_trapdoor": {
    "criteria": {
      "has_item": "2024-08-09 22:59:26 +0000"
    },
    "done": true
  },
  "minecraft:story/root": {
    "criteria": {
      "crafting_table": "2024-08-09 20:28:52 +0000"
    },
    "done": true
  },
  "supplementaries:recipes/candle_holders/candle_holder_yellow": {
    "criteria": {
      "has_iron_ingot": "2024-08-09 20:47:06 +0000"
    },
    "done": true
  },
  "create:recipes/building_blocks/industrial_iron_block_from_ingots_iron_stonecutting": {
    "criteria": {
      "has_ingots_iron": "2024-08-09 20:47:06 +0000"
    },
    "done": true
  },
  "createdeco:recipes/building_blocks/zinc_window": {
    "criteria": {
      "has_item": "2024-08-09 22:59:26 +0000"
    },
    "done": true
  },
  "minecraft:recipes/redstone/iron_door": {
    "criteria": {
      "has_iron_ingot": "2024-08-09 20:47:06 +0000"
    },
    "done": true
  },
  "minecraft:recipes/misc/copper_ingot_from_smelting_raw_copper": {
    "criteria": {
      "has_raw_copper": "2024-08-09 20:37:35 +0000"
    },
    "done": true
  },
  "create:recipes/building_blocks/cut_tuff_wall_from_stone_types_tuff_stonecutting": {
    "criteria": {
      "has_stone_types_tuff": "2024-08-09 20:48:39 +0000"
    },
    "done": true
  },
  "copycats:recipes/misc/crafting/copycat_cogwheel": {
    "criteria": {
      "has_item": "2024-08-09 22:21:08 +0000"
    },
    "done": true
  },
  "minecraft:recipes/transportation/dark_oak_boat": {
    "criteria": {
      "in_water": "2024-08-09 20:38:32 +0000"
    },
    "done": true
  },
  "supplementaries:recipes/flags/flag_lime": {
    "criteria": {
      "has_stick": "2024-08-09 20:29:00 +0000"
    },
    "done": true
  },
  "minecraft:recipes/combat/golden_leggings": {
    "criteria": {
      "has_gold_ingot": "2024-08-09 22:11:17 +0000"
    },
    "done": true
  },
  "minecraft:recipes/redstone/piston": {
    "criteria": {
      "has_redstone": "2024-08-09 22:44:23 +0000"
    },
    "done": true
  },
  "minecraft:recipes/food/cooked_beef_from_campfire_cooking": {
    "criteria": {
      "has_beef": "2024-08-09 21:18:47 +0000"
    },
    "done": true
  },
  "createdeco:recipes/decorations/iron_support_wedge": {
    "criteria": {
      "has_item": "2024-08-09 22:11:15 +0000"
    },
    "done": true
  },
  "DataVersion": 3465
}