{
  "jujutsucraft:jujutsu_craft_skills": {
    "criteria": {
      "jujutsu_craft_skills_0": "2024-09-27 01:03:16 +0000"
    },
    "done": true
  },
  "jujutsucraft:skill_divine_dog_totality": {
    "criteria": {
      "skill_divine_dog_totality_0": "2024-09-27 01:03:16 +0000"
    },
    "done": true
  },
  "minecraft:recipes/decorations/crafting_table": {
    "criteria": {
      "unlock_right_away": "2024-09-27 01:03:16 +0000"
    },
    "done": true
  },
  "minecraft:recipes/decorations/chest": {
    "criteria": {
      "has_lots_of_items": "2024-09-27 01:03:16 +0000"
    },
    "done": true
  },
  "jujutsucraft:battle_advancements": {
    "criteria": {
      "battle_advancements_0": "2024-09-27 01:03:16 +0000"
    },
    "done": true
  },
  "jujutsucraftaddon:welcome_to_jujutsu_plus": {
    "criteria": {
      "welcome_to_jujutsu_plus_0": "2024-09-27 01:03:16 +0000"
    },
    "done": true
  },
  "jujutsucraft:skill_merged_beast_agito": {
    "criteria": {
      "skill_merged_beast_agito_0": "2024-09-27 01:03:16 +0000"
    },
    "done": true
  },
  "jujutsucraft:start_jujutsu_craft": {
    "criteria": {
      "start_jujutsu_craft_0": "2024-09-27 01:03:16 +0000"
    },
    "done": true
  },
  "minecraft:adventure/adventuring_time": {
    "criteria": {
      "minecraft:taiga": "2024-09-27 01:23:52 +0000",
      "minecraft:birch_forest": "2024-09-27 01:05:27 +0000",
      "minecraft:beach": "2024-09-27 01:43:51 +0000",
      "minecraft:dark_forest": "2024-09-27 01:21:26 +0000",
      "minecraft:river": "2024-09-27 01:05:07 +0000",
      "minecraft:dripstone_caves": "2024-09-27 02:45:04 +0000",
      "minecraft:forest": "2024-09-27 01:03:23 +0000",
      "minecraft:ocean": "2024-09-27 05:27:03 +0000",
      "minecraft:old_growth_birch_forest": "2024-09-27 01:05:05 +0000",
      "minecraft:meadow": "2024-09-27 05:22:07 +0000",
      "minecraft:plains": "2024-09-27 01:42:58 +0000"
    },
    "done": false
  },
  "jujutsucraft:skill_gojo": {
    "criteria": {
      "skill_gojo_0": "2024-09-27 01:04:21 +0000"
    },
    "done": true
  },
  "jujutsucraft:skill_cursed_technique_lapse_blue": {
    "criteria": {
      "skill_cursed_technique_lapse_blue_0": "2024-09-27 01:04:21 +0000"
    },
    "done": true
  },
  "jujutsucraft:advancement_insect": {
    "criteria": {
      "advancement_insect_0": "2024-09-27 01:04:28 +0000"
    },
    "done": true
  },
  "minecraft:recipes/transportation/cherry_boat": {
    "criteria": {
      "in_water": "2024-09-27 01:05:13 +0000"
    },
    "done": true
  },
  "minecraft:recipes/transportation/bamboo_raft": {
    "criteria": {
      "in_water": "2024-09-27 01:05:13 +0000"
    },
    "done": true
  },
  "minecraft:recipes/transportation/spruce_boat": {
    "criteria": {
      "in_water": "2024-09-27 01:05:13 +0000"
    },
    "done": true
  },
  "minecraft:recipes/transportation/birch_boat": {
    "criteria": {
      "in_water": "2024-09-27 01:05:13 +0000"
    },
    "done": true
  },
  "minecraft:recipes/transportation/oak_boat": {
    "criteria": {
      "in_water": "2024-09-27 01:05:13 +0000"
    },
    "done": true
  },
  "minecraft:recipes/transportation/mangrove_boat": {
    "criteria": {
      "in_water": "2024-09-27 01:05:13 +0000"
    },
    "done": true
  },
  "minecraft:recipes/transportation/acacia_boat": {
    "criteria": {
      "in_water": "2024-09-27 01:05:13 +0000"
    },
    "done": true
  },
  "minecraft:recipes/transportation/jungle_boat": {
    "criteria": {
      "in_water": "2024-09-27 01:05:13 +0000"
    },
    "done": true
  },
  "minecraft:recipes/transportation/dark_oak_boat": {
    "criteria": {
      "in_water": "2024-09-27 01:05:13 +0000"
    },
    "done": true
  },
  "minecraft:adventure/root": {
    "criteria": {
      "killed_something": "2024-09-27 01:05:50 +0000"
    },
    "done": true
  },
  "minecraft:recipes/combat/leather_helmet": {
    "criteria": {
      "has_leather": "2024-09-27 01:05:51 +0000"
    },
    "done": true
  },
  "minecraft:recipes/combat/leather_leggings": {
    "criteria": {
      "has_leather": "2024-09-27 01:05:51 +0000"
    },
    "done": true
  },
  "minecraft:recipes/combat/leather_chestplate": {
    "criteria": {
      "has_leather": "2024-09-27 01:05:51 +0000"
    },
    "done": true
  },
  "minecraft:recipes/misc/leather_horse_armor": {
    "criteria": {
      "has_leather": "2024-09-27 01:05:51 +0000"
    },
    "done": true
  },
  "sophisticatedbackpacks:recipes/misc/backpack": {
    "criteria": {
      "has_leather": "2024-09-27 01:05:51 +0000"
    },
    "done": true
  },
  "minecraft:recipes/decorations/item_frame": {
    "criteria": {
      "has_leather": "2024-09-27 01:05:51 +0000"
    },
    "done": true
  },
  "sophisticatedbackpacks:recipes/misc/upgrade_base": {
    "criteria": {
      "has_leather": "2024-09-27 01:05:51 +0000"
    },
    "done": true
  },
  "minecraft:recipes/combat/leather_boots": {
    "criteria": {
      "has_leather": "2024-09-27 01:05:51 +0000"
    },
    "done": true
  },
  "minecraft:recipes/food/cooked_beef_from_smoking": {
    "criteria": {
      "has_beef": "2024-09-27 01:05:52 +0000"
    },
    "done": true
  },
  "minecraft:recipes/food/cooked_beef": {
    "criteria": {
      "has_beef": "2024-09-27 01:05:52 +0000"
    },
    "done": true
  },
  "minecraft:recipes/food/cooked_beef_from_campfire_cooking": {
    "criteria": {
      "has_beef": "2024-09-27 01:05:52 +0000"
    },
    "done": true
  },
  "jujutsucraft:fame_4": {
    "criteria": {
      "fame_4_0": "2024-09-27 01:10:28 +0000"
    },
    "done": true
  },
  "jujutsucraft:fame_3": {
    "criteria": {
      "fame_3_0": "2024-09-27 01:11:04 +0000"
    },
    "done": true
  },
  "jujutsucraft:battle_mimiko_nanako": {
    "criteria": {
      "battle_mimiko_nanako_0": "2024-09-27 01:13:43 +0000"
    },
    "done": true
  },
  "minecraft:recipes/decorations/painting": {
    "criteria": {
      "has_wool": "2024-09-27 01:14:32 +0000"
    },
    "done": true
  },
  "minecraft:recipes/decorations/white_carpet": {
    "criteria": {
      "has_white_wool": "2024-09-27 01:14:32 +0000"
    },
    "done": true
  },
  "minecraft:recipes/decorations/white_banner": {
    "criteria": {
      "has_white_wool": "2024-09-27 01:14:32 +0000"
    },
    "done": true
  },
  "minecraft:recipes/decorations/white_bed": {
    "criteria": {
      "has_white_wool": "2024-09-27 01:14:32 +0000"
    },
    "done": true
  },
  "jujutsucraft:advancement_six_eyes": {
    "criteria": {
      "advancement_six_eyes_0": "2024-09-27 01:17:14 +0000"
    },
    "done": true
  },
  "jujutsucraft:skill_infinity": {
    "criteria": {
      "skill_infinity_0": "2024-09-27 01:17:14 +0000"
    },
    "done": true
  },
  "minecraft:end/levitate": {
    "criteria": {
      "levitated": "2024-09-27 01:17:34 +0000"
    },
    "done": true
  },
  "jujutsucraft:mastery_simple_domain": {
    "criteria": {
      "mastery_simple_domain_0": "2024-09-27 01:20:44 +0000"
    },
    "done": true
  },
  "jujutsucraft:black_flash": {
    "criteria": {
      "black_flash_0": "2024-09-27 01:20:44 +0000"
    },
    "done": true
  },
  "jujutsucraft:sorcerer_grade_4": {
    "criteria": {
      "sorcerer_grade_4_0": "2024-09-27 01:20:49 +0000"
    },
    "done": true
  },
  "jujutsucraft:fame_2": {
    "criteria": {
      "fame_2_0": "2024-09-27 01:20:49 +0000"
    },
    "done": true
  },
  "jujutsucraft:fame_1": {
    "criteria": {
      "fame_1_0": "2024-09-27 01:20:49 +0000"
    },
    "done": true
  },
  "jujutsucraft:junpei_yoshino": {
    "criteria": {
      "junpei_yoshino_0": "2024-09-27 01:29:51 +0000"
    },
    "done": true
  },
  "minecraft:recipes/decorations/ladder": {
    "criteria": {
      "has_stick": "2024-09-27 01:35:10 +0000"
    },
    "done": true
  },
  "minecraft:recipes/tools/wooden_axe": {
    "criteria": {
      "has_stick": "2024-09-27 01:35:10 +0000"
    },
    "done": true
  },
  "minecraft:recipes/decorations/campfire": {
    "criteria": {
      "has_stick": "2024-09-27 01:35:10 +0000"
    },
    "done": true
  },
  "minecraft:recipes/tools/wooden_hoe": {
    "criteria": {
      "has_stick": "2024-09-27 01:35:10 +0000"
    },
    "done": true
  },
  "minecraft:recipes/tools/wooden_pickaxe": {
    "criteria": {
      "has_stick": "2024-09-27 01:35:10 +0000"
    },
    "done": true
  },
  "minecraft:recipes/tools/wooden_shovel": {
    "criteria": {
      "has_stick": "2024-09-27 01:35:10 +0000"
    },
    "done": true
  },
  "minecraft:recipes/combat/wooden_sword": {
    "criteria": {
      "has_stick": "2024-09-27 01:35:10 +0000"
    },
    "done": true
  },
  "minecraft:recipes/misc/black_dye": {
    "criteria": {
      "has_ink_sac": "2024-09-27 01:38:21 +0000"
    },
    "done": true
  },
  "minecraft:recipes/food/cooked_salmon": {
    "criteria": {
      "has_salmon": "2024-09-27 01:38:28 +0000"
    },
    "done": true
  },
  "minecraft:recipes/food/cooked_salmon_from_smoking": {
    "criteria": {
      "has_salmon": "2024-09-27 01:38:28 +0000"
    },
    "done": true
  },
  "minecraft:recipes/food/cooked_salmon_from_campfire_cooking": {
    "criteria": {
      "has_salmon": "2024-09-27 01:38:28 +0000"
    },
    "done": true
  },
  "minecraft:recipes/food/cooked_mutton_from_smoking": {
    "criteria": {
      "has_mutton": "2024-09-27 01:40:42 +0000"
    },
    "done": true
  },
  "minecraft:recipes/food/cooked_mutton": {
    "criteria": {
      "has_mutton": "2024-09-27 01:40:42 +0000"
    },
    "done": true
  },
  "minecraft:recipes/food/cooked_mutton_from_campfire_cooking": {
    "criteria": {
      "has_mutton": "2024-09-27 01:40:42 +0000"
    },
    "done": true
  },
  "minecraft:recipes/building_blocks/dark_oak_planks": {
    "criteria": {
      "has_log": "2024-09-27 01:44:36 +0000"
    },
    "done": true
  },
  "minecraft:recipes/misc/charcoal": {
    "criteria": {
      "has_log": "2024-09-27 01:44:36 +0000"
    },
    "done": true
  },
  "jujutsucraft:sorcerer_grade_3": {
    "criteria": {
      "sorcerer_grade_3_0": "2024-09-27 01:45:59 +0000"
    },
    "done": true
  },
  "minecraft:recipes/combat/arrow": {
    "criteria": {
      "has_feather": "2024-09-27 02:13:02 +0000"
    },
    "done": true
  },
  "minecraft:recipes/food/cooked_chicken_from_campfire_cooking": {
    "criteria": {
      "has_chicken": "2024-09-27 02:13:09 +0000"
    },
    "done": true
  },
  "minecraft:recipes/food/cooked_chicken": {
    "criteria": {
      "has_chicken": "2024-09-27 02:13:09 +0000"
    },
    "done": true
  },
  "minecraft:recipes/food/cooked_chicken_from_smoking": {
    "criteria": {
      "has_chicken": "2024-09-27 02:13:09 +0000"
    },
    "done": true
  },
  "jujutsucraft:battle_cursed_spirit_grade_special_16": {
    "criteria": {
      "battle_cursed_spirit_grade_special_16_0": "2024-09-27 02:13:33 +0000"
    },
    "done": true
  },
  "jujutsucraft:fame_special": {
    "criteria": {
      "fame_special_0": "2024-09-27 02:13:33 +0000"
    },
    "done": true
  },
  "minecraft:recipes/building_blocks/light_gray_concrete_powder": {
    "criteria": {
      "has_sand": "2024-09-27 02:14:48 +0000"
    },
    "done": true
  },
  "minecraft:recipes/building_blocks/pink_concrete_powder": {
    "criteria": {
      "has_sand": "2024-09-27 02:14:48 +0000"
    },
    "done": true
  },
  "minecraft:recipes/building_blocks/red_concrete_powder": {
    "criteria": {
      "has_sand": "2024-09-27 02:14:48 +0000"
    },
    "done": true
  },
  "minecraft:recipes/building_blocks/brown_concrete_powder": {
    "criteria": {
      "has_sand": "2024-09-27 02:14:48 +0000"
    },
    "done": true
  },
  "minecraft:recipes/building_blocks/light_blue_concrete_powder": {
    "criteria": {
      "has_sand": "2024-09-27 02:14:48 +0000"
    },
    "done": true
  },
  "minecraft:recipes/building_blocks/glass": {
    "criteria": {
      "has_smelts_to_glass": "2024-09-27 02:14:48 +0000"
    },
    "done": true
  },
  "minecraft:recipes/building_blocks/green_concrete_powder": {
    "criteria": {
      "has_sand": "2024-09-27 02:14:48 +0000"
    },
    "done": true
  },
  "minecraft:recipes/building_blocks/blue_concrete_powder": {
    "criteria": {
      "has_sand": "2024-09-27 02:14:48 +0000"
    },
    "done": true
  },
  "minecraft:recipes/building_blocks/white_concrete_powder": {
    "criteria": {
      "has_sand": "2024-09-27 02:14:48 +0000"
    },
    "done": true
  },
  "minecraft:recipes/building_blocks/lime_concrete_powder": {
    "criteria": {
      "has_sand": "2024-09-27 02:14:48 +0000"
    },
    "done": true
  },
  "minecraft:recipes/building_blocks/orange_concrete_powder": {
    "criteria": {
      "has_sand": "2024-09-27 02:14:48 +0000"
    },
    "done": true
  },
  "minecraft:recipes/building_blocks/magenta_concrete_powder": {
    "criteria": {
      "has_sand": "2024-09-27 02:14:48 +0000"
    },
    "done": true
  },
  "minecraft:recipes/building_blocks/yellow_concrete_powder": {
    "criteria": {
      "has_sand": "2024-09-27 02:14:48 +0000"
    },
    "done": true
  },
  "minecraft:recipes/building_blocks/sandstone": {
    "criteria": {
      "has_sand": "2024-09-27 02:14:48 +0000"
    },
    "done": true
  },
  "minecraft:recipes/building_blocks/gray_concrete_powder": {
    "criteria": {
      "has_sand": "2024-09-27 02:14:48 +0000"
    },
    "done": true
  },
  "minecraft:recipes/building_blocks/black_concrete_powder": {
    "criteria": {
      "has_sand": "2024-09-27 02:14:48 +0000"
    },
    "done": true
  },
  "minecraft:recipes/building_blocks/purple_concrete_powder": {
    "criteria": {
      "has_sand": "2024-09-27 02:14:48 +0000"
    },
    "done": true
  },
  "minecraft:recipes/building_blocks/cyan_concrete_powder": {
    "criteria": {
      "has_sand": "2024-09-27 02:14:48 +0000"
    },
    "done": true
  },
  "jujutsucraft:sorcerer_grade_2_semi": {
    "criteria": {
      "sorcerer_grade_2_semi_0": "2024-09-27 02:21:07 +0000"
    },
    "done": true
  },
  "jujutsucraft:battle_haruta_shigemo": {
    "criteria": {
      "battle_haruta_shigemo_0": "2024-09-27 02:24:53 +0000"
    },
    "done": true
  },
  "jujutsucraft:battle_takuma_ino": {
    "criteria": {
      "battle_takuma_ino_0": "2024-09-27 02:31:16 +0000"
    },
    "done": true
  },
  "jujutsucraft:battle_maki_zenin": {
    "criteria": {
      "battle_maki_zenin_0": "2024-09-27 02:31:28 +0000"
    },
    "done": true
  },
  "jujutsucraft:battle_chojuro_zenin": {
    "criteria": {
      "battle_chojuro_zenin_0": "2024-09-27 02:31:40 +0000"
    },
    "done": true
  },
  "jujutsucraft:sorcerer_grade_2": {
    "criteria": {
      "sorcerer_grade_2_0": "2024-09-27 02:32:50 +0000"
    },
    "done": true
  },
  "jujutsucraft:skill_high_speed": {
    "criteria": {
      "skill_high_speed_0": "2024-09-27 02:32:50 +0000"
    },
    "done": true
  },
  "jujutsucraft:battle_toji_fushiguro": {
    "criteria": {
      "battle_toji_fushiguro_0": "2024-09-27 02:33:00 +0000"
    },
    "done": true
  },
  "jujutsucraft:battle_takako_uro": {
    "criteria": {
      "battle_takako_uro_0": "2024-09-27 02:33:01 +0000"
    },
    "done": true
  },
  "jujutsucraft:battle_nobara_kugisaki": {
    "criteria": {
      "battle_nobara_kugisaki_0": "2024-09-27 02:33:32 +0000"
    },
    "done": true
  },
  "jujutsucraft:battle_cursed_spirit_grade_special_15": {
    "criteria": {
      "battle_cursed_spirit_grade_special_15_0": "2024-09-27 02:34:17 +0000"
    },
    "done": true
  },
  "jujutsucraft:mastery_domain_expansion": {
    "criteria": {
      "mastery_domain_expansion_0": "2024-09-27 02:34:36 +0000"
    },
    "done": true
  },
  "jujutsucraft:battle_larue": {
    "criteria": {
      "battle_larue_0": "2024-09-27 02:35:23 +0000"
    },
    "done": true
  },
  "jujutsucraft:battle_yuki_tsukumo": {
    "criteria": {
      "battle_yuki_tsukumo_0": "2024-09-27 02:39:16 +0000"
    },
    "done": true
  },
  "jujutsucraft:battle_miguel_1": {
    "criteria": {
      "battle_miguel_1_0": "2024-09-27 02:40:06 +0000"
    },
    "done": true
  },
  "jujutsucraft:sorcerer_grade_1_semi": {
    "criteria": {
      "sorcerer_grade_1_semi_0": "2024-09-27 02:40:06 +0000"
    },
    "done": true
  },
  "jujutsucraft:battle_kechizu": {
    "criteria": {
      "battle_kechizu_0": "2024-09-27 02:44:46 +0000"
    },
    "done": true
  },
  "jujutsucraft:skill_dismantle": {
    "criteria": {
      "skill_dismantle_0": "2024-09-27 02:48:12 +0000"
    },
    "done": true
  },
  "jujutsucraft:skill_sukuna": {
    "criteria": {
      "skill_sukuna_0": "2024-09-27 02:48:12 +0000"
    },
    "done": true
  },
  "jujutsucraft:skill_cleave": {
    "criteria": {
      "skill_cleave_0": "2024-09-27 02:48:12 +0000"
    },
    "done": true
  },
  "jujutsucraft:skill_open": {
    "criteria": {
      "skill_open_0": "2024-09-27 02:48:12 +0000"
    },
    "done": true
  },
  "jujutsucraft:reverse_cursed_technique_1": {
    "criteria": {
      "reverse_cursed_technique_1_0": "2024-09-27 02:54:16 +0000"
    },
    "done": true
  },
  "jujutsucraft:reverse_cursed_technique_2": {
    "criteria": {
      "reverse_cursed_technique_2_0": "2024-09-27 02:55:16 +0000"
    },
    "done": true
  },
  "jujutsucraft:battle_toshihisa_negi": {
    "criteria": {
      "battle_toshihisa_negi_0": "2024-09-27 02:56:27 +0000"
    },
    "done": true
  },
  "jujutsucraft:mastery_domain_amplification": {
    "criteria": {
      "mastery_domain_amplification_0": "2024-09-27 02:58:15 +0000"
    },
    "done": true
  },
  "jujutsucraft:battle_cursed_spirit_grade_special_6": {
    "criteria": {
      "battle_cursed_spirit_grade_special_6_0": "2024-09-27 04:14:44 +0000"
    },
    "done": true
  },
  "jujutsucraft:battle_noritoshi_kamo": {
    "criteria": {
      "battle_noritoshi_kamo_0": "2024-09-27 04:15:12 +0000"
    },
    "done": true
  },
  "jujutsucraft:sorcerer_grade_1": {
    "criteria": {
      "sorcerer_grade_1_0": "2024-09-27 04:16:02 +0000"
    },
    "done": true
  },
  "jujutsucraft:skill_cursed_technique_reversal_red": {
    "criteria": {
      "skill_cursed_technique_reversal_red_0": "2024-09-27 04:16:02 +0000"
    },
    "done": true
  },
  "jujutsucraft:skill_strike_strengthening": {
    "criteria": {
      "skill_strike_strengthening_0": "2024-09-27 04:16:02 +0000"
    },
    "done": true
  },
  "jujutsucraft:skill_hollow_technique_purple": {
    "criteria": {
      "skill_hollow_technique_purple_0": "2024-09-27 04:16:02 +0000"
    },
    "done": true
  },
  "jujutsucraft:battle_cursed_spirit_grade_special_10": {
    "criteria": {
      "battle_cursed_spirit_grade_special_10_0": "2024-09-27 04:20:43 +0000"
    },
    "done": true
  },
  "jujutsucraft:battle_yorozu": {
    "criteria": {
      "battle_yorozu_0": "2024-09-27 04:33:54 +0000"
    },
    "done": true
  },
  "jujutsucraft:battle_satoru_gojo_2": {
    "criteria": {
      "battle_satoru_gojo_2_0": "2024-09-27 04:37:46 +0000"
    },
    "done": true
  },
  "jujutsucraft:battle_aoi_todo": {
    "criteria": {
      "battle_aoi_todo_0": "2024-09-27 04:40:02 +0000"
    },
    "done": true
  },
  "jujutsucraft:battle_megumi_fushiguro_shibuya": {
    "criteria": {
      "battle_megumi_fushiguro_shibuya_0": "2024-09-27 04:41:18 +0000"
    },
    "done": true
  },
  "jujutsucraft:battle_momo_nishimiya": {
    "criteria": {
      "battle_momo_nishimiya_0": "2024-09-27 04:42:19 +0000"
    },
    "done": true
  },
  "jujutsucraft:update": {
    "criteria": {
      "update_0": "2024-09-27 05:30:55 +0000"
    },
    "done": true
  },
  "minecraft:recipes/building_blocks/stone_bricks": {
    "criteria": {
      "has_stone": "2024-09-27 04:48:09 +0000"
    },
    "done": true
  },
  "minecraft:recipes/building_blocks/coarse_dirt": {
    "criteria": {
      "has_gravel": "2024-09-27 04:53:33 +0000"
    },
    "done": true
  },
  "minecraft:recipes/misc/copper_ingot_from_smelting_copper_ore": {
    "criteria": {
      "has_copper_ore": "2024-09-27 04:53:36 +0000"
    },
    "done": true
  },
  "jujutsucraft:battle_cursed_spirit_grade_special_9": {
    "criteria": {
      "battle_cursed_spirit_grade_special_9_0": "2024-09-27 05:16:22 +0000"
    },
    "done": true
  },
  "jujutsucraft:battle_cursed_spirit_grade_special_1": {
    "criteria": {
      "battle_cursed_spirit_grade_special_1_0": "2024-09-27 05:27:47 +0000"
    },
    "done": true
  },
  "minecraft:recipes/building_blocks/andesite_stairs": {
    "criteria": {
      "has_andesite": "2024-09-27 04:53:06 +0000"
    },
    "done": true
  },
  "minecraft:recipes/building_blocks/stone_bricks_from_stone_stonecutting": {
    "criteria": {
      "has_stone": "2024-09-27 04:48:09 +0000"
    },
    "done": true
  },
  "minecraft:recipes/building_blocks/stone_slab": {
    "criteria": {
      "has_stone": "2024-09-27 04:48:09 +0000"
    },
    "done": true
  },
  "jujutsucraft:battle_hanami": {
    "criteria": {
      "battle_hanami_0": "2024-09-27 05:23:05 +0000"
    },
    "done": true
  },
  "minecraft:recipes/decorations/andesite_wall_from_andesite_stonecutting": {
    "criteria": {
      "has_andesite": "2024-09-27 04:53:06 +0000"
    },
    "done": true
  },
  "minecraft:recipes/building_blocks/stone_stairs_from_stone_stonecutting": {
    "criteria": {
      "has_stone": "2024-09-27 04:48:09 +0000"
    },
    "done": true
  },
  "minecraft:recipes/building_blocks/polished_andesite_slab_from_andesite_stonecutting": {
    "criteria": {
      "has_andesite": "2024-09-27 04:53:06 +0000"
    },
    "done": true
  },
  "jujutsucraft:sorcerer_grade_special": {
    "criteria": {
      "sorcerer_grade_special_0": "2024-09-27 04:48:20 +0000"
    },
    "done": true
  },
  "jujutsucraft:battle_yuji_itadori": {
    "criteria": {
      "battle_yuji_itadori_0": "2024-09-27 05:30:03 +0000"
    },
    "done": true
  },
  "minecraft:recipes/redstone/stone_button": {
    "criteria": {
      "has_stone": "2024-09-27 04:48:09 +0000"
    },
    "done": true
  },
  "minecraft:recipes/decorations/stonecutter": {
    "criteria": {
      "has_stone": "2024-09-27 04:48:09 +0000"
    },
    "done": true
  },
  "minecraft:recipes/redstone/stone_pressure_plate": {
    "criteria": {
      "has_stone": "2024-09-27 04:48:09 +0000"
    },
    "done": true
  },
  "minecraft:recipes/building_blocks/smooth_stone": {
    "criteria": {
      "has_stone": "2024-09-27 04:48:09 +0000"
    },
    "done": true
  },
  "minecraft:recipes/building_blocks/andesite_slab_from_andesite_stonecutting": {
    "criteria": {
      "has_andesite": "2024-09-27 04:53:06 +0000"
    },
    "done": true
  },
  "minecraft:recipes/decorations/stone_brick_walls_from_stone_stonecutting": {
    "criteria": {
      "has_stone": "2024-09-27 04:48:09 +0000"
    },
    "done": true
  },
  "jujutsucraft:battle_dagon": {
    "criteria": {
      "battle_dagon_0": "2024-09-27 05:20:44 +0000"
    },
    "done": true
  },
  "minecraft:recipes/building_blocks/stone_brick_slab_from_stone_stonecutting": {
    "criteria": {
      "has_stone": "2024-09-27 04:48:09 +0000"
    },
    "done": true
  },
  "minecraft:recipes/building_blocks/andesite_stairs_from_andesite_stonecutting": {
    "criteria": {
      "has_andesite": "2024-09-27 04:53:06 +0000"
    },
    "done": true
  },
  "minecraft:recipes/building_blocks/stone_brick_stairs_from_stone_stonecutting": {
    "criteria": {
      "has_stone": "2024-09-27 04:48:09 +0000"
    },
    "done": true
  },
  "minecraft:recipes/building_blocks/stone_slab_from_stone_stonecutting": {
    "criteria": {
      "has_stone": "2024-09-27 04:48:09 +0000"
    },
    "done": true
  },
  "minecraft:recipes/building_blocks/polished_andesite_from_andesite_stonecutting": {
    "criteria": {
      "has_andesite": "2024-09-27 04:53:06 +0000"
    },
    "done": true
  },
  "minecraft:recipes/building_blocks/polished_andesite": {
    "criteria": {
      "has_andesite": "2024-09-27 04:53:06 +0000"
    },
    "done": true
  },
  "jujutsucraft:battle_mahito": {
    "criteria": {
      "battle_mahito_0": "2024-09-27 04:53:43 +0000"
    },
    "done": true
  },
  "jujutsucraft:battle_jogo": {
    "criteria": {
      "battle_jogo_0": "2024-09-27 05:18:08 +0000"
    },
    "done": true
  },
  "minecraft:recipes/building_blocks/chiseled_stone_bricks_stone_from_stonecutting": {
    "criteria": {
      "has_stone": "2024-09-27 04:48:09 +0000"
    },
    "done": true
  },
  "minecraft:recipes/decorations/andesite_wall": {
    "criteria": {
      "has_andesite": "2024-09-27 04:53:06 +0000"
    },
    "done": true
  },
  "minecraft:recipes/building_blocks/andesite_slab": {
    "criteria": {
      "has_andesite": "2024-09-27 04:53:06 +0000"
    },
    "done": true
  },
  "minecraft:recipes/building_blocks/polished_andesite_stairs_from_andesite_stonecutting": {
    "criteria": {
      "has_andesite": "2024-09-27 04:53:06 +0000"
    },
    "done": true
  },
  "minecraft:recipes/misc/copper_ingot_from_blasting_copper_ore": {
    "criteria": {
      "has_copper_ore": "2024-09-27 04:53:36 +0000"
    },
    "done": true
  },
  "minecraft:recipes/building_blocks/stone_stairs": {
    "criteria": {
      "has_stone": "2024-09-27 04:48:09 +0000"
    },
    "done": true
  },
  "DataVersion": 3465
}